# Blender 5.2.0 LTS
# www.blender.org
mtllib ghost.mtl
o ghostwhole
v 0.107440 0.478125 -0.715453
v 0.112806 0.505434 -0.583511
v 0.095233 0.471753 -0.576091
v 0.107440 0.478125 -0.715453
v 0.095233 0.471753 -0.576091
v 0.090668 0.445979 -0.708372
v 0.090668 0.445979 -0.708372
v 0.099054 0.462052 -0.711912
v 0.107440 0.478125 -0.715453
v 0.090668 0.445979 -0.708372
v 0.095233 0.471753 -0.576091
v 0.067863 0.445024 -0.570203
v 0.090668 0.445979 -0.708372
v 0.067863 0.445024 -0.570203
v 0.064546 0.420469 -0.702752
v 0.064546 0.420469 -0.702752
v 0.077607 0.433224 -0.705562
v 0.090668 0.445979 -0.708372
v 0.064546 0.420469 -0.702752
v 0.067863 0.445024 -0.570203
v 0.033374 0.427863 -0.566422
v 0.064546 0.420469 -0.702752
v 0.033374 0.427863 -0.566422
v 0.031631 0.404090 -0.699144
v 0.031631 0.404090 -0.699144
v 0.048088 0.412279 -0.700948
v 0.064546 0.420469 -0.702752
v 0.031631 0.404090 -0.699144
v 0.033374 0.427863 -0.566422
v -0.004857 0.421949 -0.565120
v -0.004857 0.421949 -0.565120
v -0.004857 0.398446 -0.697901
v 0.013387 0.401268 -0.698522
v -0.004857 0.421949 -0.565120
v 0.013387 0.401268 -0.698522
v 0.031631 0.404090 -0.699144
v -0.004857 0.398446 -0.697901
v -0.004857 0.421949 -0.565120
v -0.043088 0.427863 -0.566422
v -0.043088 0.427863 -0.566422
v -0.041345 0.404090 -0.699144
v -0.023101 0.401268 -0.698522
v -0.043088 0.427863 -0.566422
v -0.023101 0.401268 -0.698522
v -0.004857 0.398446 -0.697901
v -0.041345 0.404090 -0.699144
v -0.043088 0.427863 -0.566422
v -0.077577 0.445024 -0.570203
v -0.041345 0.404090 -0.699144
v -0.077577 0.445024 -0.570203
v -0.074261 0.420469 -0.702752
v -0.074261 0.420469 -0.702752
v -0.057803 0.412279 -0.700948
v -0.041345 0.404090 -0.699144
v -0.074261 0.420469 -0.702752
v -0.077577 0.445024 -0.570203
v -0.104947 0.471753 -0.576091
v -0.074261 0.420469 -0.702752
v -0.104947 0.471753 -0.576091
v -0.100383 0.445979 -0.708372
v -0.100383 0.445979 -0.708372
v -0.087322 0.433224 -0.705562
v -0.074261 0.420469 -0.702752
v -0.100383 0.445979 -0.708372
v -0.104947 0.471753 -0.576091
v -0.122520 0.505434 -0.583511
v -0.100383 0.445979 -0.708372
v -0.122520 0.505434 -0.583511
v -0.117154 0.478125 -0.715453
v -0.117154 0.478125 -0.715453
v -0.108769 0.462052 -0.711912
v -0.100383 0.445979 -0.708372
v -0.117154 0.478125 -0.715453
v -0.122520 0.505434 -0.583511
v -0.128575 0.542770 -0.591735
v -0.117154 0.478125 -0.715453
v -0.128575 0.542770 -0.591735
v -0.122933 0.513758 -0.723303
v -0.122933 0.513758 -0.723303
v -0.120044 0.495941 -0.719378
v -0.117154 0.478125 -0.715453
v -0.122933 0.513758 -0.723303
v -0.128575 0.542770 -0.591735
v -0.122520 0.580106 -0.599960
v -0.122933 0.513758 -0.723303
v -0.122520 0.580106 -0.599960
v -0.117154 0.549391 -0.731152
v -0.117154 0.549391 -0.731152
v -0.120044 0.531574 -0.727228
v -0.122933 0.513758 -0.723303
v -0.117154 0.549391 -0.731152
v -0.122520 0.580106 -0.599960
v -0.104947 0.613787 -0.607380
v -0.117154 0.549391 -0.731152
v -0.104947 0.613787 -0.607380
v -0.100383 0.581536 -0.738234
v -0.100383 0.581536 -0.738234
v -0.108769 0.565464 -0.734693
v -0.117154 0.549391 -0.731152
v -0.100383 0.581536 -0.738234
v -0.104947 0.613787 -0.607380
v -0.077576 0.640516 -0.613268
v -0.100383 0.581536 -0.738234
v -0.077576 0.640516 -0.613268
v -0.074261 0.607047 -0.743854
v -0.074261 0.607047 -0.743854
v -0.087322 0.594291 -0.741044
v -0.100383 0.581536 -0.738234
v -0.074261 0.607047 -0.743854
v -0.077576 0.640516 -0.613268
v -0.043088 0.657678 -0.617049
v -0.074261 0.607047 -0.743854
v -0.043088 0.657678 -0.617049
v -0.041345 0.623425 -0.747462
v -0.041345 0.623425 -0.747462
v -0.057803 0.615236 -0.745658
v -0.074261 0.607047 -0.743854
v -0.041345 0.623425 -0.747462
v -0.043088 0.657678 -0.617049
v -0.004857 0.663591 -0.618351
v -0.041345 0.623425 -0.747462
v -0.004857 0.663591 -0.618351
v -0.004857 0.629069 -0.748705
v -0.004857 0.629069 -0.748705
v -0.023101 0.626247 -0.748083
v -0.041345 0.623425 -0.747462
v -0.004857 0.629069 -0.748705
v -0.004857 0.663591 -0.618351
v 0.033374 0.657678 -0.617049
v -0.004857 0.629069 -0.748705
v 0.033374 0.657678 -0.617049
v 0.031631 0.623425 -0.747462
v 0.031631 0.623425 -0.747462
v 0.013387 0.626247 -0.748083
v -0.004857 0.629069 -0.748705
v 0.031631 0.623425 -0.747462
v 0.033374 0.657678 -0.617049
v 0.067862 0.640516 -0.613268
v 0.031631 0.623425 -0.747462
v 0.067862 0.640516 -0.613268
v 0.064546 0.607047 -0.743854
v 0.064546 0.607047 -0.743854
v 0.048088 0.615236 -0.745658
v 0.031631 0.623425 -0.747462
v 0.064546 0.607047 -0.743854
v 0.067862 0.640516 -0.613268
v 0.095233 0.613787 -0.607380
v 0.064546 0.607047 -0.743854
v 0.095233 0.613787 -0.607380
v 0.090668 0.581536 -0.738234
v 0.090668 0.581536 -0.738234
v 0.077607 0.594291 -0.741044
v 0.064546 0.607047 -0.743854
v 0.090668 0.581536 -0.738234
v 0.095233 0.613787 -0.607380
v 0.112806 0.580106 -0.599960
v 0.090668 0.581536 -0.738234
v 0.112806 0.580106 -0.599960
v 0.107440 0.549391 -0.731152
v 0.107440 0.549391 -0.731152
v 0.099054 0.565463 -0.734693
v 0.090668 0.581536 -0.738234
v 0.107440 0.549391 -0.731152
v 0.112806 0.580106 -0.599960
v 0.118861 0.542770 -0.591735
v 0.107440 0.549391 -0.731152
v 0.118861 0.542770 -0.591735
v 0.113219 0.513758 -0.723303
v 0.113219 0.513758 -0.723303
v 0.110330 0.531574 -0.727228
v 0.107440 0.549391 -0.731152
v 0.113219 0.513758 -0.723303
v 0.118861 0.542770 -0.591735
v 0.112806 0.505434 -0.583511
v 0.113219 0.513758 -0.723303
v 0.112806 0.505434 -0.583511
v 0.107440 0.478125 -0.715453
v 0.107440 0.478125 -0.715453
v 0.110330 0.495941 -0.719378
v 0.113219 0.513758 -0.723303
v 0.095233 0.471753 -0.576091
v 0.112806 0.505434 -0.583511
v -0.004857 0.542770 -0.591735
v 0.067863 0.445024 -0.570203
v 0.095233 0.471753 -0.576091
v -0.004857 0.542770 -0.591735
v 0.033374 0.427863 -0.566422
v 0.067863 0.445024 -0.570203
v -0.004857 0.542770 -0.591735
v -0.004857 0.421949 -0.565120
v 0.033374 0.427863 -0.566422
v -0.004857 0.542770 -0.591735
v -0.043088 0.427863 -0.566422
v -0.004857 0.421949 -0.565120
v -0.004857 0.542770 -0.591735
v -0.077577 0.445024 -0.570203
v -0.043088 0.427863 -0.566422
v -0.004857 0.542770 -0.591735
v -0.104947 0.471753 -0.576091
v -0.077577 0.445024 -0.570203
v -0.004857 0.542770 -0.591735
v -0.122520 0.505434 -0.583511
v -0.104947 0.471753 -0.576091
v -0.004857 0.542770 -0.591735
v -0.128575 0.542770 -0.591735
v -0.122520 0.505434 -0.583511
v -0.004857 0.542770 -0.591735
v -0.122520 0.580106 -0.599960
v -0.128575 0.542770 -0.591735
v -0.004857 0.542770 -0.591735
v -0.104947 0.613787 -0.607380
v -0.122520 0.580106 -0.599960
v -0.004857 0.542770 -0.591735
v -0.077576 0.640516 -0.613268
v -0.104947 0.613787 -0.607380
v -0.004857 0.542770 -0.591735
v -0.043088 0.657678 -0.617049
v -0.077576 0.640516 -0.613268
v -0.004857 0.542770 -0.591735
v -0.004857 0.663591 -0.618351
v -0.043088 0.657678 -0.617049
v -0.004857 0.542770 -0.591735
v 0.033374 0.657678 -0.617049
v -0.004857 0.663591 -0.618351
v -0.004857 0.542770 -0.591735
v 0.067862 0.640516 -0.613268
v 0.033374 0.657678 -0.617049
v -0.004857 0.542770 -0.591735
v 0.095233 0.613787 -0.607380
v 0.067862 0.640516 -0.613268
v -0.004857 0.542770 -0.591735
v 0.112806 0.580106 -0.599960
v 0.095233 0.613787 -0.607380
v -0.004857 0.542770 -0.591735
v 0.118861 0.542770 -0.591735
v 0.112806 0.580106 -0.599960
v -0.004857 0.542770 -0.591735
v 0.112806 0.505434 -0.583511
v 0.118861 0.542770 -0.591735
v -0.004857 0.542770 -0.591735
v 0.034050 0.462515 -0.897238
v 0.028239 0.451377 -0.894785
v -0.004857 0.474860 -0.899958
v 0.028239 0.451377 -0.894785
v 0.019189 0.442539 -0.892837
v -0.004857 0.474860 -0.899958
v 0.019189 0.442539 -0.892837
v 0.007784 0.436864 -0.891587
v -0.004857 0.474860 -0.899958
v 0.007784 0.436864 -0.891587
v -0.004857 0.434909 -0.891157
v -0.004857 0.474860 -0.899958
v -0.004857 0.434909 -0.891157
v -0.017499 0.436864 -0.891587
v -0.004857 0.474860 -0.899958
v -0.017499 0.436864 -0.891587
v -0.028903 0.442539 -0.892837
v -0.004857 0.474860 -0.899958
v -0.028903 0.442539 -0.892837
v -0.037953 0.451377 -0.894785
v -0.004857 0.474860 -0.899958
v -0.037953 0.451377 -0.894785
v -0.043764 0.462515 -0.897238
v -0.004857 0.474860 -0.899958
v -0.043764 0.462515 -0.897238
v -0.045766 0.474860 -0.899958
v -0.004857 0.474860 -0.899958
v -0.045766 0.474860 -0.899958
v -0.043764 0.487206 -0.902677
v -0.004857 0.474860 -0.899958
v -0.043764 0.487206 -0.902677
v -0.037953 0.498343 -0.905131
v -0.004857 0.474860 -0.899958
v -0.037953 0.498343 -0.905131
v -0.028903 0.507182 -0.907078
v -0.004857 0.474860 -0.899958
v -0.028903 0.507182 -0.907078
v -0.017499 0.512856 -0.908328
v -0.004857 0.474860 -0.899958
v -0.017499 0.512856 -0.908328
v -0.004857 0.514812 -0.908759
v -0.004857 0.474860 -0.899958
v -0.004857 0.514812 -0.908759
v 0.007784 0.512856 -0.908328
v -0.004857 0.474860 -0.899958
v 0.007784 0.512856 -0.908328
v 0.019189 0.507182 -0.907078
v -0.004857 0.474860 -0.899958
v 0.019189 0.507182 -0.907078
v 0.028239 0.498343 -0.905131
v -0.004857 0.474860 -0.899958
v 0.028239 0.498343 -0.905131
v 0.034050 0.487206 -0.902677
v -0.004857 0.474860 -0.899958
v 0.034050 0.487206 -0.902677
v 0.036052 0.474860 -0.899958
v -0.004857 0.474860 -0.899958
v 0.036052 0.474860 -0.899958
v 0.034050 0.462515 -0.897238
v -0.004857 0.474860 -0.899958
v 0.028239 0.498343 -0.905131
v 0.051337 0.519585 -0.886651
v 0.056270 0.510130 -0.884568
v 0.028239 0.498343 -0.905131
v 0.056270 0.510130 -0.884568
v 0.061203 0.500675 -0.882486
v 0.061203 0.500675 -0.882486
v 0.034050 0.487206 -0.902677
v 0.028239 0.498343 -0.905131
v 0.019189 0.507182 -0.907078
v 0.035970 0.534591 -0.889957
v 0.043653 0.527088 -0.888304
v 0.019189 0.507182 -0.907078
v 0.043653 0.527088 -0.888304
v 0.051337 0.519585 -0.886651
v 0.051337 0.519585 -0.886651
v 0.028239 0.498343 -0.905131
v 0.019189 0.507182 -0.907078
v 0.007784 0.512856 -0.908328
v 0.016607 0.544226 -0.892079
v 0.026289 0.539409 -0.891018
v 0.007784 0.512856 -0.908328
v 0.026289 0.539409 -0.891018
v 0.035970 0.534591 -0.889957
v 0.035970 0.534591 -0.889957
v 0.019189 0.507182 -0.907078
v 0.007784 0.512856 -0.908328
v -0.004857 0.514812 -0.908759
v -0.004857 0.547546 -0.892811
v 0.005875 0.545886 -0.892445
v -0.004857 0.514812 -0.908759
v 0.005875 0.545886 -0.892445
v 0.016607 0.544226 -0.892079
v 0.016607 0.544226 -0.892079
v 0.007784 0.512856 -0.908328
v -0.004857 0.514812 -0.908759
v -0.017499 0.512856 -0.908328
v -0.026321 0.544226 -0.892079
v -0.015589 0.545886 -0.892445
v -0.017499 0.512856 -0.908328
v -0.015589 0.545886 -0.892445
v -0.004857 0.547546 -0.892811
v -0.004857 0.547546 -0.892811
v -0.004857 0.514812 -0.908759
v -0.017499 0.512856 -0.908328
v -0.028903 0.507182 -0.907078
v -0.045684 0.534591 -0.889957
v -0.036003 0.539409 -0.891018
v -0.028903 0.507182 -0.907078
v -0.036003 0.539409 -0.891018
v -0.026321 0.544226 -0.892079
v -0.026321 0.544226 -0.892079
v -0.017499 0.512856 -0.908328
v -0.028903 0.507182 -0.907078
v -0.037953 0.498343 -0.905131
v -0.061051 0.519585 -0.886651
v -0.053368 0.527088 -0.888304
v -0.037953 0.498343 -0.905131
v -0.053368 0.527088 -0.888304
v -0.045684 0.534591 -0.889957
v -0.045684 0.534591 -0.889957
v -0.028903 0.507182 -0.907078
v -0.037953 0.498343 -0.905131
v -0.043764 0.487206 -0.902677
v -0.070917 0.500675 -0.882486
v -0.065984 0.510130 -0.884568
v -0.043764 0.487206 -0.902677
v -0.065984 0.510130 -0.884568
v -0.061051 0.519585 -0.886651
v -0.061051 0.519585 -0.886651
v -0.037953 0.498343 -0.905131
v -0.043764 0.487206 -0.902677
v -0.045766 0.474860 -0.899958
v -0.074316 0.479713 -0.877868
v -0.072617 0.490194 -0.880177
v -0.045766 0.474860 -0.899958
v -0.072617 0.490194 -0.880177
v -0.070917 0.500675 -0.882486
v -0.070917 0.500675 -0.882486
v -0.043764 0.487206 -0.902677
v -0.045766 0.474860 -0.899958
v -0.043764 0.462515 -0.897238
v -0.070917 0.458752 -0.873250
v -0.072617 0.469233 -0.875559
v -0.043764 0.462515 -0.897238
v -0.072617 0.469233 -0.875559
v -0.074316 0.479713 -0.877868
v -0.074316 0.479713 -0.877868
v -0.045766 0.474860 -0.899958
v -0.043764 0.462515 -0.897238
v -0.037953 0.451377 -0.894785
v -0.061051 0.439842 -0.869084
v -0.065984 0.449297 -0.871167
v -0.037953 0.451377 -0.894785
v -0.065984 0.449297 -0.871167
v -0.070917 0.458752 -0.873250
v -0.070917 0.458752 -0.873250
v -0.043764 0.462515 -0.897238
v -0.037953 0.451377 -0.894785
v -0.028903 0.442539 -0.892837
v -0.045684 0.424835 -0.865779
v -0.053368 0.432339 -0.867432
v -0.028903 0.442539 -0.892837
v -0.053368 0.432339 -0.867432
v -0.061051 0.439842 -0.869084
v -0.061051 0.439842 -0.869084
v -0.037953 0.451377 -0.894785
v -0.028903 0.442539 -0.892837
v -0.017499 0.436864 -0.891587
v -0.026321 0.415200 -0.863656
v -0.036003 0.420018 -0.864718
v -0.017499 0.436864 -0.891587
v -0.036003 0.420018 -0.864718
v -0.045684 0.424835 -0.865779
v -0.045684 0.424835 -0.865779
v -0.028903 0.442539 -0.892837
v -0.017499 0.436864 -0.891587
v -0.004857 0.434909 -0.891157
v -0.004857 0.411880 -0.862925
v -0.015589 0.413540 -0.863291
v -0.004857 0.434909 -0.891157
v -0.015589 0.413540 -0.863291
v -0.026321 0.415200 -0.863656
v -0.026321 0.415200 -0.863656
v -0.017499 0.436864 -0.891587
v -0.004857 0.434909 -0.891157
v 0.007784 0.436864 -0.891587
v 0.016607 0.415200 -0.863656
v 0.005875 0.413540 -0.863291
v 0.007784 0.436864 -0.891587
v 0.005875 0.413540 -0.863291
v -0.004857 0.411880 -0.862925
v -0.004857 0.411880 -0.862925
v -0.004857 0.434909 -0.891157
v 0.007784 0.436864 -0.891587
v 0.019189 0.442539 -0.892837
v 0.035970 0.424835 -0.865779
v 0.026289 0.420018 -0.864718
v 0.019189 0.442539 -0.892837
v 0.026289 0.420018 -0.864718
v 0.016607 0.415200 -0.863656
v 0.016607 0.415200 -0.863656
v 0.007784 0.436864 -0.891587
v 0.019189 0.442539 -0.892837
v 0.028239 0.451377 -0.894785
v 0.051337 0.439842 -0.869084
v 0.043653 0.432339 -0.867432
v 0.028239 0.451377 -0.894785
v 0.043653 0.432339 -0.867432
v 0.035970 0.424835 -0.865779
v 0.035970 0.424835 -0.865779
v 0.019189 0.442539 -0.892837
v 0.028239 0.451377 -0.894785
v 0.034050 0.462515 -0.897238
v 0.061203 0.458752 -0.873250
v 0.056270 0.449297 -0.871167
v 0.034050 0.462515 -0.897238
v 0.056270 0.449297 -0.871167
v 0.051337 0.439842 -0.869084
v 0.051337 0.439842 -0.869084
v 0.028239 0.451377 -0.894785
v 0.034050 0.462515 -0.897238
v 0.036052 0.474860 -0.899958
v 0.064602 0.479713 -0.877868
v 0.062902 0.469233 -0.875559
v 0.036052 0.474860 -0.899958
v 0.062902 0.469233 -0.875559
v 0.061203 0.458752 -0.873250
v 0.061203 0.458752 -0.873250
v 0.034050 0.462515 -0.897238
v 0.036052 0.474860 -0.899958
v 0.034050 0.487206 -0.902677
v 0.061203 0.500675 -0.882486
v 0.062902 0.490194 -0.880177
v 0.034050 0.487206 -0.902677
v 0.062902 0.490194 -0.880177
v 0.064602 0.479713 -0.877868
v 0.064602 0.479713 -0.877868
v 0.036052 0.474860 -0.899958
v 0.034050 0.487206 -0.902677
v 0.061203 0.500675 -0.882486
v 0.056270 0.510130 -0.884568
v 0.076381 0.529532 -0.844104
v 0.076381 0.529532 -0.844104
v 0.082937 0.516966 -0.841336
v 0.061203 0.500675 -0.882486
v 0.051337 0.519585 -0.886651
v 0.043653 0.527088 -0.888304
v 0.059614 0.552069 -0.849069
v 0.059614 0.552069 -0.849069
v 0.069825 0.542097 -0.846872
v 0.051337 0.519585 -0.886651
v 0.035970 0.534591 -0.889957
v 0.026289 0.539409 -0.891018
v 0.036536 0.568444 -0.852676
v 0.036536 0.568444 -0.852676
v 0.049403 0.562041 -0.851266
v 0.035970 0.534591 -0.889957
v 0.016607 0.544226 -0.892079
v 0.005875 0.545886 -0.892445
v 0.009406 0.577053 -0.854573
v 0.009406 0.577053 -0.854573
v 0.023669 0.574846 -0.854087
v 0.016607 0.544226 -0.892079
v -0.004857 0.547546 -0.892811
v -0.015589 0.545886 -0.892445
v -0.019120 0.577053 -0.854573
v -0.019120 0.577053 -0.854573
v -0.004857 0.579259 -0.855059
v -0.004857 0.547546 -0.892811
v -0.026321 0.544226 -0.892079
v -0.036003 0.539409 -0.891018
v -0.046250 0.568444 -0.852676
v -0.046250 0.568444 -0.852676
v -0.033383 0.574846 -0.854087
v -0.026321 0.544226 -0.892079
v -0.045684 0.534591 -0.889957
v -0.053368 0.527088 -0.888304
v -0.069328 0.552069 -0.849069
v -0.069328 0.552069 -0.849069
v -0.059117 0.562041 -0.851266
v -0.045684 0.534591 -0.889957
v -0.061051 0.519585 -0.886651
v -0.065984 0.510130 -0.884568
v -0.086095 0.529532 -0.844104
v -0.086095 0.529532 -0.844104
v -0.079539 0.542097 -0.846872
v -0.061051 0.519585 -0.886651
v -0.070917 0.500675 -0.882486
v -0.072617 0.490194 -0.880177
v -0.094911 0.503037 -0.838268
v -0.094911 0.503037 -0.838268
v -0.092651 0.516966 -0.841336
v -0.070917 0.500675 -0.882486
v -0.074316 0.479713 -0.877868
v -0.072617 0.469233 -0.875559
v -0.094911 0.475179 -0.832131
v -0.094911 0.475179 -0.832131
v -0.097170 0.489108 -0.835199
v -0.074316 0.479713 -0.877868
v -0.070917 0.458752 -0.873250
v -0.065984 0.449297 -0.871167
v -0.086095 0.448684 -0.826294
v -0.086095 0.448684 -0.826294
v -0.092651 0.461250 -0.829062
v -0.070917 0.458752 -0.873250
v -0.061051 0.439842 -0.869084
v -0.053368 0.432339 -0.867432
v -0.069328 0.426146 -0.821329
v -0.069328 0.426146 -0.821329
v -0.079539 0.436118 -0.823526
v -0.061051 0.439842 -0.869084
v -0.045684 0.424835 -0.865779
v -0.036003 0.420018 -0.864718
v -0.046250 0.409772 -0.817722
v -0.046250 0.409772 -0.817722
v -0.059117 0.416174 -0.819133
v -0.045684 0.424835 -0.865779
v -0.026321 0.415200 -0.863656
v -0.015589 0.413540 -0.863291
v -0.019120 0.401163 -0.815826
v -0.019120 0.401163 -0.815826
v -0.033383 0.403369 -0.816312
v -0.026321 0.415200 -0.863656
v -0.004857 0.411880 -0.862925
v 0.005875 0.413540 -0.863291
v 0.009406 0.401163 -0.815826
v 0.009406 0.401163 -0.815826
v -0.004857 0.398957 -0.815340
v -0.004857 0.411880 -0.862925
v 0.016607 0.415200 -0.863656
v 0.026289 0.420018 -0.864718
v 0.036536 0.409772 -0.817722
v 0.036536 0.409772 -0.817722
v 0.023669 0.403369 -0.816312
v 0.016607 0.415200 -0.863656
v 0.035970 0.424835 -0.865779
v 0.043653 0.432339 -0.867432
v 0.059614 0.426146 -0.821329
v 0.059614 0.426146 -0.821329
v 0.049403 0.416174 -0.819133
v 0.035970 0.424835 -0.865779
v 0.051337 0.439842 -0.869084
v 0.056270 0.449297 -0.871167
v 0.076381 0.448684 -0.826294
v 0.076381 0.448684 -0.826294
v 0.069825 0.436118 -0.823526
v 0.051337 0.439842 -0.869084
v 0.061203 0.458752 -0.873250
v 0.062902 0.469233 -0.875559
v 0.085196 0.475179 -0.832131
v 0.085196 0.475179 -0.832131
v 0.082937 0.461250 -0.829062
v 0.061203 0.458752 -0.873250
v 0.064602 0.479713 -0.877868
v 0.062902 0.490194 -0.880177
v 0.085196 0.503037 -0.838268
v 0.085196 0.503037 -0.838268
v 0.087455 0.489108 -0.835199
v 0.064602 0.479713 -0.877868
v 0.082937 0.516966 -0.841336
v 0.076381 0.529532 -0.844104
v 0.092054 0.549655 -0.789874
v 0.092054 0.549655 -0.789874
v 0.099875 0.534665 -0.786572
v 0.082937 0.516966 -0.841336
v 0.069825 0.542097 -0.846872
v 0.059614 0.552069 -0.849069
v 0.072052 0.576541 -0.795797
v 0.072052 0.576541 -0.795797
v 0.084233 0.564645 -0.793176
v 0.069825 0.542097 -0.846872
v 0.049403 0.562041 -0.851266
v 0.036536 0.568444 -0.852676
v 0.044522 0.596075 -0.800100
v 0.044522 0.596075 -0.800100
v 0.059871 0.588437 -0.798417
v 0.049403 0.562041 -0.851266
v 0.023669 0.574846 -0.854087
v 0.009406 0.577053 -0.854573
v 0.012158 0.606344 -0.802362
v 0.012158 0.606344 -0.802362
v 0.029173 0.603713 -0.801782
v 0.023669 0.574846 -0.854087
v -0.004857 0.579259 -0.855059
v -0.019120 0.577053 -0.854573
v -0.021872 0.606344 -0.802362
v -0.021872 0.606344 -0.802362
v -0.004857 0.608976 -0.802942
v -0.004857 0.579259 -0.855059
v -0.033383 0.574846 -0.854087
v -0.046250 0.568444 -0.852676
v -0.054236 0.596075 -0.800100
v -0.054236 0.596075 -0.800100
v -0.038887 0.603713 -0.801782
v -0.033383 0.574846 -0.854087
v -0.059117 0.562041 -0.851266
v -0.069328 0.552069 -0.849069
v -0.081766 0.576541 -0.795797
v -0.081766 0.576541 -0.795797
v -0.069585 0.588437 -0.798417
v -0.059117 0.562041 -0.851266
v -0.079539 0.542097 -0.846872
v -0.086095 0.529532 -0.844104
v -0.101768 0.549655 -0.789874
v -0.101768 0.549655 -0.789874
v -0.093947 0.564645 -0.793176
v -0.079539 0.542097 -0.846872
v -0.092651 0.516966 -0.841336
v -0.094911 0.503037 -0.838268
v -0.112284 0.518049 -0.782911
v -0.112284 0.518049 -0.782911
v -0.109589 0.534665 -0.786572
v -0.092651 0.516966 -0.841336
v -0.097170 0.489108 -0.835199
v -0.094911 0.475179 -0.832131
v -0.112284 0.484816 -0.775590
v -0.112284 0.484816 -0.775590
v -0.114979 0.501433 -0.779251
v -0.097170 0.489108 -0.835199
v -0.092651 0.461250 -0.829062
v -0.086095 0.448684 -0.826294
v -0.101768 0.453210 -0.768628
v -0.101768 0.453210 -0.768628
v -0.109589 0.468200 -0.771930
v -0.092651 0.461250 -0.829062
v -0.079539 0.436118 -0.823526
v -0.069328 0.426146 -0.821329
v -0.081766 0.426324 -0.762705
v -0.081766 0.426324 -0.762705
v -0.093947 0.438220 -0.765326
v -0.079539 0.436118 -0.823526
v -0.059117 0.416174 -0.819133
v -0.046250 0.409772 -0.817722
v -0.054236 0.406791 -0.758402
v -0.054236 0.406791 -0.758402
v -0.069585 0.414428 -0.760085
v -0.059117 0.416174 -0.819133
v -0.033383 0.403369 -0.816312
v -0.019120 0.401163 -0.815826
v -0.021872 0.396521 -0.756140
v -0.021872 0.396521 -0.756140
v -0.038887 0.399153 -0.756720
v -0.033383 0.403369 -0.816312
v -0.004857 0.398957 -0.815340
v 0.009406 0.401163 -0.815826
v 0.012158 0.396521 -0.756140
v 0.012158 0.396521 -0.756140
v -0.004857 0.393889 -0.755560
v -0.004857 0.398957 -0.815340
v 0.023669 0.403369 -0.816312
v 0.036536 0.409772 -0.817722
v 0.044522 0.406791 -0.758402
v 0.044522 0.406791 -0.758402
v 0.029173 0.399153 -0.756720
v 0.023669 0.403369 -0.816312
v 0.049403 0.416174 -0.819133
v 0.059614 0.426146 -0.821329
v 0.072052 0.426324 -0.762705
v 0.072052 0.426324 -0.762705
v 0.059871 0.414428 -0.760085
v 0.049403 0.416174 -0.819133
v 0.069825 0.436118 -0.823526
v 0.076381 0.448684 -0.826294
v 0.092054 0.453210 -0.768628
v 0.092054 0.453210 -0.768628
v 0.084233 0.438220 -0.765326
v 0.069825 0.436118 -0.823526
v 0.082937 0.461250 -0.829062
v 0.085196 0.475179 -0.832131
v 0.102570 0.484816 -0.775590
v 0.102570 0.484816 -0.775590
v 0.099875 0.468200 -0.771930
v 0.082937 0.461250 -0.829062
v 0.087455 0.489108 -0.835199
v 0.085196 0.503037 -0.838268
v 0.102570 0.518049 -0.782911
v 0.102570 0.518049 -0.782911
v 0.105265 0.501433 -0.779251
v 0.087455 0.489108 -0.835199
v 0.099875 0.534665 -0.786572
v 0.092054 0.549655 -0.789874
v 0.099054 0.565463 -0.734693
v 0.099054 0.565463 -0.734693
v 0.107440 0.549391 -0.731152
v 0.099875 0.534665 -0.786572
v 0.084233 0.564645 -0.793176
v 0.072052 0.576541 -0.795797
v 0.077607 0.594291 -0.741044
v 0.077607 0.594291 -0.741044
v 0.090668 0.581536 -0.738234
v 0.084233 0.564645 -0.793176
v 0.059871 0.588437 -0.798417
v 0.044522 0.596075 -0.800100
v 0.048088 0.615236 -0.745658
v 0.048088 0.615236 -0.745658
v 0.064546 0.607047 -0.743854
v 0.059871 0.588437 -0.798417
v 0.029173 0.603713 -0.801782
v 0.012158 0.606344 -0.802362
v 0.013387 0.626247 -0.748083
v 0.013387 0.626247 -0.748083
v 0.031631 0.623425 -0.747462
v 0.029173 0.603713 -0.801782
v -0.004857 0.608976 -0.802942
v -0.021872 0.606344 -0.802362
v -0.023101 0.626247 -0.748083
v -0.023101 0.626247 -0.748083
v -0.004857 0.629069 -0.748705
v -0.004857 0.608976 -0.802942
v -0.038887 0.603713 -0.801782
v -0.054236 0.596075 -0.800100
v -0.057803 0.615236 -0.745658
v -0.057803 0.615236 -0.745658
v -0.041345 0.623425 -0.747462
v -0.038887 0.603713 -0.801782
v -0.069585 0.588437 -0.798417
v -0.081766 0.576541 -0.795797
v -0.087322 0.594291 -0.741044
v -0.087322 0.594291 -0.741044
v -0.074261 0.607047 -0.743854
v -0.069585 0.588437 -0.798417
v -0.093947 0.564645 -0.793176
v -0.101768 0.549655 -0.789874
v -0.108769 0.565464 -0.734693
v -0.108769 0.565464 -0.734693
v -0.100383 0.581536 -0.738234
v -0.093947 0.564645 -0.793176
v -0.109589 0.534665 -0.786572
v -0.112284 0.518049 -0.782911
v -0.120044 0.531574 -0.727228
v -0.120044 0.531574 -0.727228
v -0.117154 0.549391 -0.731152
v -0.109589 0.534665 -0.786572
v -0.114979 0.501433 -0.779251
v -0.112284 0.484816 -0.775590
v -0.120044 0.495941 -0.719378
v -0.120044 0.495941 -0.719378
v -0.122933 0.513758 -0.723303
v -0.114979 0.501433 -0.779251
v -0.109589 0.468200 -0.771930
v -0.101768 0.453210 -0.768628
v -0.108769 0.462052 -0.711912
v -0.108769 0.462052 -0.711912
v -0.117154 0.478125 -0.715453
v -0.109589 0.468200 -0.771930
v -0.093947 0.438220 -0.765326
v -0.081766 0.426324 -0.762705
v -0.087322 0.433224 -0.705562
v -0.087322 0.433224 -0.705562
v -0.100383 0.445979 -0.708372
v -0.093947 0.438220 -0.765326
v -0.069585 0.414428 -0.760085
v -0.054236 0.406791 -0.758402
v -0.057803 0.412279 -0.700948
v -0.057803 0.412279 -0.700948
v -0.074261 0.420469 -0.702752
v -0.069585 0.414428 -0.760085
v -0.038887 0.399153 -0.756720
v -0.021872 0.396521 -0.756140
v -0.023101 0.401268 -0.698522
v -0.023101 0.401268 -0.698522
v -0.041345 0.404090 -0.699144
v -0.038887 0.399153 -0.756720
v -0.004857 0.393889 -0.755560
v 0.012158 0.396521 -0.756140
v 0.013387 0.401268 -0.698522
v 0.013387 0.401268 -0.698522
v -0.004857 0.398446 -0.697901
v -0.004857 0.393889 -0.755560
v 0.029173 0.399153 -0.756720
v 0.044522 0.406791 -0.758402
v 0.048088 0.412279 -0.700948
v 0.048088 0.412279 -0.700948
v 0.031631 0.404090 -0.699144
v 0.029173 0.399153 -0.756720
v 0.059871 0.414428 -0.760085
v 0.072052 0.426324 -0.762705
v 0.077607 0.433224 -0.705562
v 0.077607 0.433224 -0.705562
v 0.064546 0.420469 -0.702752
v 0.059871 0.414428 -0.760085
v 0.084233 0.438220 -0.765326
v 0.092054 0.453210 -0.768628
v 0.099054 0.462052 -0.711912
v 0.099054 0.462052 -0.711912
v 0.090668 0.445979 -0.708372
v 0.084233 0.438220 -0.765326
v 0.099875 0.468200 -0.771930
v 0.102570 0.484816 -0.775590
v 0.110330 0.495941 -0.719378
v 0.110330 0.495941 -0.719378
v 0.107440 0.478125 -0.715453
v 0.099875 0.468200 -0.771930
v 0.105265 0.501433 -0.779251
v 0.102570 0.518049 -0.782911
v 0.110330 0.531574 -0.727228
v 0.110330 0.531574 -0.727228
v 0.113219 0.513758 -0.723303
v 0.105265 0.501433 -0.779251
v 0.051337 0.519585 -0.886651
v 0.069825 0.542097 -0.846872
v 0.076381 0.529532 -0.844104
v 0.076381 0.529532 -0.844104
v 0.056270 0.510130 -0.884568
v 0.051337 0.519585 -0.886651
v 0.069825 0.542097 -0.846872
v 0.084233 0.564645 -0.793176
v 0.092054 0.549655 -0.789874
v 0.092054 0.549655 -0.789874
v 0.076381 0.529532 -0.844104
v 0.069825 0.542097 -0.846872
v 0.084233 0.564645 -0.793176
v 0.090668 0.581536 -0.738234
v 0.099054 0.565463 -0.734693
v 0.099054 0.565463 -0.734693
v 0.092054 0.549655 -0.789874
v 0.084233 0.564645 -0.793176
v 0.035970 0.534591 -0.889957
v 0.049403 0.562041 -0.851266
v 0.059614 0.552069 -0.849069
v 0.059614 0.552069 -0.849069
v 0.043653 0.527088 -0.888304
v 0.035970 0.534591 -0.889957
v 0.049403 0.562041 -0.851266
v 0.059871 0.588437 -0.798417
v 0.072052 0.576541 -0.795797
v 0.072052 0.576541 -0.795797
v 0.059614 0.552069 -0.849069
v 0.049403 0.562041 -0.851266
v 0.059871 0.588437 -0.798417
v 0.064546 0.607047 -0.743854
v 0.077607 0.594291 -0.741044
v 0.077607 0.594291 -0.741044
v 0.072052 0.576541 -0.795797
v 0.059871 0.588437 -0.798417
v 0.016607 0.544226 -0.892079
v 0.023669 0.574846 -0.854087
v 0.036536 0.568444 -0.852676
v 0.036536 0.568444 -0.852676
v 0.026289 0.539409 -0.891018
v 0.016607 0.544226 -0.892079
v 0.023669 0.574846 -0.854087
v 0.029173 0.603713 -0.801782
v 0.044522 0.596075 -0.800100
v 0.044522 0.596075 -0.800100
v 0.036536 0.568444 -0.852676
v 0.023669 0.574846 -0.854087
v 0.029173 0.603713 -0.801782
v 0.031631 0.623425 -0.747462
v 0.048088 0.615236 -0.745658
v 0.048088 0.615236 -0.745658
v 0.044522 0.596075 -0.800100
v 0.029173 0.603713 -0.801782
v -0.004857 0.547546 -0.892811
v -0.004857 0.579259 -0.855059
v 0.009406 0.577053 -0.854573
v 0.009406 0.577053 -0.854573
v 0.005875 0.545886 -0.892445
v -0.004857 0.547546 -0.892811
v -0.004857 0.579259 -0.855059
v -0.004857 0.608976 -0.802942
v 0.012158 0.606344 -0.802362
v 0.012158 0.606344 -0.802362
v 0.009406 0.577053 -0.854573
v -0.004857 0.579259 -0.855059
v -0.004857 0.608976 -0.802942
v -0.004857 0.629069 -0.748705
v 0.013387 0.626247 -0.748083
v 0.013387 0.626247 -0.748083
v 0.012158 0.606344 -0.802362
v -0.004857 0.608976 -0.802942
v -0.026321 0.544226 -0.892079
v -0.033383 0.574846 -0.854087
v -0.019120 0.577053 -0.854573
v -0.019120 0.577053 -0.854573
v -0.015589 0.545886 -0.892445
v -0.026321 0.544226 -0.892079
v -0.033383 0.574846 -0.854087
v -0.038887 0.603713 -0.801782
v -0.021872 0.606344 -0.802362
v -0.021872 0.606344 -0.802362
v -0.019120 0.577053 -0.854573
v -0.033383 0.574846 -0.854087
v -0.038887 0.603713 -0.801782
v -0.041345 0.623425 -0.747462
v -0.023101 0.626247 -0.748083
v -0.023101 0.626247 -0.748083
v -0.021872 0.606344 -0.802362
v -0.038887 0.603713 -0.801782
v -0.045684 0.534591 -0.889957
v -0.059117 0.562041 -0.851266
v -0.046250 0.568444 -0.852676
v -0.046250 0.568444 -0.852676
v -0.036003 0.539409 -0.891018
v -0.045684 0.534591 -0.889957
v -0.059117 0.562041 -0.851266
v -0.069585 0.588437 -0.798417
v -0.054236 0.596075 -0.800100
v -0.054236 0.596075 -0.800100
v -0.046250 0.568444 -0.852676
v -0.059117 0.562041 -0.851266
v -0.069585 0.588437 -0.798417
v -0.074261 0.607047 -0.743854
v -0.057803 0.615236 -0.745658
v -0.057803 0.615236 -0.745658
v -0.054236 0.596075 -0.800100
v -0.069585 0.588437 -0.798417
v -0.061051 0.519585 -0.886651
v -0.079539 0.542097 -0.846872
v -0.069328 0.552069 -0.849069
v -0.069328 0.552069 -0.849069
v -0.053368 0.527088 -0.888304
v -0.061051 0.519585 -0.886651
v -0.079539 0.542097 -0.846872
v -0.093947 0.564645 -0.793176
v -0.081766 0.576541 -0.795797
v -0.081766 0.576541 -0.795797
v -0.069328 0.552069 -0.849069
v -0.079539 0.542097 -0.846872
v -0.093947 0.564645 -0.793176
v -0.100383 0.581536 -0.738234
v -0.087322 0.594291 -0.741044
v -0.087322 0.594291 -0.741044
v -0.081766 0.576541 -0.795797
v -0.093947 0.564645 -0.793176
v -0.070917 0.500675 -0.882486
v -0.092651 0.516966 -0.841336
v -0.086095 0.529532 -0.844104
v -0.086095 0.529532 -0.844104
v -0.065984 0.510130 -0.884568
v -0.070917 0.500675 -0.882486
v -0.092651 0.516966 -0.841336
v -0.109589 0.534665 -0.786572
v -0.101768 0.549655 -0.789874
v -0.101768 0.549655 -0.789874
v -0.086095 0.529532 -0.844104
v -0.092651 0.516966 -0.841336
v -0.109589 0.534665 -0.786572
v -0.117154 0.549391 -0.731152
v -0.108769 0.565464 -0.734693
v -0.108769 0.565464 -0.734693
v -0.101768 0.549655 -0.789874
v -0.109589 0.534665 -0.786572
v -0.074316 0.479713 -0.877868
v -0.097170 0.489108 -0.835199
v -0.094911 0.503037 -0.838268
v -0.094911 0.503037 -0.838268
v -0.072617 0.490194 -0.880177
v -0.074316 0.479713 -0.877868
v -0.097170 0.489108 -0.835199
v -0.114979 0.501433 -0.779251
v -0.112284 0.518049 -0.782911
v -0.112284 0.518049 -0.782911
v -0.094911 0.503037 -0.838268
v -0.097170 0.489108 -0.835199
v -0.114979 0.501433 -0.779251
v -0.122933 0.513758 -0.723303
v -0.120044 0.531574 -0.727228
v -0.120044 0.531574 -0.727228
v -0.112284 0.518049 -0.782911
v -0.114979 0.501433 -0.779251
v -0.070917 0.458752 -0.873250
v -0.092651 0.461250 -0.829062
v -0.094911 0.475179 -0.832131
v -0.094911 0.475179 -0.832131
v -0.072617 0.469233 -0.875559
v -0.070917 0.458752 -0.873250
v -0.092651 0.461250 -0.829062
v -0.109589 0.468200 -0.771930
v -0.112284 0.484816 -0.775590
v -0.112284 0.484816 -0.775590
v -0.094911 0.475179 -0.832131
v -0.092651 0.461250 -0.829062
v -0.109589 0.468200 -0.771930
v -0.117154 0.478125 -0.715453
v -0.120044 0.495941 -0.719378
v -0.120044 0.495941 -0.719378
v -0.112284 0.484816 -0.775590
v -0.109589 0.468200 -0.771930
v -0.061051 0.439842 -0.869084
v -0.079539 0.436118 -0.823526
v -0.086095 0.448684 -0.826294
v -0.086095 0.448684 -0.826294
v -0.065984 0.449297 -0.871167
v -0.061051 0.439842 -0.869084
v -0.079539 0.436118 -0.823526
v -0.093947 0.438220 -0.765326
v -0.101768 0.453210 -0.768628
v -0.101768 0.453210 -0.768628
v -0.086095 0.448684 -0.826294
v -0.079539 0.436118 -0.823526
v -0.093947 0.438220 -0.765326
v -0.100383 0.445979 -0.708372
v -0.108769 0.462052 -0.711912
v -0.108769 0.462052 -0.711912
v -0.101768 0.453210 -0.768628
v -0.093947 0.438220 -0.765326
v -0.045684 0.424835 -0.865779
v -0.059117 0.416174 -0.819133
v -0.069328 0.426146 -0.821329
v -0.069328 0.426146 -0.821329
v -0.053368 0.432339 -0.867432
v -0.045684 0.424835 -0.865779
v -0.059117 0.416174 -0.819133
v -0.069585 0.414428 -0.760085
v -0.081766 0.426324 -0.762705
v -0.081766 0.426324 -0.762705
v -0.069328 0.426146 -0.821329
v -0.059117 0.416174 -0.819133
v -0.069585 0.414428 -0.760085
v -0.074261 0.420469 -0.702752
v -0.087322 0.433224 -0.705562
v -0.087322 0.433224 -0.705562
v -0.081766 0.426324 -0.762705
v -0.069585 0.414428 -0.760085
v -0.026321 0.415200 -0.863656
v -0.033383 0.403369 -0.816312
v -0.046250 0.409772 -0.817722
v -0.046250 0.409772 -0.817722
v -0.036003 0.420018 -0.864718
v -0.026321 0.415200 -0.863656
v -0.033383 0.403369 -0.816312
v -0.038887 0.399153 -0.756720
v -0.054236 0.406791 -0.758402
v -0.054236 0.406791 -0.758402
v -0.046250 0.409772 -0.817722
v -0.033383 0.403369 -0.816312
v -0.038887 0.399153 -0.756720
v -0.041345 0.404090 -0.699144
v -0.057803 0.412279 -0.700948
v -0.057803 0.412279 -0.700948
v -0.054236 0.406791 -0.758402
v -0.038887 0.399153 -0.756720
v -0.004857 0.411880 -0.862925
v -0.004857 0.398957 -0.815340
v -0.019120 0.401163 -0.815826
v -0.019120 0.401163 -0.815826
v -0.015589 0.413540 -0.863291
v -0.004857 0.411880 -0.862925
v -0.004857 0.398957 -0.815340
v -0.004857 0.393889 -0.755560
v -0.021872 0.396521 -0.756140
v -0.021872 0.396521 -0.756140
v -0.019120 0.401163 -0.815826
v -0.004857 0.398957 -0.815340
v -0.004857 0.393889 -0.755560
v -0.004857 0.398446 -0.697901
v -0.023101 0.401268 -0.698522
v -0.023101 0.401268 -0.698522
v -0.021872 0.396521 -0.756140
v -0.004857 0.393889 -0.755560
v 0.016607 0.415200 -0.863656
v 0.023669 0.403369 -0.816312
v 0.009406 0.401163 -0.815826
v 0.009406 0.401163 -0.815826
v 0.005875 0.413540 -0.863291
v 0.016607 0.415200 -0.863656
v 0.023669 0.403369 -0.816312
v 0.029173 0.399153 -0.756720
v 0.012158 0.396521 -0.756140
v 0.012158 0.396521 -0.756140
v 0.009406 0.401163 -0.815826
v 0.023669 0.403369 -0.816312
v 0.029173 0.399153 -0.756720
v 0.031631 0.404090 -0.699144
v 0.013387 0.401268 -0.698522
v 0.013387 0.401268 -0.698522
v 0.012158 0.396521 -0.756140
v 0.029173 0.399153 -0.756720
v 0.035970 0.424835 -0.865779
v 0.049403 0.416174 -0.819133
v 0.036536 0.409772 -0.817722
v 0.036536 0.409772 -0.817722
v 0.026289 0.420018 -0.864718
v 0.035970 0.424835 -0.865779
v 0.049403 0.416174 -0.819133
v 0.059871 0.414428 -0.760085
v 0.044522 0.406791 -0.758402
v 0.044522 0.406791 -0.758402
v 0.036536 0.409772 -0.817722
v 0.049403 0.416174 -0.819133
v 0.059871 0.414428 -0.760085
v 0.064546 0.420469 -0.702752
v 0.048088 0.412279 -0.700948
v 0.048088 0.412279 -0.700948
v 0.044522 0.406791 -0.758402
v 0.059871 0.414428 -0.760085
v 0.051337 0.439842 -0.869084
v 0.069825 0.436118 -0.823526
v 0.059614 0.426146 -0.821329
v 0.059614 0.426146 -0.821329
v 0.043653 0.432339 -0.867432
v 0.051337 0.439842 -0.869084
v 0.069825 0.436118 -0.823526
v 0.084233 0.438220 -0.765326
v 0.072052 0.426324 -0.762705
v 0.072052 0.426324 -0.762705
v 0.059614 0.426146 -0.821329
v 0.069825 0.436118 -0.823526
v 0.084233 0.438220 -0.765326
v 0.090668 0.445979 -0.708372
v 0.077607 0.433224 -0.705562
v 0.077607 0.433224 -0.705562
v 0.072052 0.426324 -0.762705
v 0.084233 0.438220 -0.765326
v 0.061203 0.458752 -0.873250
v 0.082937 0.461250 -0.829062
v 0.076381 0.448684 -0.826294
v 0.076381 0.448684 -0.826294
v 0.056270 0.449297 -0.871167
v 0.061203 0.458752 -0.873250
v 0.082937 0.461250 -0.829062
v 0.099875 0.468200 -0.771930
v 0.092054 0.453210 -0.768628
v 0.092054 0.453210 -0.768628
v 0.076381 0.448684 -0.826294
v 0.082937 0.461250 -0.829062
v 0.099875 0.468200 -0.771930
v 0.107440 0.478125 -0.715453
v 0.099054 0.462052 -0.711912
v 0.099054 0.462052 -0.711912
v 0.092054 0.453210 -0.768628
v 0.099875 0.468200 -0.771930
v 0.064602 0.479713 -0.877868
v 0.087455 0.489108 -0.835199
v 0.085196 0.475179 -0.832131
v 0.085196 0.475179 -0.832131
v 0.062902 0.469233 -0.875559
v 0.064602 0.479713 -0.877868
v 0.087455 0.489108 -0.835199
v 0.105265 0.501433 -0.779251
v 0.102570 0.484816 -0.775590
v 0.102570 0.484816 -0.775590
v 0.085196 0.475179 -0.832131
v 0.087455 0.489108 -0.835199
v 0.105265 0.501433 -0.779251
v 0.113219 0.513758 -0.723303
v 0.110330 0.495941 -0.719378
v 0.110330 0.495941 -0.719378
v 0.102570 0.484816 -0.775590
v 0.105265 0.501433 -0.779251
v 0.061203 0.500675 -0.882486
v 0.082937 0.516966 -0.841336
v 0.085196 0.503037 -0.838268
v 0.085196 0.503037 -0.838268
v 0.062902 0.490194 -0.880177
v 0.061203 0.500675 -0.882486
v 0.082937 0.516966 -0.841336
v 0.099875 0.534665 -0.786572
v 0.102570 0.518049 -0.782911
v 0.102570 0.518049 -0.782911
v 0.085196 0.503037 -0.838268
v 0.082937 0.516966 -0.841336
v 0.099875 0.534665 -0.786572
v 0.107440 0.549391 -0.731152
v 0.110330 0.531574 -0.727228
v 0.110330 0.531574 -0.727228
v 0.102570 0.518049 -0.782911
v 0.099875 0.534665 -0.786572
v 0.107440 0.554426 0.719733
v 0.112806 0.593915 0.590911
v 0.095233 0.627015 0.600598
v 0.095233 0.627015 0.600598
v 0.090668 0.586017 0.728979
v 0.099054 0.570222 0.724356
v 0.095233 0.627015 0.600598
v 0.099054 0.570222 0.724356
v 0.107440 0.554426 0.719733
v 0.090668 0.586017 0.728979
v 0.095233 0.627015 0.600598
v 0.067863 0.653283 0.608286
v 0.067863 0.653283 0.608286
v 0.064546 0.611088 0.736316
v 0.077607 0.598553 0.732647
v 0.067863 0.653283 0.608286
v 0.077607 0.598553 0.732647
v 0.090668 0.586017 0.728979
v 0.064546 0.611088 0.736316
v 0.067863 0.653283 0.608286
v 0.033374 0.670149 0.613221
v 0.033374 0.670149 0.613221
v 0.031631 0.627184 0.741027
v 0.048088 0.619136 0.738671
v 0.033374 0.670149 0.613221
v 0.048088 0.619136 0.738671
v 0.064546 0.611088 0.736316
v 0.031631 0.627184 0.741027
v 0.033374 0.670149 0.613221
v -0.004857 0.675960 0.614922
v -0.004857 0.675960 0.614922
v -0.004857 0.632730 0.742650
v 0.013387 0.629957 0.741838
v -0.004857 0.675960 0.614922
v 0.013387 0.629957 0.741838
v 0.031631 0.627184 0.741027
v -0.004857 0.632730 0.742650
v -0.004857 0.675960 0.614922
v -0.043088 0.670149 0.613221
v -0.004857 0.632730 0.742650
v -0.043088 0.670149 0.613221
v -0.041345 0.627184 0.741027
v -0.041345 0.627184 0.741027
v -0.023101 0.629957 0.741838
v -0.004857 0.632730 0.742650
v -0.041345 0.627184 0.741027
v -0.043088 0.670149 0.613221
v -0.077577 0.653283 0.608286
v -0.077577 0.653283 0.608286
v -0.074261 0.611088 0.736316
v -0.057803 0.619136 0.738671
v -0.077577 0.653283 0.608286
v -0.057803 0.619136 0.738671
v -0.041345 0.627184 0.741027
v -0.074261 0.611088 0.736316
v -0.077577 0.653283 0.608286
v -0.104947 0.627015 0.600598
v -0.104947 0.627015 0.600598
v -0.100383 0.586017 0.728979
v -0.087322 0.598553 0.732647
v -0.104947 0.627015 0.600598
v -0.087322 0.598553 0.732647
v -0.074261 0.611088 0.736316
v -0.100383 0.586017 0.728979
v -0.104947 0.627015 0.600598
v -0.122520 0.593915 0.590911
v -0.122520 0.593915 0.590911
v -0.117154 0.554426 0.719733
v -0.108769 0.570222 0.724356
v -0.122520 0.593915 0.590911
v -0.108769 0.570222 0.724356
v -0.100383 0.586017 0.728979
v -0.117154 0.554426 0.719733
v -0.122520 0.593915 0.590911
v -0.128575 0.557222 0.580172
v -0.117154 0.554426 0.719733
v -0.128575 0.557222 0.580172
v -0.122933 0.519408 0.709485
v -0.122933 0.519408 0.709485
v -0.120044 0.536917 0.714609
v -0.117154 0.554426 0.719733
v -0.122933 0.519408 0.709485
v -0.128575 0.557222 0.580172
v -0.122520 0.520531 0.569434
v -0.122933 0.519408 0.709485
v -0.122520 0.520531 0.569434
v -0.117154 0.484389 0.699236
v -0.117154 0.484389 0.699236
v -0.120044 0.501898 0.704361
v -0.122933 0.519408 0.709485
v -0.117154 0.484389 0.699236
v -0.122520 0.520531 0.569434
v -0.104947 0.487431 0.559747
v -0.117154 0.484389 0.699236
v -0.104947 0.487431 0.559747
v -0.100383 0.452798 0.689991
v -0.100383 0.452798 0.689991
v -0.108769 0.468594 0.694614
v -0.117154 0.484389 0.699236
v -0.100383 0.452798 0.689991
v -0.104947 0.487431 0.559747
v -0.077576 0.461162 0.552059
v -0.100383 0.452798 0.689991
v -0.077576 0.461162 0.552059
v -0.074261 0.427728 0.682654
v -0.074261 0.427728 0.682654
v -0.087322 0.440263 0.686322
v -0.100383 0.452798 0.689991
v -0.074261 0.427728 0.682654
v -0.077576 0.461162 0.552059
v -0.043088 0.444297 0.547123
v -0.074261 0.427728 0.682654
v -0.043088 0.444297 0.547123
v -0.041345 0.411631 0.677943
v -0.041345 0.411631 0.677943
v -0.057803 0.419680 0.680298
v -0.074261 0.427728 0.682654
v -0.041345 0.411631 0.677943
v -0.043088 0.444297 0.547123
v -0.004857 0.438485 0.545423
v -0.041345 0.411631 0.677943
v -0.004857 0.438485 0.545423
v -0.004857 0.406085 0.676320
v -0.004857 0.406085 0.676320
v -0.023101 0.408858 0.677131
v -0.041345 0.411631 0.677943
v -0.004857 0.406085 0.676320
v -0.004857 0.438485 0.545423
v 0.033374 0.444297 0.547123
v 0.033374 0.444297 0.547123
v 0.031631 0.411631 0.677943
v 0.013387 0.408858 0.677131
v 0.033374 0.444297 0.547123
v 0.013387 0.408858 0.677131
v -0.004857 0.406085 0.676320
v 0.031631 0.411631 0.677943
v 0.033374 0.444297 0.547123
v 0.067862 0.461162 0.552059
v 0.031631 0.411631 0.677943
v 0.067862 0.461162 0.552059
v 0.064546 0.427728 0.682654
v 0.064546 0.427728 0.682654
v 0.048088 0.419680 0.680298
v 0.031631 0.411631 0.677943
v 0.064546 0.427728 0.682654
v 0.067862 0.461162 0.552059
v 0.095233 0.487431 0.559747
v 0.064546 0.427728 0.682654
v 0.095233 0.487431 0.559747
v 0.090668 0.452798 0.689991
v 0.090668 0.452798 0.689991
v 0.077607 0.440263 0.686322
v 0.064546 0.427728 0.682654
v 0.090668 0.452798 0.689991
v 0.095233 0.487431 0.559747
v 0.112806 0.520531 0.569434
v 0.090668 0.452798 0.689991
v 0.112806 0.520531 0.569434
v 0.107440 0.484389 0.699236
v 0.107440 0.484389 0.699236
v 0.099054 0.468594 0.694614
v 0.090668 0.452798 0.689991
v 0.107440 0.484389 0.699236
v 0.112806 0.520531 0.569434
v 0.118861 0.557222 0.580172
v 0.107440 0.484389 0.699236
v 0.118861 0.557222 0.580172
v 0.113219 0.519408 0.709485
v 0.113219 0.519408 0.709485
v 0.110330 0.501898 0.704361
v 0.107440 0.484389 0.699236
v 0.113219 0.519408 0.709485
v 0.118861 0.557222 0.580172
v 0.112806 0.593915 0.590911
v 0.113219 0.519408 0.709485
v 0.112806 0.593915 0.590911
v 0.107440 0.554426 0.719733
v 0.107440 0.554426 0.719733
v 0.110330 0.536917 0.714609
v 0.113219 0.519408 0.709485
v 0.095233 0.627015 0.600598
v 0.112806 0.593915 0.590911
v -0.004857 0.557222 0.580172
v 0.067863 0.653283 0.608286
v 0.095233 0.627015 0.600598
v -0.004857 0.557222 0.580172
v 0.033374 0.670149 0.613221
v 0.067863 0.653283 0.608286
v -0.004857 0.557222 0.580172
v -0.004857 0.675960 0.614922
v 0.033374 0.670149 0.613221
v -0.004857 0.557222 0.580172
v -0.043088 0.670149 0.613221
v -0.004857 0.675960 0.614922
v -0.004857 0.557222 0.580172
v -0.077577 0.653283 0.608286
v -0.043088 0.670149 0.613221
v -0.004857 0.557222 0.580172
v -0.104947 0.627015 0.600598
v -0.077577 0.653283 0.608286
v -0.004857 0.557222 0.580172
v -0.122520 0.593915 0.590911
v -0.104947 0.627015 0.600598
v -0.004857 0.557222 0.580172
v -0.128575 0.557222 0.580172
v -0.122520 0.593915 0.590911
v -0.004857 0.557222 0.580172
v -0.122520 0.520531 0.569434
v -0.128575 0.557222 0.580172
v -0.004857 0.557222 0.580172
v -0.104947 0.487431 0.559747
v -0.122520 0.520531 0.569434
v -0.004857 0.557222 0.580172
v -0.077576 0.461162 0.552059
v -0.104947 0.487431 0.559747
v -0.004857 0.557222 0.580172
v -0.043088 0.444297 0.547123
v -0.077576 0.461162 0.552059
v -0.004857 0.557222 0.580172
v -0.004857 0.438485 0.545423
v -0.043088 0.444297 0.547123
v -0.004857 0.557222 0.580172
v 0.033374 0.444297 0.547123
v -0.004857 0.438485 0.545423
v -0.004857 0.557222 0.580172
v 0.067862 0.461162 0.552059
v 0.033374 0.444297 0.547123
v -0.004857 0.557222 0.580172
v 0.095233 0.487431 0.559747
v 0.067862 0.461162 0.552059
v -0.004857 0.557222 0.580172
v 0.112806 0.520531 0.569434
v 0.095233 0.487431 0.559747
v -0.004857 0.557222 0.580172
v 0.118861 0.557222 0.580172
v 0.112806 0.520531 0.569434
v -0.004857 0.557222 0.580172
v 0.112806 0.593915 0.590911
v 0.118861 0.557222 0.580172
v -0.004857 0.557222 0.580172
v 0.034050 0.480716 0.886635
v 0.028239 0.491661 0.889839
v -0.004857 0.468583 0.883085
v 0.028239 0.491661 0.889839
v 0.019189 0.500348 0.892381
v -0.004857 0.468583 0.883085
v 0.019189 0.500348 0.892381
v 0.007784 0.505924 0.894013
v -0.004857 0.468583 0.883085
v 0.007784 0.505924 0.894013
v -0.004857 0.507846 0.894575
v -0.004857 0.468583 0.883085
v -0.004857 0.507846 0.894575
v -0.017499 0.505924 0.894013
v -0.004857 0.468583 0.883085
v -0.017499 0.505924 0.894013
v -0.028903 0.500348 0.892381
v -0.004857 0.468583 0.883085
v -0.028903 0.500348 0.892381
v -0.037953 0.491661 0.889839
v -0.004857 0.468583 0.883085
v -0.037953 0.491661 0.889839
v -0.043764 0.480716 0.886635
v -0.004857 0.468583 0.883085
v -0.043764 0.480716 0.886635
v -0.045766 0.468584 0.883085
v -0.004857 0.468583 0.883085
v -0.045766 0.468584 0.883085
v -0.043764 0.456451 0.879534
v -0.004857 0.468583 0.883085
v -0.043764 0.456451 0.879534
v -0.037953 0.445506 0.876331
v -0.004857 0.468583 0.883085
v -0.037953 0.445506 0.876331
v -0.028903 0.436819 0.873788
v -0.004857 0.468583 0.883085
v -0.028903 0.436819 0.873788
v -0.017499 0.431243 0.872156
v -0.004857 0.468583 0.883085
v -0.017499 0.431243 0.872156
v -0.004857 0.429321 0.871594
v -0.004857 0.468583 0.883085
v -0.004857 0.429321 0.871594
v 0.007784 0.431243 0.872156
v -0.004857 0.468583 0.883085
v 0.007784 0.431243 0.872156
v 0.019189 0.436819 0.873788
v -0.004857 0.468583 0.883085
v 0.019189 0.436819 0.873788
v 0.028239 0.445506 0.876331
v -0.004857 0.468583 0.883085
v 0.028239 0.445506 0.876331
v 0.034050 0.456451 0.879534
v -0.004857 0.468583 0.883085
v 0.034050 0.456451 0.879534
v 0.036052 0.468584 0.883085
v -0.004857 0.468583 0.883085
v 0.036052 0.468584 0.883085
v 0.034050 0.480716 0.886635
v -0.004857 0.468583 0.883085
v 0.028239 0.445506 0.876331
v 0.051337 0.435765 0.849915
v 0.056270 0.445056 0.852634
v 0.028239 0.445506 0.876331
v 0.056270 0.445056 0.852634
v 0.061203 0.454348 0.855353
v 0.061203 0.454348 0.855353
v 0.034050 0.456451 0.879534
v 0.028239 0.445506 0.876331
v 0.019189 0.436819 0.873788
v 0.035970 0.421017 0.845598
v 0.043653 0.428391 0.847757
v 0.019189 0.436819 0.873788
v 0.043653 0.428391 0.847757
v 0.051337 0.435765 0.849915
v 0.051337 0.435765 0.849915
v 0.028239 0.445506 0.876331
v 0.019189 0.436819 0.873788
v 0.007784 0.431243 0.872156
v 0.016607 0.411548 0.842827
v 0.026289 0.416282 0.844213
v 0.007784 0.431243 0.872156
v 0.026289 0.416282 0.844213
v 0.035970 0.421017 0.845598
v 0.035970 0.421017 0.845598
v 0.019189 0.436819 0.873788
v 0.007784 0.431243 0.872156
v -0.004857 0.429321 0.871594
v -0.004857 0.408285 0.841872
v 0.005875 0.409916 0.842350
v -0.004857 0.429321 0.871594
v 0.005875 0.409916 0.842350
v 0.016607 0.411548 0.842827
v 0.016607 0.411548 0.842827
v 0.007784 0.431243 0.872156
v -0.004857 0.429321 0.871594
v -0.017499 0.431243 0.872156
v -0.026321 0.411548 0.842827
v -0.015589 0.409916 0.842350
v -0.017499 0.431243 0.872156
v -0.015589 0.409916 0.842350
v -0.004857 0.408285 0.841872
v -0.004857 0.408285 0.841872
v -0.004857 0.429321 0.871594
v -0.017499 0.431243 0.872156
v -0.028903 0.436819 0.873788
v -0.045684 0.421017 0.845598
v -0.036003 0.416282 0.844213
v -0.028903 0.436819 0.873788
v -0.036003 0.416282 0.844213
v -0.026321 0.411548 0.842827
v -0.026321 0.411548 0.842827
v -0.017499 0.431243 0.872156
v -0.028903 0.436819 0.873788
v -0.037953 0.445506 0.876331
v -0.061051 0.435765 0.849915
v -0.053368 0.428391 0.847757
v -0.037953 0.445506 0.876331
v -0.053368 0.428391 0.847757
v -0.045684 0.421017 0.845598
v -0.045684 0.421017 0.845598
v -0.028903 0.436819 0.873788
v -0.037953 0.445506 0.876331
v -0.043764 0.456451 0.879534
v -0.070917 0.454348 0.855353
v -0.065984 0.445056 0.852634
v -0.043764 0.456451 0.879534
v -0.065984 0.445056 0.852634
v -0.061051 0.435765 0.849915
v -0.061051 0.435765 0.849915
v -0.037953 0.445506 0.876331
v -0.043764 0.456451 0.879534
v -0.045766 0.468584 0.883085
v -0.074316 0.474948 0.861382
v -0.072617 0.464648 0.858368
v -0.045766 0.468584 0.883085
v -0.072617 0.464648 0.858368
v -0.070917 0.454348 0.855353
v -0.070917 0.454348 0.855353
v -0.043764 0.456451 0.879534
v -0.045766 0.468584 0.883085
v -0.043764 0.480716 0.886635
v -0.070917 0.495548 0.867411
v -0.072617 0.485248 0.864397
v -0.043764 0.480716 0.886635
v -0.072617 0.485248 0.864397
v -0.074316 0.474948 0.861382
v -0.074316 0.474948 0.861382
v -0.045766 0.468584 0.883085
v -0.043764 0.480716 0.886635
v -0.037953 0.491661 0.889839
v -0.061051 0.514132 0.872850
v -0.065984 0.504840 0.870130
v -0.037953 0.491661 0.889839
v -0.065984 0.504840 0.870130
v -0.070917 0.495548 0.867411
v -0.070917 0.495548 0.867411
v -0.043764 0.480716 0.886635
v -0.037953 0.491661 0.889839
v -0.028903 0.500348 0.892381
v -0.045684 0.528880 0.877166
v -0.053368 0.521506 0.875008
v -0.028903 0.500348 0.892381
v -0.053368 0.521506 0.875008
v -0.061051 0.514132 0.872850
v -0.061051 0.514132 0.872850
v -0.037953 0.491661 0.889839
v -0.028903 0.500348 0.892381
v -0.017499 0.505924 0.894013
v -0.026321 0.538349 0.879937
v -0.036003 0.533614 0.878551
v -0.017499 0.505924 0.894013
v -0.036003 0.533614 0.878551
v -0.045684 0.528880 0.877166
v -0.045684 0.528880 0.877166
v -0.028903 0.500348 0.892381
v -0.017499 0.505924 0.894013
v -0.004857 0.507846 0.894575
v -0.004857 0.541611 0.880892
v -0.015589 0.539980 0.880414
v -0.004857 0.507846 0.894575
v -0.015589 0.539980 0.880414
v -0.026321 0.538349 0.879937
v -0.026321 0.538349 0.879937
v -0.017499 0.505924 0.894013
v -0.004857 0.507846 0.894575
v 0.007784 0.505924 0.894013
v 0.016607 0.538349 0.879937
v 0.005875 0.539980 0.880414
v 0.007784 0.505924 0.894013
v 0.005875 0.539980 0.880414
v -0.004857 0.541611 0.880892
v -0.004857 0.541611 0.880892
v -0.004857 0.507846 0.894575
v 0.007784 0.505924 0.894013
v 0.019189 0.500348 0.892381
v 0.035970 0.528880 0.877166
v 0.026289 0.533614 0.878551
v 0.019189 0.500348 0.892381
v 0.026289 0.533614 0.878551
v 0.016607 0.538349 0.879937
v 0.016607 0.538349 0.879937
v 0.007784 0.505924 0.894013
v 0.019189 0.500348 0.892381
v 0.028239 0.491661 0.889839
v 0.051337 0.514132 0.872850
v 0.043653 0.521506 0.875008
v 0.028239 0.491661 0.889839
v 0.043653 0.521506 0.875008
v 0.035970 0.528880 0.877166
v 0.035970 0.528880 0.877166
v 0.019189 0.500348 0.892381
v 0.028239 0.491661 0.889839
v 0.034050 0.480716 0.886635
v 0.061203 0.495548 0.867411
v 0.056270 0.504840 0.870130
v 0.034050 0.480716 0.886635
v 0.056270 0.504840 0.870130
v 0.051337 0.514132 0.872850
v 0.051337 0.514132 0.872850
v 0.028239 0.491661 0.889839
v 0.034050 0.480716 0.886635
v 0.036052 0.468584 0.883085
v 0.064602 0.474948 0.861382
v 0.062902 0.485248 0.864397
v 0.036052 0.468584 0.883085
v 0.062902 0.485248 0.864397
v 0.061203 0.495548 0.867411
v 0.061203 0.495548 0.867411
v 0.034050 0.480716 0.886635
v 0.036052 0.468584 0.883085
v 0.034050 0.456451 0.879534
v 0.061203 0.454348 0.855353
v 0.062902 0.464648 0.858368
v 0.034050 0.456451 0.879534
v 0.062902 0.464648 0.858368
v 0.064602 0.474948 0.861382
v 0.064602 0.474948 0.861382
v 0.036052 0.468584 0.883085
v 0.034050 0.456451 0.879534
v 0.061203 0.454348 0.855353
v 0.056270 0.445056 0.852634
v 0.076381 0.447498 0.807825
v 0.076381 0.447498 0.807825
v 0.082937 0.459847 0.811439
v 0.061203 0.454348 0.855353
v 0.051337 0.435765 0.849915
v 0.043653 0.428391 0.847757
v 0.059614 0.425349 0.801343
v 0.059614 0.425349 0.801343
v 0.069825 0.435149 0.804211
v 0.051337 0.435765 0.849915
v 0.035970 0.421017 0.845598
v 0.026289 0.416282 0.844213
v 0.036536 0.409257 0.796634
v 0.036536 0.409257 0.796634
v 0.049403 0.415549 0.798475
v 0.035970 0.421017 0.845598
v 0.016607 0.411548 0.842827
v 0.005875 0.409916 0.842350
v 0.009406 0.400797 0.794158
v 0.009406 0.400797 0.794158
v 0.023669 0.402965 0.794792
v 0.016607 0.411548 0.842827
v -0.004857 0.408285 0.841872
v -0.015589 0.409916 0.842350
v -0.019120 0.400797 0.794158
v -0.019120 0.400797 0.794158
v -0.004857 0.398629 0.793523
v -0.004857 0.408285 0.841872
v -0.026321 0.411548 0.842827
v -0.036003 0.416282 0.844213
v -0.046250 0.409257 0.796634
v -0.046250 0.409257 0.796634
v -0.033383 0.402965 0.794792
v -0.026321 0.411548 0.842827
v -0.045684 0.421017 0.845598
v -0.053368 0.428391 0.847757
v -0.069328 0.425349 0.801343
v -0.069328 0.425349 0.801343
v -0.059117 0.415549 0.798475
v -0.045684 0.421017 0.845598
v -0.061051 0.435765 0.849915
v -0.065984 0.445056 0.852634
v -0.086095 0.447498 0.807825
v -0.086095 0.447498 0.807825
v -0.079539 0.435149 0.804211
v -0.061051 0.435765 0.849915
v -0.070917 0.454348 0.855353
v -0.072617 0.464648 0.858368
v -0.094911 0.473536 0.815446
v -0.094911 0.473536 0.815446
v -0.092651 0.459847 0.811439
v -0.070917 0.454348 0.855353
v -0.074316 0.474948 0.861382
v -0.072617 0.485248 0.864397
v -0.094911 0.500914 0.823458
v -0.094911 0.500914 0.823458
v -0.097170 0.487225 0.819452
v -0.074316 0.474948 0.861382
v -0.070917 0.495548 0.867411
v -0.065984 0.504840 0.870130
v -0.086095 0.526951 0.831078
v -0.086095 0.526951 0.831078
v -0.092651 0.514603 0.827464
v -0.070917 0.495548 0.867411
v -0.061051 0.514132 0.872850
v -0.053368 0.521506 0.875008
v -0.069328 0.549100 0.837560
v -0.069328 0.549100 0.837560
v -0.079539 0.539300 0.834692
v -0.061051 0.514132 0.872850
v -0.045684 0.528880 0.877166
v -0.036003 0.533614 0.878551
v -0.046250 0.565193 0.842270
v -0.046250 0.565193 0.842270
v -0.059117 0.558901 0.840428
v -0.045684 0.528880 0.877166
v -0.026321 0.538349 0.879937
v -0.015589 0.539980 0.880414
v -0.019120 0.573653 0.844746
v -0.019120 0.573653 0.844746
v -0.033383 0.571485 0.844111
v -0.026321 0.538349 0.879937
v -0.004857 0.541611 0.880892
v 0.005875 0.539980 0.880414
v 0.009406 0.573653 0.844746
v 0.009406 0.573653 0.844746
v -0.004857 0.575821 0.845380
v -0.004857 0.541611 0.880892
v 0.016607 0.538349 0.879937
v 0.026289 0.533614 0.878551
v 0.036536 0.565193 0.842270
v 0.036536 0.565193 0.842270
v 0.023669 0.571485 0.844111
v 0.016607 0.538349 0.879937
v 0.035970 0.528880 0.877166
v 0.043653 0.521506 0.875008
v 0.059614 0.549101 0.837560
v 0.059614 0.549101 0.837560
v 0.049403 0.558901 0.840428
v 0.035970 0.528880 0.877166
v 0.051337 0.514132 0.872850
v 0.056270 0.504840 0.870130
v 0.076381 0.526951 0.831078
v 0.076381 0.526951 0.831078
v 0.069825 0.539300 0.834692
v 0.051337 0.514132 0.872850
v 0.061203 0.495548 0.867411
v 0.062902 0.485248 0.864397
v 0.085196 0.500914 0.823458
v 0.085196 0.500914 0.823458
v 0.082937 0.514603 0.827464
v 0.061203 0.495548 0.867411
v 0.064602 0.474948 0.861382
v 0.062902 0.464648 0.858368
v 0.085196 0.473536 0.815446
v 0.085196 0.473536 0.815446
v 0.087455 0.487225 0.819452
v 0.064602 0.474948 0.861382
v 0.082937 0.459847 0.811439
v 0.076381 0.447498 0.807825
v 0.092054 0.455925 0.750599
v 0.092054 0.455925 0.750599
v 0.099875 0.470657 0.754910
v 0.082937 0.459847 0.811439
v 0.069825 0.435149 0.804211
v 0.059614 0.425349 0.801343
v 0.072052 0.429503 0.742866
v 0.072052 0.429503 0.742866
v 0.084233 0.441194 0.746288
v 0.069825 0.435149 0.804211
v 0.049403 0.415549 0.798475
v 0.036536 0.409257 0.796634
v 0.044522 0.410306 0.737248
v 0.044522 0.410306 0.737248
v 0.059871 0.417812 0.739445
v 0.049403 0.415549 0.798475
v 0.023669 0.402965 0.794792
v 0.009406 0.400797 0.794158
v 0.012158 0.400214 0.734294
v 0.012158 0.400214 0.734294
v 0.029173 0.402800 0.735051
v 0.023669 0.402965 0.794792
v -0.004857 0.398629 0.793523
v -0.019120 0.400797 0.794158
v -0.021872 0.400214 0.734294
v -0.021872 0.400214 0.734294
v -0.004857 0.397628 0.733537
v -0.004857 0.398629 0.793523
v -0.033383 0.402965 0.794792
v -0.046250 0.409257 0.796634
v -0.054236 0.410306 0.737248
v -0.054236 0.410306 0.737248
v -0.038887 0.402800 0.735051
v -0.033383 0.402965 0.794792
v -0.059117 0.415549 0.798475
v -0.069328 0.425349 0.801343
v -0.081766 0.429503 0.742866
v -0.081766 0.429503 0.742866
v -0.069585 0.417812 0.739445
v -0.059117 0.415549 0.798475
v -0.079539 0.435149 0.804211
v -0.086095 0.447498 0.807825
v -0.101768 0.455925 0.750599
v -0.101768 0.455925 0.750599
v -0.093947 0.441194 0.746288
v -0.079539 0.435149 0.804211
v -0.092651 0.459847 0.811439
v -0.094911 0.473536 0.815446
v -0.112284 0.486986 0.759689
v -0.112284 0.486986 0.759689
v -0.109589 0.470657 0.754910
v -0.092651 0.459847 0.811439
v -0.097170 0.487225 0.819452
v -0.094911 0.500914 0.823458
v -0.112284 0.519646 0.769247
v -0.112284 0.519646 0.769247
v -0.114979 0.503316 0.764468
v -0.097170 0.487225 0.819452
v -0.092651 0.514603 0.827464
v -0.086095 0.526951 0.831078
v -0.101768 0.550707 0.778338
v -0.101768 0.550707 0.778338
v -0.109589 0.535976 0.774026
v -0.092651 0.514603 0.827464
v -0.079539 0.539300 0.834692
v -0.069328 0.549100 0.837560
v -0.081766 0.577129 0.786070
v -0.081766 0.577129 0.786070
v -0.093947 0.565439 0.782649
v -0.079539 0.539300 0.834692
v -0.059117 0.558901 0.840428
v -0.046250 0.565193 0.842270
v -0.054236 0.596326 0.791689
v -0.054236 0.596326 0.791689
v -0.069585 0.588820 0.789492
v -0.059117 0.558901 0.840428
v -0.033383 0.571485 0.844111
v -0.019120 0.573653 0.844746
v -0.021872 0.606419 0.794642
v -0.021872 0.606419 0.794642
v -0.038887 0.603832 0.793885
v -0.033383 0.571485 0.844111
v -0.004857 0.575821 0.845380
v 0.009406 0.573653 0.844746
v 0.012158 0.606419 0.794642
v 0.012158 0.606419 0.794642
v -0.004857 0.609005 0.795399
v -0.004857 0.575821 0.845380
v 0.023669 0.571485 0.844111
v 0.036536 0.565193 0.842270
v 0.044522 0.596326 0.791689
v 0.044522 0.596326 0.791689
v 0.029173 0.603832 0.793885
v 0.023669 0.571485 0.844111
v 0.049403 0.558901 0.840428
v 0.059614 0.549101 0.837560
v 0.072052 0.577129 0.786070
v 0.072052 0.577129 0.786070
v 0.059871 0.588820 0.789492
v 0.049403 0.558901 0.840428
v 0.069825 0.539300 0.834692
v 0.076381 0.526951 0.831078
v 0.092054 0.550707 0.778338
v 0.092054 0.550707 0.778338
v 0.084233 0.565439 0.782649
v 0.069825 0.539300 0.834692
v 0.082937 0.514603 0.827464
v 0.085196 0.500914 0.823458
v 0.102570 0.519646 0.769247
v 0.102570 0.519646 0.769247
v 0.099875 0.535976 0.774026
v 0.082937 0.514603 0.827464
v 0.087455 0.487225 0.819452
v 0.085196 0.473536 0.815446
v 0.102570 0.486987 0.759689
v 0.102570 0.486987 0.759689
v 0.105265 0.503316 0.764468
v 0.087455 0.487225 0.819452
v 0.099875 0.470657 0.754910
v 0.092054 0.455925 0.750599
v 0.099054 0.468594 0.694614
v 0.099054 0.468594 0.694614
v 0.107440 0.484389 0.699236
v 0.099875 0.470657 0.754910
v 0.084233 0.441194 0.746288
v 0.072052 0.429503 0.742866
v 0.077607 0.440263 0.686322
v 0.077607 0.440263 0.686322
v 0.090668 0.452798 0.689991
v 0.084233 0.441194 0.746288
v 0.059871 0.417812 0.739445
v 0.044522 0.410306 0.737248
v 0.048088 0.419680 0.680298
v 0.048088 0.419680 0.680298
v 0.064546 0.427728 0.682654
v 0.059871 0.417812 0.739445
v 0.029173 0.402800 0.735051
v 0.012158 0.400214 0.734294
v 0.013387 0.408858 0.677131
v 0.013387 0.408858 0.677131
v 0.031631 0.411631 0.677943
v 0.029173 0.402800 0.735051
v -0.004857 0.397628 0.733537
v -0.021872 0.400214 0.734294
v -0.023101 0.408858 0.677131
v -0.023101 0.408858 0.677131
v -0.004857 0.406085 0.676320
v -0.004857 0.397628 0.733537
v -0.038887 0.402800 0.735051
v -0.054236 0.410306 0.737248
v -0.057803 0.419680 0.680298
v -0.057803 0.419680 0.680298
v -0.041345 0.411631 0.677943
v -0.038887 0.402800 0.735051
v -0.069585 0.417812 0.739445
v -0.081766 0.429503 0.742866
v -0.087322 0.440263 0.686322
v -0.087322 0.440263 0.686322
v -0.074261 0.427728 0.682654
v -0.069585 0.417812 0.739445
v -0.093947 0.441194 0.746288
v -0.101768 0.455925 0.750599
v -0.108769 0.468594 0.694614
v -0.108769 0.468594 0.694614
v -0.100383 0.452798 0.689991
v -0.093947 0.441194 0.746288
v -0.109589 0.470657 0.754910
v -0.112284 0.486986 0.759689
v -0.120044 0.501898 0.704361
v -0.120044 0.501898 0.704361
v -0.117154 0.484389 0.699236
v -0.109589 0.470657 0.754910
v -0.114979 0.503316 0.764468
v -0.112284 0.519646 0.769247
v -0.120044 0.536917 0.714609
v -0.120044 0.536917 0.714609
v -0.122933 0.519408 0.709485
v -0.114979 0.503316 0.764468
v -0.109589 0.535976 0.774026
v -0.101768 0.550707 0.778338
v -0.108769 0.570222 0.724356
v -0.108769 0.570222 0.724356
v -0.117154 0.554426 0.719733
v -0.109589 0.535976 0.774026
v -0.093947 0.565439 0.782649
v -0.081766 0.577129 0.786070
v -0.087322 0.598553 0.732647
v -0.087322 0.598553 0.732647
v -0.100383 0.586017 0.728979
v -0.093947 0.565439 0.782649
v -0.069585 0.588820 0.789492
v -0.054236 0.596326 0.791689
v -0.057803 0.619136 0.738671
v -0.057803 0.619136 0.738671
v -0.074261 0.611088 0.736316
v -0.069585 0.588820 0.789492
v -0.038887 0.603832 0.793885
v -0.021872 0.606419 0.794642
v -0.023101 0.629957 0.741838
v -0.023101 0.629957 0.741838
v -0.041345 0.627184 0.741027
v -0.038887 0.603832 0.793885
v -0.004857 0.609005 0.795399
v 0.012158 0.606419 0.794642
v 0.013387 0.629957 0.741838
v 0.013387 0.629957 0.741838
v -0.004857 0.632730 0.742650
v -0.004857 0.609005 0.795399
v 0.029173 0.603832 0.793885
v 0.044522 0.596326 0.791689
v 0.048088 0.619136 0.738671
v 0.048088 0.619136 0.738671
v 0.031631 0.627184 0.741027
v 0.029173 0.603832 0.793885
v 0.059871 0.588820 0.789492
v 0.072052 0.577129 0.786070
v 0.077607 0.598553 0.732647
v 0.077607 0.598553 0.732647
v 0.064546 0.611088 0.736316
v 0.059871 0.588820 0.789492
v 0.084233 0.565439 0.782649
v 0.092054 0.550707 0.778338
v 0.099054 0.570222 0.724356
v 0.099054 0.570222 0.724356
v 0.090668 0.586017 0.728979
v 0.084233 0.565439 0.782649
v 0.099875 0.535976 0.774026
v 0.102570 0.519646 0.769247
v 0.110330 0.536917 0.714609
v 0.110330 0.536917 0.714609
v 0.107440 0.554426 0.719733
v 0.099875 0.535976 0.774026
v 0.105265 0.503316 0.764468
v 0.102570 0.486987 0.759689
v 0.110330 0.501898 0.704361
v 0.110330 0.501898 0.704361
v 0.113219 0.519408 0.709485
v 0.105265 0.503316 0.764468
v 0.051337 0.435765 0.849915
v 0.069825 0.435149 0.804211
v 0.076381 0.447498 0.807825
v 0.076381 0.447498 0.807825
v 0.056270 0.445056 0.852634
v 0.051337 0.435765 0.849915
v 0.069825 0.435149 0.804211
v 0.084233 0.441194 0.746288
v 0.092054 0.455925 0.750599
v 0.092054 0.455925 0.750599
v 0.076381 0.447498 0.807825
v 0.069825 0.435149 0.804211
v 0.084233 0.441194 0.746288
v 0.090668 0.452798 0.689991
v 0.099054 0.468594 0.694614
v 0.099054 0.468594 0.694614
v 0.092054 0.455925 0.750599
v 0.084233 0.441194 0.746288
v 0.035970 0.421017 0.845598
v 0.049403 0.415549 0.798475
v 0.059614 0.425349 0.801343
v 0.059614 0.425349 0.801343
v 0.043653 0.428391 0.847757
v 0.035970 0.421017 0.845598
v 0.049403 0.415549 0.798475
v 0.059871 0.417812 0.739445
v 0.072052 0.429503 0.742866
v 0.072052 0.429503 0.742866
v 0.059614 0.425349 0.801343
v 0.049403 0.415549 0.798475
v 0.059871 0.417812 0.739445
v 0.064546 0.427728 0.682654
v 0.077607 0.440263 0.686322
v 0.077607 0.440263 0.686322
v 0.072052 0.429503 0.742866
v 0.059871 0.417812 0.739445
v 0.016607 0.411548 0.842827
v 0.023669 0.402965 0.794792
v 0.036536 0.409257 0.796634
v 0.036536 0.409257 0.796634
v 0.026289 0.416282 0.844213
v 0.016607 0.411548 0.842827
v 0.023669 0.402965 0.794792
v 0.029173 0.402800 0.735051
v 0.044522 0.410306 0.737248
v 0.044522 0.410306 0.737248
v 0.036536 0.409257 0.796634
v 0.023669 0.402965 0.794792
v 0.029173 0.402800 0.735051
v 0.031631 0.411631 0.677943
v 0.048088 0.419680 0.680298
v 0.048088 0.419680 0.680298
v 0.044522 0.410306 0.737248
v 0.029173 0.402800 0.735051
v -0.004857 0.408285 0.841872
v -0.004857 0.398629 0.793523
v 0.009406 0.400797 0.794158
v 0.009406 0.400797 0.794158
v 0.005875 0.409916 0.842350
v -0.004857 0.408285 0.841872
v -0.004857 0.398629 0.793523
v -0.004857 0.397628 0.733537
v 0.012158 0.400214 0.734294
v 0.012158 0.400214 0.734294
v 0.009406 0.400797 0.794158
v -0.004857 0.398629 0.793523
v -0.004857 0.397628 0.733537
v -0.004857 0.406085 0.676320
v 0.013387 0.408858 0.677131
v 0.013387 0.408858 0.677131
v 0.012158 0.400214 0.734294
v -0.004857 0.397628 0.733537
v -0.026321 0.411548 0.842827
v -0.033383 0.402965 0.794792
v -0.019120 0.400797 0.794158
v -0.019120 0.400797 0.794158
v -0.015589 0.409916 0.842350
v -0.026321 0.411548 0.842827
v -0.033383 0.402965 0.794792
v -0.038887 0.402800 0.735051
v -0.021872 0.400214 0.734294
v -0.021872 0.400214 0.734294
v -0.019120 0.400797 0.794158
v -0.033383 0.402965 0.794792
v -0.038887 0.402800 0.735051
v -0.041345 0.411631 0.677943
v -0.023101 0.408858 0.677131
v -0.023101 0.408858 0.677131
v -0.021872 0.400214 0.734294
v -0.038887 0.402800 0.735051
v -0.045684 0.421017 0.845598
v -0.059117 0.415549 0.798475
v -0.046250 0.409257 0.796634
v -0.046250 0.409257 0.796634
v -0.036003 0.416282 0.844213
v -0.045684 0.421017 0.845598
v -0.059117 0.415549 0.798475
v -0.069585 0.417812 0.739445
v -0.054236 0.410306 0.737248
v -0.054236 0.410306 0.737248
v -0.046250 0.409257 0.796634
v -0.059117 0.415549 0.798475
v -0.069585 0.417812 0.739445
v -0.074261 0.427728 0.682654
v -0.057803 0.419680 0.680298
v -0.057803 0.419680 0.680298
v -0.054236 0.410306 0.737248
v -0.069585 0.417812 0.739445
v -0.061051 0.435765 0.849915
v -0.079539 0.435149 0.804211
v -0.069328 0.425349 0.801343
v -0.069328 0.425349 0.801343
v -0.053368 0.428391 0.847757
v -0.061051 0.435765 0.849915
v -0.079539 0.435149 0.804211
v -0.093947 0.441194 0.746288
v -0.081766 0.429503 0.742866
v -0.081766 0.429503 0.742866
v -0.069328 0.425349 0.801343
v -0.079539 0.435149 0.804211
v -0.093947 0.441194 0.746288
v -0.100383 0.452798 0.689991
v -0.087322 0.440263 0.686322
v -0.087322 0.440263 0.686322
v -0.081766 0.429503 0.742866
v -0.093947 0.441194 0.746288
v -0.070917 0.454348 0.855353
v -0.092651 0.459847 0.811439
v -0.086095 0.447498 0.807825
v -0.086095 0.447498 0.807825
v -0.065984 0.445056 0.852634
v -0.070917 0.454348 0.855353
v -0.092651 0.459847 0.811439
v -0.109589 0.470657 0.754910
v -0.101768 0.455925 0.750599
v -0.101768 0.455925 0.750599
v -0.086095 0.447498 0.807825
v -0.092651 0.459847 0.811439
v -0.109589 0.470657 0.754910
v -0.117154 0.484389 0.699236
v -0.108769 0.468594 0.694614
v -0.108769 0.468594 0.694614
v -0.101768 0.455925 0.750599
v -0.109589 0.470657 0.754910
v -0.074316 0.474948 0.861382
v -0.097170 0.487225 0.819452
v -0.094911 0.473536 0.815446
v -0.094911 0.473536 0.815446
v -0.072617 0.464648 0.858368
v -0.074316 0.474948 0.861382
v -0.097170 0.487225 0.819452
v -0.114979 0.503316 0.764468
v -0.112284 0.486986 0.759689
v -0.112284 0.486986 0.759689
v -0.094911 0.473536 0.815446
v -0.097170 0.487225 0.819452
v -0.114979 0.503316 0.764468
v -0.122933 0.519408 0.709485
v -0.120044 0.501898 0.704361
v -0.120044 0.501898 0.704361
v -0.112284 0.486986 0.759689
v -0.114979 0.503316 0.764468
v -0.070917 0.495548 0.867411
v -0.092651 0.514603 0.827464
v -0.094911 0.500914 0.823458
v -0.094911 0.500914 0.823458
v -0.072617 0.485248 0.864397
v -0.070917 0.495548 0.867411
v -0.092651 0.514603 0.827464
v -0.109589 0.535976 0.774026
v -0.112284 0.519646 0.769247
v -0.112284 0.519646 0.769247
v -0.094911 0.500914 0.823458
v -0.092651 0.514603 0.827464
v -0.109589 0.535976 0.774026
v -0.117154 0.554426 0.719733
v -0.120044 0.536917 0.714609
v -0.120044 0.536917 0.714609
v -0.112284 0.519646 0.769247
v -0.109589 0.535976 0.774026
v -0.061051 0.514132 0.872850
v -0.079539 0.539300 0.834692
v -0.086095 0.526951 0.831078
v -0.086095 0.526951 0.831078
v -0.065984 0.504840 0.870130
v -0.061051 0.514132 0.872850
v -0.079539 0.539300 0.834692
v -0.093947 0.565439 0.782649
v -0.101768 0.550707 0.778338
v -0.101768 0.550707 0.778338
v -0.086095 0.526951 0.831078
v -0.079539 0.539300 0.834692
v -0.093947 0.565439 0.782649
v -0.100383 0.586017 0.728979
v -0.108769 0.570222 0.724356
v -0.108769 0.570222 0.724356
v -0.101768 0.550707 0.778338
v -0.093947 0.565439 0.782649
v -0.045684 0.528880 0.877166
v -0.059117 0.558901 0.840428
v -0.069328 0.549100 0.837560
v -0.069328 0.549100 0.837560
v -0.053368 0.521506 0.875008
v -0.045684 0.528880 0.877166
v -0.059117 0.558901 0.840428
v -0.069585 0.588820 0.789492
v -0.081766 0.577129 0.786070
v -0.081766 0.577129 0.786070
v -0.069328 0.549100 0.837560
v -0.059117 0.558901 0.840428
v -0.069585 0.588820 0.789492
v -0.074261 0.611088 0.736316
v -0.087322 0.598553 0.732647
v -0.087322 0.598553 0.732647
v -0.081766 0.577129 0.786070
v -0.069585 0.588820 0.789492
v -0.026321 0.538349 0.879937
v -0.033383 0.571485 0.844111
v -0.046250 0.565193 0.842270
v -0.046250 0.565193 0.842270
v -0.036003 0.533614 0.878551
v -0.026321 0.538349 0.879937
v -0.033383 0.571485 0.844111
v -0.038887 0.603832 0.793885
v -0.054236 0.596326 0.791689
v -0.054236 0.596326 0.791689
v -0.046250 0.565193 0.842270
v -0.033383 0.571485 0.844111
v -0.038887 0.603832 0.793885
v -0.041345 0.627184 0.741027
v -0.057803 0.619136 0.738671
v -0.057803 0.619136 0.738671
v -0.054236 0.596326 0.791689
v -0.038887 0.603832 0.793885
v -0.004857 0.541611 0.880892
v -0.004857 0.575821 0.845380
v -0.019120 0.573653 0.844746
v -0.019120 0.573653 0.844746
v -0.015589 0.539980 0.880414
v -0.004857 0.541611 0.880892
v -0.004857 0.575821 0.845380
v -0.004857 0.609005 0.795399
v -0.021872 0.606419 0.794642
v -0.021872 0.606419 0.794642
v -0.019120 0.573653 0.844746
v -0.004857 0.575821 0.845380
v -0.004857 0.609005 0.795399
v -0.004857 0.632730 0.742650
v -0.023101 0.629957 0.741838
v -0.023101 0.629957 0.741838
v -0.021872 0.606419 0.794642
v -0.004857 0.609005 0.795399
v 0.016607 0.538349 0.879937
v 0.023669 0.571485 0.844111
v 0.009406 0.573653 0.844746
v 0.009406 0.573653 0.844746
v 0.005875 0.539980 0.880414
v 0.016607 0.538349 0.879937
v 0.023669 0.571485 0.844111
v 0.029173 0.603832 0.793885
v 0.012158 0.606419 0.794642
v 0.012158 0.606419 0.794642
v 0.009406 0.573653 0.844746
v 0.023669 0.571485 0.844111
v 0.029173 0.603832 0.793885
v 0.031631 0.627184 0.741027
v 0.013387 0.629957 0.741838
v 0.013387 0.629957 0.741838
v 0.012158 0.606419 0.794642
v 0.029173 0.603832 0.793885
v 0.035970 0.528880 0.877166
v 0.049403 0.558901 0.840428
v 0.036536 0.565193 0.842270
v 0.036536 0.565193 0.842270
v 0.026289 0.533614 0.878551
v 0.035970 0.528880 0.877166
v 0.049403 0.558901 0.840428
v 0.059871 0.588820 0.789492
v 0.044522 0.596326 0.791689
v 0.044522 0.596326 0.791689
v 0.036536 0.565193 0.842270
v 0.049403 0.558901 0.840428
v 0.059871 0.588820 0.789492
v 0.064546 0.611088 0.736316
v 0.048088 0.619136 0.738671
v 0.048088 0.619136 0.738671
v 0.044522 0.596326 0.791689
v 0.059871 0.588820 0.789492
v 0.051337 0.514132 0.872850
v 0.069825 0.539300 0.834692
v 0.059614 0.549101 0.837560
v 0.059614 0.549101 0.837560
v 0.043653 0.521506 0.875008
v 0.051337 0.514132 0.872850
v 0.069825 0.539300 0.834692
v 0.084233 0.565439 0.782649
v 0.072052 0.577129 0.786070
v 0.072052 0.577129 0.786070
v 0.059614 0.549101 0.837560
v 0.069825 0.539300 0.834692
v 0.084233 0.565439 0.782649
v 0.090668 0.586017 0.728979
v 0.077607 0.598553 0.732647
v 0.077607 0.598553 0.732647
v 0.072052 0.577129 0.786070
v 0.084233 0.565439 0.782649
v 0.061203 0.495548 0.867411
v 0.082937 0.514603 0.827464
v 0.076381 0.526951 0.831078
v 0.076381 0.526951 0.831078
v 0.056270 0.504840 0.870130
v 0.061203 0.495548 0.867411
v 0.082937 0.514603 0.827464
v 0.099875 0.535976 0.774026
v 0.092054 0.550707 0.778338
v 0.092054 0.550707 0.778338
v 0.076381 0.526951 0.831078
v 0.082937 0.514603 0.827464
v 0.099875 0.535976 0.774026
v 0.107440 0.554426 0.719733
v 0.099054 0.570222 0.724356
v 0.099054 0.570222 0.724356
v 0.092054 0.550707 0.778338
v 0.099875 0.535976 0.774026
v 0.064602 0.474948 0.861382
v 0.087455 0.487225 0.819452
v 0.085196 0.500914 0.823458
v 0.085196 0.500914 0.823458
v 0.062902 0.485248 0.864397
v 0.064602 0.474948 0.861382
v 0.087455 0.487225 0.819452
v 0.105265 0.503316 0.764468
v 0.102570 0.519646 0.769247
v 0.102570 0.519646 0.769247
v 0.085196 0.500914 0.823458
v 0.087455 0.487225 0.819452
v 0.105265 0.503316 0.764468
v 0.113219 0.519408 0.709485
v 0.110330 0.536917 0.714609
v 0.110330 0.536917 0.714609
v 0.102570 0.519646 0.769247
v 0.105265 0.503316 0.764468
v 0.061203 0.454348 0.855353
v 0.082937 0.459847 0.811439
v 0.085196 0.473536 0.815446
v 0.085196 0.473536 0.815446
v 0.062902 0.464648 0.858368
v 0.061203 0.454348 0.855353
v 0.082937 0.459847 0.811439
v 0.099875 0.470657 0.754910
v 0.102570 0.486987 0.759689
v 0.102570 0.486987 0.759689
v 0.085196 0.473536 0.815446
v 0.082937 0.459847 0.811439
v 0.099875 0.470657 0.754910
v 0.107440 0.484389 0.699236
v 0.110330 0.501898 0.704361
v 0.110330 0.501898 0.704361
v 0.102570 0.486987 0.759689
v 0.099875 0.470657 0.754910
v 0.646883 0.193201 -0.217708
v 0.688635 -0.245366 -0.231274
v 0.587773 -0.147969 -0.443003
v 0.587773 -0.147969 -0.443003
v 0.547134 0.193201 -0.413476
v 0.597008 0.193201 -0.315592
v 0.587773 -0.147969 -0.443003
v 0.597008 0.193201 -0.315592
v 0.646883 0.193201 -0.217708
v 0.547134 0.193201 -0.413476
v 0.587773 -0.147969 -0.443003
v 0.417575 -0.245366 -0.604356
v 0.417575 -0.245366 -0.604356
v 0.391771 0.193201 -0.568839
v 0.469452 0.193201 -0.491158
v 0.417575 -0.245366 -0.604356
v 0.469452 0.193201 -0.491158
v 0.547134 0.193201 -0.413476
v 0.391771 0.193201 -0.568839
v 0.417575 -0.245366 -0.604356
v 0.211525 -0.147969 -0.716362
v 0.211525 -0.147969 -0.716362
v 0.196002 0.193201 -0.668588
v 0.293887 0.193201 -0.618713
v 0.211525 -0.147969 -0.716362
v 0.293887 0.193201 -0.618713
v 0.391771 0.193201 -0.568839
v 0.196002 0.193201 -0.668588
v 0.211525 -0.147969 -0.716362
v -0.021009 -0.245366 -0.746860
v 0.196002 0.193201 -0.668588
v -0.021009 -0.245366 -0.746860
v -0.021009 0.193201 -0.702959
v -0.021009 0.193201 -0.702959
v 0.087497 0.193201 -0.685773
v 0.196002 0.193201 -0.668588
v -0.021009 0.193201 -0.702959
v -0.021009 -0.245366 -0.746860
v -0.253542 -0.147969 -0.716362
v -0.021009 0.193201 -0.702959
v -0.253542 -0.147969 -0.716362
v -0.238019 0.193201 -0.668588
v -0.238019 0.193201 -0.668588
v -0.129514 0.193201 -0.685773
v -0.021009 0.193201 -0.702959
v -0.238019 0.193201 -0.668588
v -0.253542 -0.147969 -0.716362
v -0.459592 -0.245366 -0.604355
v -0.238019 0.193201 -0.668588
v -0.459592 -0.245366 -0.604355
v -0.433788 0.193201 -0.568839
v -0.433788 0.193201 -0.568839
v -0.335903 0.193201 -0.618713
v -0.238019 0.193201 -0.668588
v -0.433788 0.193201 -0.568839
v -0.459592 -0.245366 -0.604355
v -0.629790 -0.147969 -0.443003
v -0.433788 0.193201 -0.568839
v -0.629790 -0.147969 -0.443003
v -0.589150 0.193201 -0.413476
v -0.589150 0.193201 -0.413476
v -0.511469 0.193201 -0.491158
v -0.433788 0.193201 -0.568839
v -0.589150 0.193201 -0.413476
v -0.629790 -0.147969 -0.443003
v -0.730651 -0.245366 -0.231274
v -0.730651 -0.245366 -0.231274
v -0.688899 0.193201 -0.217708
v -0.639025 0.193201 -0.315592
v -0.730651 -0.245366 -0.231274
v -0.639025 0.193201 -0.315592
v -0.589150 0.193201 -0.413476
v -0.688899 0.193201 -0.217708
v -0.730651 -0.245366 -0.231274
v -0.773503 -0.147969 -0.000697
v -0.688899 0.193201 -0.217708
v -0.773503 -0.147969 -0.000697
v -0.723271 0.193201 -0.000697
v -0.723271 0.193201 -0.000697
v -0.706085 0.193201 -0.109203
v -0.688899 0.193201 -0.217708
v -0.723271 0.193201 -0.000697
v -0.773503 -0.147969 -0.000697
v -0.730651 -0.245366 0.229880
v -0.723271 0.193201 -0.000697
v -0.730651 -0.245366 0.229880
v -0.688899 0.193201 0.216314
v -0.688899 0.193201 0.216314
v -0.706085 0.193201 0.107808
v -0.723271 0.193201 -0.000697
v -0.688899 0.193201 0.216314
v -0.730651 -0.245366 0.229880
v -0.629790 -0.147969 0.441608
v -0.688899 0.193201 0.216314
v -0.629790 -0.147969 0.441608
v -0.589150 0.193201 0.412082
v -0.589150 0.193201 0.412082
v -0.639025 0.193201 0.314198
v -0.688899 0.193201 0.216314
v -0.589150 0.193201 0.412082
v -0.629790 -0.147969 0.441608
v -0.459592 -0.245366 0.602961
v -0.459592 -0.245366 0.602961
v -0.433787 0.193201 0.567445
v -0.511469 0.193201 0.489763
v -0.459592 -0.245366 0.602961
v -0.511469 0.193201 0.489763
v -0.589150 0.193201 0.412082
v -0.433787 0.193201 0.567445
v -0.459592 -0.245366 0.602961
v -0.253542 -0.147969 0.714968
v -0.253542 -0.147969 0.714968
v -0.238019 0.193201 0.667194
v -0.335903 0.193201 0.617319
v -0.253542 -0.147969 0.714968
v -0.335903 0.193201 0.617319
v -0.433787 0.193201 0.567445
v -0.238019 0.193201 0.667194
v -0.253542 -0.147969 0.714968
v -0.021009 -0.245366 0.745466
v -0.238019 0.193201 0.667194
v -0.021009 -0.245366 0.745466
v -0.021009 0.193201 0.701565
v -0.021009 0.193201 0.701565
v -0.129514 0.193201 0.684379
v -0.238019 0.193201 0.667194
v -0.021009 0.193201 0.701565
v -0.021009 -0.245366 0.745466
v 0.211525 -0.147969 0.714968
v -0.021009 0.193201 0.701565
v 0.211525 -0.147969 0.714968
v 0.196002 0.193201 0.667194
v 0.196002 0.193201 0.667194
v 0.087497 0.193201 0.684379
v -0.021009 0.193201 0.701565
v 0.196002 0.193201 0.667194
v 0.211525 -0.147969 0.714968
v 0.417575 -0.245366 0.602961
v 0.196002 0.193201 0.667194
v 0.417575 -0.245366 0.602961
v 0.391771 0.193201 0.567445
v 0.391771 0.193201 0.567445
v 0.293887 0.193201 0.617319
v 0.196002 0.193201 0.667194
v 0.391771 0.193201 0.567445
v 0.417575 -0.245366 0.602961
v 0.587773 -0.147969 0.441608
v 0.587773 -0.147969 0.441608
v 0.547133 0.193201 0.412082
v 0.469452 0.193201 0.489763
v 0.587773 -0.147969 0.441608
v 0.469452 0.193201 0.489763
v 0.391771 0.193201 0.567445
v 0.547133 0.193201 0.412082
v 0.587773 -0.147969 0.441608
v 0.688634 -0.245366 0.229880
v 0.688634 -0.245366 0.229880
v 0.646882 0.193201 0.216314
v 0.597008 0.193201 0.314198
v 0.688634 -0.245366 0.229880
v 0.597008 0.193201 0.314198
v 0.547133 0.193201 0.412082
v 0.646882 0.193201 0.216314
v 0.688634 -0.245366 0.229880
v 0.731486 -0.147969 -0.000697
v 0.646882 0.193201 0.216314
v 0.731486 -0.147969 -0.000697
v 0.681253 0.193201 -0.000697
v 0.681253 0.193201 -0.000697
v 0.664068 0.193201 0.107808
v 0.646882 0.193201 0.216314
v 0.681253 0.193201 -0.000697
v 0.731486 -0.147969 -0.000697
v 0.688635 -0.245366 -0.231274
v 0.688635 -0.245366 -0.231274
v 0.646883 0.193201 -0.217708
v 0.664068 0.193201 -0.109203
v 0.688635 -0.245366 -0.231274
v 0.664068 0.193201 -0.109203
v 0.681253 0.193201 -0.000697
v 0.587773 -0.147969 -0.443003
v 0.688635 -0.245366 -0.231274
v -0.021009 -0.147969 -0.000697
v 0.417575 -0.245366 -0.604356
v 0.587773 -0.147969 -0.443003
v -0.021009 -0.147969 -0.000697
v 0.211525 -0.147969 -0.716362
v 0.417575 -0.245366 -0.604356
v -0.021009 -0.147969 -0.000697
v -0.021009 -0.245366 -0.746860
v 0.211525 -0.147969 -0.716362
v -0.021009 -0.147969 -0.000697
v -0.253542 -0.147969 -0.716362
v -0.021009 -0.245366 -0.746860
v -0.021009 -0.147969 -0.000697
v -0.459592 -0.245366 -0.604355
v -0.253542 -0.147969 -0.716362
v -0.021009 -0.147969 -0.000697
v -0.629790 -0.147969 -0.443003
v -0.459592 -0.245366 -0.604355
v -0.021009 -0.147969 -0.000697
v -0.730651 -0.245366 -0.231274
v -0.629790 -0.147969 -0.443003
v -0.021009 -0.147969 -0.000697
v -0.773503 -0.147969 -0.000697
v -0.730651 -0.245366 -0.231274
v -0.021009 -0.147969 -0.000697
v -0.730651 -0.245366 0.229880
v -0.773503 -0.147969 -0.000697
v -0.021009 -0.147969 -0.000697
v -0.629790 -0.147969 0.441608
v -0.730651 -0.245366 0.229880
v -0.021009 -0.147969 -0.000697
v -0.459592 -0.245366 0.602961
v -0.629790 -0.147969 0.441608
v -0.021009 -0.147969 -0.000697
v -0.253542 -0.147969 0.714968
v -0.459592 -0.245366 0.602961
v -0.021009 -0.147969 -0.000697
v -0.021009 -0.245366 0.745466
v -0.253542 -0.147969 0.714968
v -0.021009 -0.147969 -0.000697
v 0.211525 -0.147969 0.714968
v -0.021009 -0.245366 0.745466
v -0.021009 -0.147969 -0.000697
v 0.417575 -0.245366 0.602961
v 0.211525 -0.147969 0.714968
v -0.021009 -0.147969 -0.000697
v 0.587773 -0.147969 0.441608
v 0.417575 -0.245366 0.602961
v -0.021009 -0.147969 -0.000697
v 0.688634 -0.245366 0.229880
v 0.587773 -0.147969 0.441608
v -0.021009 -0.147969 -0.000697
v 0.731486 -0.147969 -0.000697
v 0.688634 -0.245366 0.229880
v -0.021009 -0.147969 -0.000697
v 0.688635 -0.245366 -0.231274
v 0.731486 -0.147969 -0.000697
v -0.021009 -0.147969 -0.000697
v 0.166233 1.379422 -0.061536
v 0.138270 1.379422 -0.116419
v -0.021009 1.421872 -0.000697
v 0.138270 1.379422 -0.116419
v 0.094714 1.379422 -0.159976
v -0.021009 1.421872 -0.000697
v 0.094714 1.379422 -0.159976
v 0.039830 1.379422 -0.187938
v -0.021009 1.421872 -0.000697
v 0.039830 1.379422 -0.187938
v -0.021009 1.379422 -0.197575
v -0.021009 1.421872 -0.000697
v -0.021009 1.379422 -0.197575
v -0.081847 1.379422 -0.187938
v -0.021009 1.421872 -0.000697
v -0.081847 1.379422 -0.187938
v -0.136731 1.379422 -0.159976
v -0.021009 1.421872 -0.000697
v -0.136731 1.379422 -0.159976
v -0.180287 1.379422 -0.116419
v -0.021009 1.421872 -0.000697
v -0.180287 1.379422 -0.116419
v -0.208250 1.379422 -0.061536
v -0.021009 1.421872 -0.000697
v -0.208250 1.379422 -0.061536
v -0.217886 1.379422 -0.000697
v -0.021009 1.421872 -0.000697
v -0.217886 1.379422 -0.000697
v -0.208250 1.379422 0.060141
v -0.021009 1.421872 -0.000697
v -0.208250 1.379422 0.060141
v -0.180287 1.379422 0.115025
v -0.021009 1.421872 -0.000697
v -0.180287 1.379422 0.115025
v -0.136731 1.379422 0.158581
v -0.021009 1.421872 -0.000697
v -0.136731 1.379422 0.158581
v -0.081847 1.379422 0.186544
v -0.021009 1.421872 -0.000697
v -0.081847 1.379422 0.186544
v -0.021009 1.379422 0.196180
v -0.021009 1.421872 -0.000697
v -0.021009 1.379422 0.196180
v 0.039830 1.379422 0.186544
v -0.021009 1.421872 -0.000697
v 0.039830 1.379422 0.186544
v 0.094714 1.379422 0.158581
v -0.021009 1.421872 -0.000697
v 0.094714 1.379422 0.158581
v 0.138270 1.379422 0.115025
v -0.021009 1.421872 -0.000697
v 0.138270 1.379422 0.115025
v 0.166233 1.379422 0.060141
v -0.021009 1.421872 -0.000697
v 0.166233 1.379422 0.060141
v 0.175869 1.379422 -0.000697
v -0.021009 1.421872 -0.000697
v 0.175869 1.379422 -0.000697
v 0.166233 1.379422 -0.061536
v -0.021009 1.421872 -0.000697
v -0.180287 1.379422 -0.116419
v -0.347921 1.216712 -0.238213
v -0.376619 1.216712 -0.181890
v -0.180287 1.379422 -0.116419
v -0.376619 1.216712 -0.181890
v -0.405317 1.216712 -0.125567
v -0.405317 1.216712 -0.125567
v -0.208250 1.379422 -0.061536
v -0.180287 1.379422 -0.116419
v -0.136731 1.379422 -0.159976
v -0.258524 1.216712 -0.327610
v -0.303223 1.216712 -0.282911
v -0.136731 1.379422 -0.159976
v -0.303223 1.216712 -0.282911
v -0.347921 1.216712 -0.238213
v -0.347921 1.216712 -0.238213
v -0.180287 1.379422 -0.116419
v -0.136731 1.379422 -0.159976
v -0.081847 1.379422 -0.187938
v -0.145878 1.216712 -0.385006
v -0.202201 1.216712 -0.356308
v -0.081847 1.379422 -0.187938
v -0.202201 1.216712 -0.356308
v -0.258524 1.216712 -0.327610
v -0.258524 1.216712 -0.327610
v -0.136731 1.379422 -0.159976
v -0.081847 1.379422 -0.187938
v -0.021009 1.379422 -0.197575
v -0.021009 1.216712 -0.404783
v -0.083443 1.216712 -0.394895
v -0.021009 1.379422 -0.197575
v -0.083443 1.216712 -0.394895
v -0.145878 1.216712 -0.385006
v -0.145878 1.216712 -0.385006
v -0.081847 1.379422 -0.187938
v -0.021009 1.379422 -0.197575
v 0.039830 1.379422 -0.187938
v 0.103861 1.216712 -0.385006
v 0.041426 1.216712 -0.394895
v 0.039830 1.379422 -0.187938
v 0.041426 1.216712 -0.394895
v -0.021009 1.216712 -0.404783
v -0.021009 1.216712 -0.404783
v -0.021009 1.379422 -0.197575
v 0.039830 1.379422 -0.187938
v 0.094714 1.379422 -0.159976
v 0.216507 1.216712 -0.327610
v 0.160184 1.216712 -0.356308
v 0.094714 1.379422 -0.159976
v 0.160184 1.216712 -0.356308
v 0.103861 1.216712 -0.385006
v 0.103861 1.216712 -0.385006
v 0.039830 1.379422 -0.187938
v 0.094714 1.379422 -0.159976
v 0.138270 1.379422 -0.116419
v 0.305904 1.216712 -0.238213
v 0.261206 1.216712 -0.282911
v 0.138270 1.379422 -0.116419
v 0.261206 1.216712 -0.282911
v 0.216507 1.216712 -0.327610
v 0.216507 1.216712 -0.327610
v 0.094714 1.379422 -0.159976
v 0.138270 1.379422 -0.116419
v 0.166233 1.379422 -0.061536
v 0.363300 1.216712 -0.125567
v 0.334602 1.216712 -0.181890
v 0.166233 1.379422 -0.061536
v 0.334602 1.216712 -0.181890
v 0.305904 1.216712 -0.238213
v 0.305904 1.216712 -0.238213
v 0.138270 1.379422 -0.116419
v 0.166233 1.379422 -0.061536
v 0.175869 1.379422 -0.000697
v 0.383077 1.216712 -0.000697
v 0.373189 1.216712 -0.063132
v 0.175869 1.379422 -0.000697
v 0.373189 1.216712 -0.063132
v 0.363300 1.216712 -0.125567
v 0.363300 1.216712 -0.125567
v 0.166233 1.379422 -0.061536
v 0.175869 1.379422 -0.000697
v 0.166233 1.379422 0.060141
v 0.363300 1.216712 0.124172
v 0.373189 1.216712 0.061738
v 0.166233 1.379422 0.060141
v 0.373189 1.216712 0.061738
v 0.383077 1.216712 -0.000697
v 0.383077 1.216712 -0.000697
v 0.175869 1.379422 -0.000697
v 0.166233 1.379422 0.060141
v 0.138270 1.379422 0.115025
v 0.305904 1.216712 0.236818
v 0.334602 1.216712 0.180495
v 0.138270 1.379422 0.115025
v 0.334602 1.216712 0.180495
v 0.363300 1.216712 0.124172
v 0.363300 1.216712 0.124172
v 0.166233 1.379422 0.060141
v 0.138270 1.379422 0.115025
v 0.094714 1.379422 0.158581
v 0.216507 1.216712 0.326215
v 0.261205 1.216712 0.281517
v 0.094714 1.379422 0.158581
v 0.261205 1.216712 0.281517
v 0.305904 1.216712 0.236818
v 0.305904 1.216712 0.236818
v 0.138270 1.379422 0.115025
v 0.094714 1.379422 0.158581
v 0.039830 1.379422 0.186544
v 0.103861 1.216712 0.383612
v 0.160184 1.216712 0.354913
v 0.039830 1.379422 0.186544
v 0.160184 1.216712 0.354913
v 0.216507 1.216712 0.326215
v 0.216507 1.216712 0.326215
v 0.094714 1.379422 0.158581
v 0.039830 1.379422 0.186544
v -0.021009 1.379422 0.196180
v -0.021009 1.216712 0.403389
v 0.041426 1.216712 0.393500
v -0.021009 1.379422 0.196180
v 0.041426 1.216712 0.393500
v 0.103861 1.216712 0.383612
v 0.103861 1.216712 0.383612
v 0.039830 1.379422 0.186544
v -0.021009 1.379422 0.196180
v -0.081847 1.379422 0.186544
v -0.145878 1.216712 0.383612
v -0.083443 1.216712 0.393500
v -0.081847 1.379422 0.186544
v -0.083443 1.216712 0.393500
v -0.021009 1.216712 0.403389
v -0.021009 1.216712 0.403389
v -0.021009 1.379422 0.196180
v -0.081847 1.379422 0.186544
v -0.136731 1.379422 0.158581
v -0.258524 1.216712 0.326215
v -0.202201 1.216712 0.354913
v -0.136731 1.379422 0.158581
v -0.202201 1.216712 0.354913
v -0.145878 1.216712 0.383612
v -0.145878 1.216712 0.383612
v -0.081847 1.379422 0.186544
v -0.136731 1.379422 0.158581
v -0.180287 1.379422 0.115025
v -0.347921 1.216712 0.236819
v -0.303223 1.216712 0.281517
v -0.180287 1.379422 0.115025
v -0.303223 1.216712 0.281517
v -0.258524 1.216712 0.326215
v -0.258524 1.216712 0.326215
v -0.136731 1.379422 0.158581
v -0.180287 1.379422 0.115025
v -0.208250 1.379422 0.060141
v -0.405317 1.216712 0.124172
v -0.376619 1.216712 0.180495
v -0.208250 1.379422 0.060141
v -0.376619 1.216712 0.180495
v -0.347921 1.216712 0.236819
v -0.347921 1.216712 0.236819
v -0.180287 1.379422 0.115025
v -0.208250 1.379422 0.060141
v -0.217886 1.379422 -0.000697
v -0.425094 1.216712 -0.000697
v -0.415206 1.216712 0.061738
v -0.217886 1.379422 -0.000697
v -0.415206 1.216712 0.061738
v -0.405317 1.216712 0.124172
v -0.405317 1.216712 0.124172
v -0.208250 1.379422 0.060141
v -0.217886 1.379422 -0.000697
v -0.208250 1.379422 -0.061536
v -0.405317 1.216712 -0.125567
v -0.415206 1.216712 -0.063132
v -0.208250 1.379422 -0.061536
v -0.415206 1.216712 -0.063132
v -0.425094 1.216712 -0.000697
v -0.425094 1.216712 -0.000697
v -0.217886 1.379422 -0.000697
v -0.208250 1.379422 -0.061536
v -0.405317 1.216712 -0.125567
v -0.376619 1.216712 -0.181890
v -0.525217 0.875542 -0.257604
v -0.525217 0.875542 -0.257604
v -0.565907 0.875542 -0.177745
v -0.405317 1.216712 -0.125567
v -0.347921 1.216712 -0.238213
v -0.303223 1.216712 -0.282911
v -0.421151 0.875542 -0.400839
v -0.421151 0.875542 -0.400839
v -0.484527 0.875542 -0.337463
v -0.347921 1.216712 -0.238213
v -0.258524 1.216712 -0.327610
v -0.202201 1.216712 -0.356308
v -0.277916 0.875542 -0.504906
v -0.277916 0.875542 -0.504906
v -0.357774 0.875542 -0.464216
v -0.258524 1.216712 -0.327610
v -0.145878 1.216712 -0.385006
v -0.083443 1.216712 -0.394895
v -0.109533 0.875542 -0.559617
v -0.109533 0.875542 -0.559617
v -0.198057 0.875542 -0.545596
v -0.145878 1.216712 -0.385006
v -0.021009 1.216712 -0.404783
v 0.041426 1.216712 -0.394895
v 0.067516 0.875542 -0.559617
v 0.067516 0.875542 -0.559617
v -0.021009 0.875542 -0.573638
v -0.021009 1.216712 -0.404783
v 0.103861 1.216712 -0.385006
v 0.160184 1.216712 -0.356308
v 0.235899 0.875542 -0.504906
v 0.235899 0.875542 -0.504906
v 0.156040 0.875542 -0.545596
v 0.103861 1.216712 -0.385006
v 0.216507 1.216712 -0.327610
v 0.261206 1.216712 -0.282911
v 0.379134 0.875542 -0.400840
v 0.379134 0.875542 -0.400840
v 0.315758 0.875542 -0.464216
v 0.216507 1.216712 -0.327610
v 0.305904 1.216712 -0.238213
v 0.334602 1.216712 -0.181890
v 0.483200 0.875542 -0.257604
v 0.483200 0.875542 -0.257604
v 0.442510 0.875542 -0.337463
v 0.305904 1.216712 -0.238213
v 0.363300 1.216712 -0.125567
v 0.373189 1.216712 -0.063132
v 0.537911 0.875542 -0.089221
v 0.537911 0.875542 -0.089221
v 0.523890 0.875542 -0.177746
v 0.363300 1.216712 -0.125567
v 0.383077 1.216712 -0.000697
v 0.373189 1.216712 0.061738
v 0.537911 0.875542 0.087827
v 0.537911 0.875542 0.087827
v 0.551932 0.875542 -0.000697
v 0.383077 1.216712 -0.000697
v 0.363300 1.216712 0.124172
v 0.334602 1.216712 0.180495
v 0.483200 0.875542 0.256210
v 0.483200 0.875542 0.256210
v 0.523890 0.875542 0.176351
v 0.363300 1.216712 0.124172
v 0.305904 1.216712 0.236818
v 0.261205 1.216712 0.281517
v 0.379134 0.875542 0.399445
v 0.379134 0.875542 0.399445
v 0.442510 0.875542 0.336069
v 0.305904 1.216712 0.236818
v 0.216507 1.216712 0.326215
v 0.160184 1.216712 0.354913
v 0.235899 0.875542 0.503512
v 0.235899 0.875542 0.503512
v 0.315758 0.875542 0.462821
v 0.216507 1.216712 0.326215
v 0.103861 1.216712 0.383612
v 0.041426 1.216712 0.393500
v 0.067516 0.875542 0.558222
v 0.067516 0.875542 0.558222
v 0.156040 0.875542 0.544202
v 0.103861 1.216712 0.383612
v -0.021009 1.216712 0.403389
v -0.083443 1.216712 0.393500
v -0.109532 0.875542 0.558223
v -0.109532 0.875542 0.558223
v -0.021009 0.875542 0.572243
v -0.021009 1.216712 0.403389
v -0.145878 1.216712 0.383612
v -0.202201 1.216712 0.354913
v -0.277916 0.875542 0.503512
v -0.277916 0.875542 0.503512
v -0.198057 0.875542 0.544202
v -0.145878 1.216712 0.383612
v -0.258524 1.216712 0.326215
v -0.303223 1.216712 0.281517
v -0.421151 0.875542 0.399445
v -0.421151 0.875542 0.399445
v -0.357774 0.875542 0.462821
v -0.258524 1.216712 0.326215
v -0.347921 1.216712 0.236819
v -0.376619 1.216712 0.180495
v -0.525217 0.875542 0.256210
v -0.525217 0.875542 0.256210
v -0.484527 0.875542 0.336069
v -0.347921 1.216712 0.236819
v -0.405317 1.216712 0.124172
v -0.415206 1.216712 0.061738
v -0.579928 0.875542 0.087827
v -0.579928 0.875542 0.087827
v -0.565907 0.875542 0.176351
v -0.405317 1.216712 0.124172
v -0.425094 1.216712 -0.000697
v -0.415206 1.216712 -0.063132
v -0.579928 0.875542 -0.089221
v -0.579928 0.875542 -0.089221
v -0.593949 0.875542 -0.000697
v -0.425094 1.216712 -0.000697
v -0.565907 0.875542 -0.177745
v -0.525217 0.875542 -0.257604
v -0.600396 0.534371 -0.295910
v -0.600396 0.534371 -0.295910
v -0.647153 0.534371 -0.204144
v -0.565907 0.875542 -0.177745
v -0.484527 0.875542 -0.337463
v -0.421151 0.875542 -0.400839
v -0.480813 0.534371 -0.460502
v -0.480813 0.534371 -0.460502
v -0.553639 0.534371 -0.387676
v -0.484527 0.875542 -0.337463
v -0.357774 0.875542 -0.464216
v -0.277916 0.875542 -0.504906
v -0.316221 0.534371 -0.580085
v -0.316221 0.534371 -0.580085
v -0.407987 0.534371 -0.533328
v -0.357774 0.875542 -0.464216
v -0.198057 0.875542 -0.545596
v -0.109533 0.875542 -0.559617
v -0.122732 0.534371 -0.642954
v -0.122732 0.534371 -0.642954
v -0.224455 0.534371 -0.626842
v -0.198057 0.875542 -0.545596
v -0.021009 0.875542 -0.573638
v 0.067516 0.875542 -0.559617
v 0.080715 0.534371 -0.642954
v 0.080715 0.534371 -0.642954
v -0.021009 0.534371 -0.659065
v -0.021009 0.875542 -0.573638
v 0.156040 0.875542 -0.545596
v 0.235899 0.875542 -0.504906
v 0.274204 0.534371 -0.580085
v 0.274204 0.534371 -0.580085
v 0.182438 0.534371 -0.626842
v 0.156040 0.875542 -0.545596
v 0.315758 0.875542 -0.464216
v 0.379134 0.875542 -0.400840
v 0.438796 0.534371 -0.460502
v 0.438796 0.534371 -0.460502
v 0.365970 0.534371 -0.533328
v 0.315758 0.875542 -0.464216
v 0.442510 0.875542 -0.337463
v 0.483200 0.875542 -0.257604
v 0.558380 0.534371 -0.295910
v 0.558380 0.534371 -0.295910
v 0.511622 0.534371 -0.387676
v 0.442510 0.875542 -0.337463
v 0.523890 0.875542 -0.177746
v 0.537911 0.875542 -0.089221
v 0.621248 0.534371 -0.102421
v 0.621248 0.534371 -0.102421
v 0.605137 0.534371 -0.204144
v 0.523890 0.875542 -0.177746
v 0.551932 0.875542 -0.000697
v 0.537911 0.875542 0.087827
v 0.621248 0.534371 0.101026
v 0.621248 0.534371 0.101026
v 0.637359 0.534371 -0.000697
v 0.551932 0.875542 -0.000697
v 0.523890 0.875542 0.176351
v 0.483200 0.875542 0.256210
v 0.558379 0.534371 0.294516
v 0.558379 0.534371 0.294516
v 0.605136 0.534371 0.202750
v 0.523890 0.875542 0.176351
v 0.442510 0.875542 0.336069
v 0.379134 0.875542 0.399445
v 0.438796 0.534372 0.459108
v 0.438796 0.534372 0.459108
v 0.511622 0.534371 0.386282
v 0.442510 0.875542 0.336069
v 0.315758 0.875542 0.462821
v 0.235899 0.875542 0.503512
v 0.274204 0.534372 0.578691
v 0.274204 0.534372 0.578691
v 0.365970 0.534372 0.531933
v 0.315758 0.875542 0.462821
v 0.156040 0.875542 0.544202
v 0.067516 0.875542 0.558222
v 0.080715 0.534372 0.641559
v 0.080715 0.534372 0.641559
v 0.182438 0.534372 0.625448
v 0.156040 0.875542 0.544202
v -0.021009 0.875542 0.572243
v -0.109532 0.875542 0.558223
v -0.122732 0.534372 0.641559
v -0.122732 0.534372 0.641559
v -0.021009 0.534372 0.657670
v -0.021009 0.875542 0.572243
v -0.198057 0.875542 0.544202
v -0.277916 0.875542 0.503512
v -0.316221 0.534372 0.578691
v -0.316221 0.534372 0.578691
v -0.224455 0.534372 0.625448
v -0.198057 0.875542 0.544202
v -0.357774 0.875542 0.462821
v -0.421151 0.875542 0.399445
v -0.480813 0.534372 0.459108
v -0.480813 0.534372 0.459108
v -0.407987 0.534372 0.531933
v -0.357774 0.875542 0.462821
v -0.484527 0.875542 0.336069
v -0.525217 0.875542 0.256210
v -0.600396 0.534371 0.294516
v -0.600396 0.534371 0.294516
v -0.553639 0.534371 0.386282
v -0.484527 0.875542 0.336069
v -0.565907 0.875542 0.176351
v -0.579928 0.875542 0.087827
v -0.663265 0.534371 0.101026
v -0.663265 0.534371 0.101026
v -0.647153 0.534371 0.202750
v -0.565907 0.875542 0.176351
v -0.593949 0.875542 -0.000697
v -0.579928 0.875542 -0.089221
v -0.663265 0.534371 -0.102421
v -0.663265 0.534371 -0.102421
v -0.679376 0.534371 -0.000697
v -0.593949 0.875542 -0.000697
v -0.647153 0.534371 -0.204144
v -0.600396 0.534371 -0.295910
v -0.639025 0.193201 -0.315592
v -0.639025 0.193201 -0.315592
v -0.688899 0.193201 -0.217708
v -0.647153 0.534371 -0.204144
v -0.553639 0.534371 -0.387676
v -0.480813 0.534371 -0.460502
v -0.511469 0.193201 -0.491158
v -0.511469 0.193201 -0.491158
v -0.589150 0.193201 -0.413476
v -0.553639 0.534371 -0.387676
v -0.407987 0.534371 -0.533328
v -0.316221 0.534371 -0.580085
v -0.335903 0.193201 -0.618713
v -0.335903 0.193201 -0.618713
v -0.433788 0.193201 -0.568839
v -0.407987 0.534371 -0.533328
v -0.224455 0.534371 -0.626842
v -0.122732 0.534371 -0.642954
v -0.129514 0.193201 -0.685773
v -0.129514 0.193201 -0.685773
v -0.238019 0.193201 -0.668588
v -0.224455 0.534371 -0.626842
v -0.021009 0.534371 -0.659065
v 0.080715 0.534371 -0.642954
v 0.087497 0.193201 -0.685773
v 0.087497 0.193201 -0.685773
v -0.021009 0.193201 -0.702959
v -0.021009 0.534371 -0.659065
v 0.182438 0.534371 -0.626842
v 0.274204 0.534371 -0.580085
v 0.293887 0.193201 -0.618713
v 0.293887 0.193201 -0.618713
v 0.196002 0.193201 -0.668588
v 0.182438 0.534371 -0.626842
v 0.365970 0.534371 -0.533328
v 0.438796 0.534371 -0.460502
v 0.469452 0.193201 -0.491158
v 0.469452 0.193201 -0.491158
v 0.391771 0.193201 -0.568839
v 0.365970 0.534371 -0.533328
v 0.511622 0.534371 -0.387676
v 0.558380 0.534371 -0.295910
v 0.597008 0.193201 -0.315592
v 0.597008 0.193201 -0.315592
v 0.547134 0.193201 -0.413476
v 0.511622 0.534371 -0.387676
v 0.605137 0.534371 -0.204144
v 0.621248 0.534371 -0.102421
v 0.664068 0.193201 -0.109203
v 0.664068 0.193201 -0.109203
v 0.646883 0.193201 -0.217708
v 0.605137 0.534371 -0.204144
v 0.637359 0.534371 -0.000697
v 0.621248 0.534371 0.101026
v 0.664068 0.193201 0.107808
v 0.664068 0.193201 0.107808
v 0.681253 0.193201 -0.000697
v 0.637359 0.534371 -0.000697
v 0.605136 0.534371 0.202750
v 0.558379 0.534371 0.294516
v 0.597008 0.193201 0.314198
v 0.597008 0.193201 0.314198
v 0.646882 0.193201 0.216314
v 0.605136 0.534371 0.202750
v 0.511622 0.534371 0.386282
v 0.438796 0.534372 0.459108
v 0.469452 0.193201 0.489763
v 0.469452 0.193201 0.489763
v 0.547133 0.193201 0.412082
v 0.511622 0.534371 0.386282
v 0.365970 0.534372 0.531933
v 0.274204 0.534372 0.578691
v 0.293887 0.193201 0.617319
v 0.293887 0.193201 0.617319
v 0.391771 0.193201 0.567445
v 0.365970 0.534372 0.531933
v 0.182438 0.534372 0.625448
v 0.080715 0.534372 0.641559
v 0.087497 0.193201 0.684379
v 0.087497 0.193201 0.684379
v 0.196002 0.193201 0.667194
v 0.182438 0.534372 0.625448
v -0.021009 0.534372 0.657670
v -0.122732 0.534372 0.641559
v -0.129514 0.193201 0.684379
v -0.129514 0.193201 0.684379
v -0.021009 0.193201 0.701565
v -0.021009 0.534372 0.657670
v -0.224455 0.534372 0.625448
v -0.316221 0.534372 0.578691
v -0.335903 0.193201 0.617319
v -0.335903 0.193201 0.617319
v -0.238019 0.193201 0.667194
v -0.224455 0.534372 0.625448
v -0.407987 0.534372 0.531933
v -0.480813 0.534372 0.459108
v -0.511469 0.193201 0.489763
v -0.511469 0.193201 0.489763
v -0.433787 0.193201 0.567445
v -0.407987 0.534372 0.531933
v -0.553639 0.534371 0.386282
v -0.600396 0.534371 0.294516
v -0.639025 0.193201 0.314198
v -0.639025 0.193201 0.314198
v -0.589150 0.193201 0.412082
v -0.553639 0.534371 0.386282
v -0.647153 0.534371 0.202750
v -0.663265 0.534371 0.101026
v -0.706085 0.193201 0.107808
v -0.706085 0.193201 0.107808
v -0.688899 0.193201 0.216314
v -0.647153 0.534371 0.202750
v -0.679376 0.534371 -0.000697
v -0.663265 0.534371 -0.102421
v -0.706085 0.193201 -0.109203
v -0.706085 0.193201 -0.109203
v -0.723271 0.193201 -0.000697
v -0.679376 0.534371 -0.000697
v -0.347921 1.216712 -0.238213
v -0.484527 0.875542 -0.337463
v -0.525217 0.875542 -0.257604
v -0.525217 0.875542 -0.257604
v -0.376619 1.216712 -0.181890
v -0.347921 1.216712 -0.238213
v -0.484527 0.875542 -0.337463
v -0.553639 0.534371 -0.387676
v -0.600396 0.534371 -0.295910
v -0.600396 0.534371 -0.295910
v -0.525217 0.875542 -0.257604
v -0.484527 0.875542 -0.337463
v -0.553639 0.534371 -0.387676
v -0.589150 0.193201 -0.413476
v -0.639025 0.193201 -0.315592
v -0.639025 0.193201 -0.315592
v -0.600396 0.534371 -0.295910
v -0.553639 0.534371 -0.387676
v -0.258524 1.216712 -0.327610
v -0.357774 0.875542 -0.464216
v -0.421151 0.875542 -0.400839
v -0.421151 0.875542 -0.400839
v -0.303223 1.216712 -0.282911
v -0.258524 1.216712 -0.327610
v -0.357774 0.875542 -0.464216
v -0.407987 0.534371 -0.533328
v -0.480813 0.534371 -0.460502
v -0.480813 0.534371 -0.460502
v -0.421151 0.875542 -0.400839
v -0.357774 0.875542 -0.464216
v -0.407987 0.534371 -0.533328
v -0.433788 0.193201 -0.568839
v -0.511469 0.193201 -0.491158
v -0.511469 0.193201 -0.491158
v -0.480813 0.534371 -0.460502
v -0.407987 0.534371 -0.533328
v -0.145878 1.216712 -0.385006
v -0.198057 0.875542 -0.545596
v -0.277916 0.875542 -0.504906
v -0.277916 0.875542 -0.504906
v -0.202201 1.216712 -0.356308
v -0.145878 1.216712 -0.385006
v -0.198057 0.875542 -0.545596
v -0.224455 0.534371 -0.626842
v -0.316221 0.534371 -0.580085
v -0.316221 0.534371 -0.580085
v -0.277916 0.875542 -0.504906
v -0.198057 0.875542 -0.545596
v -0.224455 0.534371 -0.626842
v -0.238019 0.193201 -0.668588
v -0.335903 0.193201 -0.618713
v -0.335903 0.193201 -0.618713
v -0.316221 0.534371 -0.580085
v -0.224455 0.534371 -0.626842
v -0.021009 1.216712 -0.404783
v -0.021009 0.875542 -0.573638
v -0.109533 0.875542 -0.559617
v -0.109533 0.875542 -0.559617
v -0.083443 1.216712 -0.394895
v -0.021009 1.216712 -0.404783
v -0.021009 0.875542 -0.573638
v -0.021009 0.534371 -0.659065
v -0.122732 0.534371 -0.642954
v -0.122732 0.534371 -0.642954
v -0.109533 0.875542 -0.559617
v -0.021009 0.875542 -0.573638
v -0.021009 0.534371 -0.659065
v -0.021009 0.193201 -0.702959
v -0.129514 0.193201 -0.685773
v -0.129514 0.193201 -0.685773
v -0.122732 0.534371 -0.642954
v -0.021009 0.534371 -0.659065
v 0.103861 1.216712 -0.385006
v 0.156040 0.875542 -0.545596
v 0.067516 0.875542 -0.559617
v 0.067516 0.875542 -0.559617
v 0.041426 1.216712 -0.394895
v 0.103861 1.216712 -0.385006
v 0.156040 0.875542 -0.545596
v 0.182438 0.534371 -0.626842
v 0.080715 0.534371 -0.642954
v 0.080715 0.534371 -0.642954
v 0.067516 0.875542 -0.559617
v 0.156040 0.875542 -0.545596
v 0.182438 0.534371 -0.626842
v 0.196002 0.193201 -0.668588
v 0.087497 0.193201 -0.685773
v 0.087497 0.193201 -0.685773
v 0.080715 0.534371 -0.642954
v 0.182438 0.534371 -0.626842
v 0.216507 1.216712 -0.327610
v 0.315758 0.875542 -0.464216
v 0.235899 0.875542 -0.504906
v 0.235899 0.875542 -0.504906
v 0.160184 1.216712 -0.356308
v 0.216507 1.216712 -0.327610
v 0.315758 0.875542 -0.464216
v 0.365970 0.534371 -0.533328
v 0.274204 0.534371 -0.580085
v 0.274204 0.534371 -0.580085
v 0.235899 0.875542 -0.504906
v 0.315758 0.875542 -0.464216
v 0.365970 0.534371 -0.533328
v 0.391771 0.193201 -0.568839
v 0.293887 0.193201 -0.618713
v 0.293887 0.193201 -0.618713
v 0.274204 0.534371 -0.580085
v 0.365970 0.534371 -0.533328
v 0.305904 1.216712 -0.238213
v 0.442510 0.875542 -0.337463
v 0.379134 0.875542 -0.400840
v 0.379134 0.875542 -0.400840
v 0.261206 1.216712 -0.282911
v 0.305904 1.216712 -0.238213
v 0.442510 0.875542 -0.337463
v 0.511622 0.534371 -0.387676
v 0.438796 0.534371 -0.460502
v 0.438796 0.534371 -0.460502
v 0.379134 0.875542 -0.400840
v 0.442510 0.875542 -0.337463
v 0.511622 0.534371 -0.387676
v 0.547134 0.193201 -0.413476
v 0.469452 0.193201 -0.491158
v 0.469452 0.193201 -0.491158
v 0.438796 0.534371 -0.460502
v 0.511622 0.534371 -0.387676
v 0.363300 1.216712 -0.125567
v 0.523890 0.875542 -0.177746
v 0.483200 0.875542 -0.257604
v 0.483200 0.875542 -0.257604
v 0.334602 1.216712 -0.181890
v 0.363300 1.216712 -0.125567
v 0.523890 0.875542 -0.177746
v 0.605137 0.534371 -0.204144
v 0.558380 0.534371 -0.295910
v 0.558380 0.534371 -0.295910
v 0.483200 0.875542 -0.257604
v 0.523890 0.875542 -0.177746
v 0.605137 0.534371 -0.204144
v 0.646883 0.193201 -0.217708
v 0.597008 0.193201 -0.315592
v 0.597008 0.193201 -0.315592
v 0.558380 0.534371 -0.295910
v 0.605137 0.534371 -0.204144
v 0.383077 1.216712 -0.000697
v 0.551932 0.875542 -0.000697
v 0.537911 0.875542 -0.089221
v 0.537911 0.875542 -0.089221
v 0.373189 1.216712 -0.063132
v 0.383077 1.216712 -0.000697
v 0.551932 0.875542 -0.000697
v 0.637359 0.534371 -0.000697
v 0.621248 0.534371 -0.102421
v 0.621248 0.534371 -0.102421
v 0.537911 0.875542 -0.089221
v 0.551932 0.875542 -0.000697
v 0.637359 0.534371 -0.000697
v 0.681253 0.193201 -0.000697
v 0.664068 0.193201 -0.109203
v 0.664068 0.193201 -0.109203
v 0.621248 0.534371 -0.102421
v 0.637359 0.534371 -0.000697
v 0.363300 1.216712 0.124172
v 0.523890 0.875542 0.176351
v 0.537911 0.875542 0.087827
v 0.537911 0.875542 0.087827
v 0.373189 1.216712 0.061738
v 0.363300 1.216712 0.124172
v 0.523890 0.875542 0.176351
v 0.605136 0.534371 0.202750
v 0.621248 0.534371 0.101026
v 0.621248 0.534371 0.101026
v 0.537911 0.875542 0.087827
v 0.523890 0.875542 0.176351
v 0.605136 0.534371 0.202750
v 0.646882 0.193201 0.216314
v 0.664068 0.193201 0.107808
v 0.664068 0.193201 0.107808
v 0.621248 0.534371 0.101026
v 0.605136 0.534371 0.202750
v 0.305904 1.216712 0.236818
v 0.442510 0.875542 0.336069
v 0.483200 0.875542 0.256210
v 0.483200 0.875542 0.256210
v 0.334602 1.216712 0.180495
v 0.305904 1.216712 0.236818
v 0.442510 0.875542 0.336069
v 0.511622 0.534371 0.386282
v 0.558379 0.534371 0.294516
v 0.558379 0.534371 0.294516
v 0.483200 0.875542 0.256210
v 0.442510 0.875542 0.336069
v 0.511622 0.534371 0.386282
v 0.547133 0.193201 0.412082
v 0.597008 0.193201 0.314198
v 0.597008 0.193201 0.314198
v 0.558379 0.534371 0.294516
v 0.511622 0.534371 0.386282
v 0.216507 1.216712 0.326215
v 0.315758 0.875542 0.462821
v 0.379134 0.875542 0.399445
v 0.379134 0.875542 0.399445
v 0.261205 1.216712 0.281517
v 0.216507 1.216712 0.326215
v 0.315758 0.875542 0.462821
v 0.365970 0.534372 0.531933
v 0.438796 0.534372 0.459108
v 0.438796 0.534372 0.459108
v 0.379134 0.875542 0.399445
v 0.315758 0.875542 0.462821
v 0.365970 0.534372 0.531933
v 0.391771 0.193201 0.567445
v 0.469452 0.193201 0.489763
v 0.469452 0.193201 0.489763
v 0.438796 0.534372 0.459108
v 0.365970 0.534372 0.531933
v 0.103861 1.216712 0.383612
v 0.156040 0.875542 0.544202
v 0.235899 0.875542 0.503512
v 0.235899 0.875542 0.503512
v 0.160184 1.216712 0.354913
v 0.103861 1.216712 0.383612
v 0.156040 0.875542 0.544202
v 0.182438 0.534372 0.625448
v 0.274204 0.534372 0.578691
v 0.274204 0.534372 0.578691
v 0.235899 0.875542 0.503512
v 0.156040 0.875542 0.544202
v 0.182438 0.534372 0.625448
v 0.196002 0.193201 0.667194
v 0.293887 0.193201 0.617319
v 0.293887 0.193201 0.617319
v 0.274204 0.534372 0.578691
v 0.182438 0.534372 0.625448
v -0.021009 1.216712 0.403389
v -0.021009 0.875542 0.572243
v 0.067516 0.875542 0.558222
v 0.067516 0.875542 0.558222
v 0.041426 1.216712 0.393500
v -0.021009 1.216712 0.403389
v -0.021009 0.875542 0.572243
v -0.021009 0.534372 0.657670
v 0.080715 0.534372 0.641559
v 0.080715 0.534372 0.641559
v 0.067516 0.875542 0.558222
v -0.021009 0.875542 0.572243
v -0.021009 0.534372 0.657670
v -0.021009 0.193201 0.701565
v 0.087497 0.193201 0.684379
v 0.087497 0.193201 0.684379
v 0.080715 0.534372 0.641559
v -0.021009 0.534372 0.657670
v -0.145878 1.216712 0.383612
v -0.198057 0.875542 0.544202
v -0.109532 0.875542 0.558223
v -0.109532 0.875542 0.558223
v -0.083443 1.216712 0.393500
v -0.145878 1.216712 0.383612
v -0.198057 0.875542 0.544202
v -0.224455 0.534372 0.625448
v -0.122732 0.534372 0.641559
v -0.122732 0.534372 0.641559
v -0.109532 0.875542 0.558223
v -0.198057 0.875542 0.544202
v -0.224455 0.534372 0.625448
v -0.238019 0.193201 0.667194
v -0.129514 0.193201 0.684379
v -0.129514 0.193201 0.684379
v -0.122732 0.534372 0.641559
v -0.224455 0.534372 0.625448
v -0.258524 1.216712 0.326215
v -0.357774 0.875542 0.462821
v -0.277916 0.875542 0.503512
v -0.277916 0.875542 0.503512
v -0.202201 1.216712 0.354913
v -0.258524 1.216712 0.326215
v -0.357774 0.875542 0.462821
v -0.407987 0.534372 0.531933
v -0.316221 0.534372 0.578691
v -0.316221 0.534372 0.578691
v -0.277916 0.875542 0.503512
v -0.357774 0.875542 0.462821
v -0.407987 0.534372 0.531933
v -0.433787 0.193201 0.567445
v -0.335903 0.193201 0.617319
v -0.335903 0.193201 0.617319
v -0.316221 0.534372 0.578691
v -0.407987 0.534372 0.531933
v -0.347921 1.216712 0.236819
v -0.484527 0.875542 0.336069
v -0.421151 0.875542 0.399445
v -0.421151 0.875542 0.399445
v -0.303223 1.216712 0.281517
v -0.347921 1.216712 0.236819
v -0.484527 0.875542 0.336069
v -0.553639 0.534371 0.386282
v -0.480813 0.534372 0.459108
v -0.480813 0.534372 0.459108
v -0.421151 0.875542 0.399445
v -0.484527 0.875542 0.336069
v -0.553639 0.534371 0.386282
v -0.589150 0.193201 0.412082
v -0.511469 0.193201 0.489763
v -0.511469 0.193201 0.489763
v -0.480813 0.534372 0.459108
v -0.553639 0.534371 0.386282
v -0.405317 1.216712 0.124172
v -0.565907 0.875542 0.176351
v -0.525217 0.875542 0.256210
v -0.525217 0.875542 0.256210
v -0.376619 1.216712 0.180495
v -0.405317 1.216712 0.124172
v -0.565907 0.875542 0.176351
v -0.647153 0.534371 0.202750
v -0.600396 0.534371 0.294516
v -0.600396 0.534371 0.294516
v -0.525217 0.875542 0.256210
v -0.565907 0.875542 0.176351
v -0.647153 0.534371 0.202750
v -0.688899 0.193201 0.216314
v -0.639025 0.193201 0.314198
v -0.639025 0.193201 0.314198
v -0.600396 0.534371 0.294516
v -0.647153 0.534371 0.202750
v -0.425094 1.216712 -0.000697
v -0.593949 0.875542 -0.000697
v -0.579928 0.875542 0.087827
v -0.579928 0.875542 0.087827
v -0.415206 1.216712 0.061738
v -0.425094 1.216712 -0.000697
v -0.593949 0.875542 -0.000697
v -0.679376 0.534371 -0.000697
v -0.663265 0.534371 0.101026
v -0.663265 0.534371 0.101026
v -0.579928 0.875542 0.087827
v -0.593949 0.875542 -0.000697
v -0.679376 0.534371 -0.000697
v -0.723271 0.193201 -0.000697
v -0.706085 0.193201 0.107808
v -0.706085 0.193201 0.107808
v -0.663265 0.534371 0.101026
v -0.679376 0.534371 -0.000697
v -0.405317 1.216712 -0.125567
v -0.565907 0.875542 -0.177745
v -0.579928 0.875542 -0.089221
v -0.579928 0.875542 -0.089221
v -0.415206 1.216712 -0.063132
v -0.405317 1.216712 -0.125567
v -0.565907 0.875542 -0.177745
v -0.647153 0.534371 -0.204144
v -0.663265 0.534371 -0.102421
v -0.663265 0.534371 -0.102421
v -0.579928 0.875542 -0.089221
v -0.565907 0.875542 -0.177745
v -0.647153 0.534371 -0.204144
v -0.688899 0.193201 -0.217708
v -0.706085 0.193201 -0.109203
v -0.706085 0.193201 -0.109203
v -0.663265 0.534371 -0.102421
v -0.647153 0.534371 -0.204144
vn 0.9495 -0.3137 0.0101
vn 0.9502 -0.3105 0.0256
vn 0.8083 -0.5825 0.0856
vn 0.9495 -0.3137 0.0100
vn 0.8077 -0.5854 0.0700
vn 0.8139 -0.5689 0.1179
vn 0.8893 -0.4352 0.1407
vn 0.9422 -0.2925 0.1634
vn 0.8077 -0.5855 0.0700
vn 0.5873 -0.7983 0.1332
vn 0.5868 -0.8011 0.1175
vn 0.6235 -0.7777 0.0797
vn 0.7309 -0.6816 0.0337
vn 0.8265 -0.5627 -0.0157
vn 0.5868 -0.8012 0.1175
vn 0.5872 -0.7984 0.1332
vn 0.3088 -0.9369 0.1638
vn 0.3085 -0.9396 0.1480
vn 0.2924 -0.9558 -0.0320
vn 0.4433 -0.8952 0.0462
vn 0.5782 -0.8077 0.1148
vn 0.3087 -0.9370 0.1638
vn -0.0000 -0.9847 0.1743
vn -0.0000 -0.9873 0.1586
vn 0.1562 -0.9753 0.1564
vn 0.0001 -0.9847 0.1743
vn -0.3087 -0.9370 0.1638
vn -0.3087 -0.9369 0.1638
vn -0.3085 -0.9396 0.1480
vn -0.1562 -0.9753 0.1564
vn -0.0000 -0.9874 0.1585
vn -0.3088 -0.9369 0.1638
vn -0.5872 -0.7984 0.1332
vn -0.5868 -0.8012 0.1175
vn -0.5437 -0.8392 0.0111
vn -0.4096 -0.8958 -0.1728
vn -0.2470 -0.8988 -0.3622
vn -0.5868 -0.8011 0.1175
vn -0.5873 -0.7983 0.1332
vn -0.8083 -0.5825 0.0856
vn -0.8077 -0.5855 0.0700
vn -0.8269 -0.5573 0.0749
vn -0.7286 -0.6744 0.1197
vn -0.6168 -0.7709 0.1590
vn -0.8077 -0.5854 0.0700
vn -0.9502 -0.3105 0.0256
vn -0.9495 -0.3137 0.0101
vn -0.8258 -0.4744 0.3049
vn -0.8687 -0.4912 -0.0635
vn -0.7935 -0.4708 -0.3856
vn -0.9495 -0.3137 0.0100
vn -0.9991 -0.0090 -0.0409
vn -0.9983 -0.0125 -0.0564
vn -0.9790 0.1947 0.0609
vn -0.9633 0.1187 0.2409
vn -0.9380 0.1360 0.3188
vn -0.9983 -0.0124 -0.0564
vn -0.9502 0.2925 -0.1073
vn -0.9495 0.2888 -0.1228
vn -0.8217 -0.3165 -0.4740
vn -0.2235 -0.6582 -0.7189
vn 0.8218 -0.4543 -0.3440
vn -0.9495 0.2889 -0.1228
vn -0.8083 0.5645 -0.1673
vn -0.8077 0.5606 -0.1827
vn -0.6935 0.4082 -0.5936
vn -0.7171 0.2055 -0.6660
vn -0.6890 -0.0310 -0.7241
vn -0.8076 0.5606 -0.1827
vn -0.5873 0.7803 -0.2149
vn -0.5868 0.7763 -0.2303
vn -0.6124 0.7693 0.1821
vn -0.7023 0.6981 -0.1394
vn -0.7086 0.5469 -0.4459
vn -0.5872 0.7804 -0.2149
vn -0.3088 0.9189 -0.2455
vn -0.3085 0.9148 -0.2608
vn -0.3047 0.8626 -0.4039
vn -0.4497 0.8123 -0.3715
vn -0.5840 0.7406 -0.3323
vn -0.3087 0.9189 -0.2455
vn -0.0000 0.9667 -0.2560
vn -0.0000 0.9625 -0.2713
vn 0.0140 0.8854 -0.4645
vn -0.1431 0.8794 -0.4541
vn -0.2945 0.8514 -0.4341
vn 0.3087 0.9189 -0.2455
vn 0.3085 0.9148 -0.2608
vn 0.2989 0.8075 -0.5085
vn 0.1463 0.8396 -0.5231
vn -0.0099 0.8499 -0.5269
vn 0.3088 0.9189 -0.2455
vn 0.5872 0.7804 -0.2149
vn 0.5868 0.7763 -0.2303
vn 0.6441 0.7096 -0.2857
vn 0.4990 0.6741 -0.5447
vn 0.3403 0.6030 -0.7215
vn 0.5873 0.7803 -0.2149
vn 0.8083 0.5645 -0.1673
vn 0.8077 0.5606 -0.1827
vn 0.6907 0.5388 -0.4823
vn 0.7055 0.6941 -0.1433
vn 0.6216 0.7553 0.2078
vn 0.9502 0.2925 -0.1074
vn 0.9495 0.2889 -0.1228
vn 0.8721 0.0205 -0.4888
vn 0.8265 0.1985 -0.5268
vn 0.7618 0.3450 -0.5483
vn 0.9495 0.2888 -0.1228
vn 0.9502 0.2925 -0.1073
vn 0.9991 -0.0090 -0.0409
vn 0.9983 -0.0124 -0.0564
vn -0.6305 -0.3467 -0.6944
vn 0.3110 -0.3130 -0.8974
vn 0.8376 -0.0851 -0.5396
vn 0.9983 -0.0125 -0.0564
vn 0.9341 -0.3278 0.1415
vn 0.9812 -0.1627 0.1036
vn 0.9986 -0.0083 0.0516
vn -0.0000 0.2151 0.9766
vn -0.0000 -0.2151 -0.9766
vn -0.0000 -0.2152 -0.9766
vn 0.5024 0.1878 -0.8440
vn 0.6297 0.3117 -0.7115
vn 0.6894 0.2067 -0.6943
vn 0.5024 0.1879 -0.8440
vn 0.7402 0.0998 -0.6649
vn 0.7402 0.0999 -0.6649
vn 0.5906 0.0189 -0.8068
vn 0.3651 0.3221 -0.8735
vn 0.4576 0.4799 -0.7485
vn 0.5471 0.3980 -0.7364
vn 0.6297 0.3118 -0.7115
vn 0.1920 0.4083 -0.8924
vn 0.2406 0.5879 -0.7723
vn 0.3513 0.5370 -0.7669
vn 0.1920 0.4083 -0.8925
vn 0.3513 0.5370 -0.7670
vn 0.4575 0.4799 -0.7486
vn 0.4575 0.4800 -0.7485
vn 0.3650 0.3221 -0.8735
vn 0.1919 0.4083 -0.8925
vn -0.0000 0.4380 -0.8990
vn -0.0000 0.6251 -0.7805
vn 0.1211 0.6101 -0.7830
vn 0.1210 0.6101 -0.7830
vn 0.2405 0.5879 -0.7723
vn 0.2405 0.5880 -0.7723
vn -0.1919 0.4083 -0.8925
vn -0.2405 0.5879 -0.7723
vn -0.1210 0.6101 -0.7830
vn -0.1211 0.6101 -0.7830
vn -0.3651 0.3221 -0.8735
vn -0.4575 0.4800 -0.7485
vn -0.3513 0.5370 -0.7670
vn -0.3650 0.3221 -0.8735
vn -0.2406 0.5879 -0.7723
vn -0.1920 0.4083 -0.8924
vn -0.5024 0.1879 -0.8440
vn -0.6297 0.3118 -0.7115
vn -0.5471 0.3980 -0.7364
vn -0.4576 0.4799 -0.7485
vn -0.5906 0.0189 -0.8068
vn -0.7402 0.0998 -0.6649
vn -0.6894 0.2067 -0.6943
vn -0.5906 0.0188 -0.8068
vn -0.6297 0.3117 -0.7115
vn -0.6298 0.3117 -0.7115
vn -0.6209 -0.1686 -0.7655
vn -0.7783 -0.1351 -0.6132
vn -0.7642 -0.0181 -0.6448
vn -0.7403 0.0998 -0.6649
vn -0.5906 0.0188 -0.8067
vn -0.5905 -0.3560 -0.7243
vn -0.7402 -0.3699 -0.5615
vn -0.7641 -0.2545 -0.5927
vn -0.6210 -0.1686 -0.7655
vn -0.5023 -0.5250 -0.6871
vn -0.6296 -0.5818 -0.5148
vn -0.6893 -0.4793 -0.5433
vn -0.7402 -0.3700 -0.5614
vn -0.7402 -0.3700 -0.5615
vn -0.3649 -0.6591 -0.6576
vn -0.4574 -0.7500 -0.4778
vn -0.5470 -0.6705 -0.5012
vn -0.6296 -0.5819 -0.5148
vn -0.1919 -0.7452 -0.6386
vn -0.2405 -0.8579 -0.4541
vn -0.3512 -0.8094 -0.4706
vn -0.3512 -0.8095 -0.4706
vn -0.0000 -0.7749 -0.6321
vn -0.0000 -0.8951 -0.4459
vn -0.1210 -0.8825 -0.4545
vn -0.1918 -0.7452 -0.6386
vn 0.1918 -0.7452 -0.6386
vn 0.2404 -0.8579 -0.4541
vn 0.1210 -0.8825 -0.4545
vn 0.3649 -0.6592 -0.6575
vn 0.4574 -0.7500 -0.4778
vn 0.3512 -0.8095 -0.4706
vn 0.3649 -0.6592 -0.6576
vn 0.3512 -0.8094 -0.4706
vn 0.2405 -0.8579 -0.4541
vn 0.1919 -0.7452 -0.6386
vn 0.3649 -0.6591 -0.6576
vn 0.5023 -0.5250 -0.6871
vn 0.6296 -0.5818 -0.5148
vn 0.5470 -0.6705 -0.5012
vn 0.5022 -0.5250 -0.6871
vn 0.4575 -0.7499 -0.4778
vn 0.3650 -0.6591 -0.6576
vn 0.5905 -0.3560 -0.7243
vn 0.7402 -0.3700 -0.5615
vn 0.6893 -0.4793 -0.5433
vn 0.6209 -0.1686 -0.7655
vn 0.7783 -0.1351 -0.6132
vn 0.7641 -0.2545 -0.5927
vn 0.7402 -0.3699 -0.5615
vn 0.5906 0.0188 -0.8067
vn 0.7403 0.0998 -0.6649
vn 0.7642 -0.0181 -0.6448
vn 0.7403 0.0999 -0.6648
vn 0.6894 0.2068 -0.6942
vn 0.8311 0.3360 -0.4431
vn 0.8868 0.2037 -0.4148
vn 0.5471 0.3981 -0.7363
vn 0.6596 0.5666 -0.4939
vn 0.7543 0.4575 -0.4708
vn 0.3513 0.5371 -0.7669
vn 0.4235 0.7341 -0.5308
vn 0.5481 0.6590 -0.5151
vn 0.1210 0.6102 -0.7830
vn 0.1459 0.8222 -0.5502
vn 0.2881 0.7883 -0.5436
vn -0.0000 0.6252 -0.7805
vn -0.1459 0.8222 -0.5502
vn -0.0000 0.8329 -0.5534
vn -0.2406 0.5880 -0.7723
vn -0.3513 0.5371 -0.7669
vn -0.4235 0.7341 -0.5308
vn -0.2882 0.7883 -0.5436
vn -0.4576 0.4800 -0.7485
vn -0.5471 0.3981 -0.7363
vn -0.6596 0.5666 -0.4939
vn -0.5481 0.6590 -0.5151
vn -0.6894 0.2068 -0.6942
vn -0.8311 0.3360 -0.4431
vn -0.7544 0.4575 -0.4707
vn -0.7403 0.0998 -0.6648
vn -0.7642 -0.0181 -0.6447
vn -0.9213 0.0649 -0.3834
vn -0.9213 0.0650 -0.3834
vn -0.8868 0.2036 -0.4148
vn -0.7784 -0.1351 -0.6131
vn -0.7642 -0.2545 -0.5927
vn -0.9213 -0.2201 -0.3206
vn -0.9213 -0.2200 -0.3206
vn -0.9325 -0.0778 -0.3528
vn -0.6893 -0.4793 -0.5432
vn -0.8311 -0.4911 -0.2609
vn -0.8868 -0.3591 -0.2908
vn -0.5471 -0.6705 -0.5011
vn -0.6596 -0.7217 -0.2101
vn -0.7543 -0.6130 -0.2349
vn -0.3512 -0.8095 -0.4705
vn -0.4235 -0.8892 -0.1732
vn -0.5480 -0.8145 -0.1906
vn -0.2405 -0.8579 -0.4540
vn -0.1459 -0.9773 -0.1539
vn -0.2881 -0.9438 -0.1621
vn -0.0000 -0.8951 -0.4458
vn 0.1459 -0.9773 -0.1539
vn -0.0000 -0.9883 -0.1523
vn 0.2405 -0.8579 -0.4540
vn 0.3512 -0.8095 -0.4705
vn 0.4235 -0.8892 -0.1732
vn 0.2881 -0.9438 -0.1621
vn 0.4575 -0.7500 -0.4778
vn 0.5471 -0.6705 -0.5011
vn 0.6596 -0.7217 -0.2101
vn 0.5481 -0.8144 -0.1906
vn 0.6297 -0.5818 -0.5148
vn 0.6893 -0.4793 -0.5432
vn 0.8311 -0.4911 -0.2610
vn 0.7544 -0.6129 -0.2350
vn 0.7402 -0.3700 -0.5614
vn 0.7642 -0.2545 -0.5927
vn 0.9213 -0.2200 -0.3206
vn 0.9213 -0.2201 -0.3206
vn 0.8868 -0.3591 -0.2909
vn 0.7402 -0.3699 -0.5614
vn 0.7783 -0.1351 -0.6131
vn 0.7642 -0.0181 -0.6447
vn 0.9213 0.0650 -0.3834
vn 0.9324 -0.0777 -0.3529
vn 0.7783 -0.1350 -0.6131
vn 0.8707 0.3876 -0.3026
vn 0.9293 0.2491 -0.2728
vn 0.7544 0.4576 -0.4707
vn 0.6910 0.6292 -0.3558
vn 0.7905 0.5151 -0.3314
vn 0.4235 0.7342 -0.5307
vn 0.4437 0.8047 -0.3945
vn 0.5743 0.7262 -0.3779
vn 0.2881 0.7884 -0.5435
vn 0.1459 0.8222 -0.5501
vn 0.1529 0.8970 -0.4148
vn 0.3019 0.8617 -0.4078
vn 0.2881 0.7884 -0.5436
vn -0.1459 0.8222 -0.5501
vn -0.1529 0.8970 -0.4148
vn -0.0000 0.9084 -0.4181
vn -0.2882 0.7884 -0.5435
vn -0.4235 0.7342 -0.5307
vn -0.4437 0.8047 -0.3945
vn -0.3020 0.8617 -0.4078
vn -0.2882 0.7883 -0.5435
vn -0.6910 0.6292 -0.3558
vn -0.5743 0.7262 -0.3779
vn -0.8707 0.3876 -0.3026
vn -0.8707 0.3877 -0.3026
vn -0.7905 0.5151 -0.3314
vn -0.8868 0.2037 -0.4148
vn -0.9652 0.1037 -0.2400
vn -0.9293 0.2490 -0.2728
vn -0.9325 -0.0777 -0.3528
vn -0.9652 -0.1949 -0.1742
vn -0.9771 -0.0458 -0.2079
vn -0.8868 -0.3592 -0.2908
vn -0.8707 -0.4789 -0.1117
vn -0.9293 -0.3407 -0.1429
vn -0.7544 -0.6130 -0.2349
vn -0.6910 -0.7205 -0.0585
vn -0.7905 -0.6067 -0.0843
vn -0.5481 -0.8144 -0.1905
vn -0.4437 -0.8960 -0.0198
vn -0.5743 -0.8178 -0.0378
vn -0.2881 -0.9438 -0.1620
vn -0.1459 -0.9773 -0.1538
vn -0.1529 -0.9882 0.0005
vn -0.3019 -0.9533 -0.0080
vn -0.0000 -0.9883 -0.1522
vn 0.1459 -0.9773 -0.1538
vn 0.1529 -0.9882 0.0005
vn -0.0000 -1.0000 0.0023
vn 0.2882 -0.9438 -0.1620
vn 0.4437 -0.8960 -0.0198
vn 0.3020 -0.9533 -0.0080
vn 0.2882 -0.9438 -0.1621
vn 0.5481 -0.8144 -0.1905
vn 0.6910 -0.7205 -0.0585
vn 0.5743 -0.8177 -0.0378
vn 0.7544 -0.6130 -0.2349
vn 0.8311 -0.4911 -0.2609
vn 0.8707 -0.4789 -0.1117
vn 0.7905 -0.6066 -0.0843
vn 0.8868 -0.3591 -0.2908
vn 0.9652 -0.1949 -0.1742
vn 0.9293 -0.3406 -0.1429
vn 0.9325 -0.0777 -0.3528
vn 0.9652 0.1037 -0.2400
vn 0.9771 -0.0458 -0.2079
vn 0.8708 0.3877 -0.3025
vn 0.8895 0.4303 -0.1536
vn 0.6910 0.6293 -0.3557
vn 0.7059 0.6771 -0.2079
vn 0.8077 0.5606 -0.1828
vn 0.4437 0.8047 -0.3944
vn 0.4532 0.8564 -0.2475
vn 0.4532 0.8563 -0.2475
vn 0.1529 0.8970 -0.4147
vn 0.1562 0.9506 -0.2682
vn -0.1529 0.8970 -0.4147
vn -0.1562 0.9506 -0.2682
vn -0.0000 0.9084 -0.4180
vn -0.4437 0.8047 -0.3944
vn -0.4532 0.8563 -0.2475
vn -0.3019 0.8617 -0.4078
vn -0.6910 0.6292 -0.3557
vn -0.7059 0.6771 -0.2079
vn -0.8707 0.3877 -0.3025
vn -0.8895 0.4303 -0.1536
vn -0.8895 0.4303 -0.1535
vn -0.9293 0.2491 -0.2728
vn -0.9861 0.1402 -0.0896
vn -0.9771 -0.0458 -0.2078
vn -0.9861 -0.1648 -0.0223
vn -0.8708 -0.4789 -0.1116
vn -0.8895 -0.4549 0.0416
vn -0.6910 -0.7205 -0.0584
vn -0.7060 -0.7017 0.0961
vn -0.8076 -0.5855 0.0699
vn -0.4437 -0.8960 -0.0197
vn -0.4533 -0.8810 0.1356
vn -0.4532 -0.8810 0.1356
vn -0.3019 -0.9533 -0.0079
vn -0.1529 -0.9882 0.0006
vn 0.1529 -0.9882 0.0006
vn -0.0000 -1.0000 0.0024
vn 0.4437 -0.8960 -0.0197
vn 0.4532 -0.8810 0.1356
vn 0.4533 -0.8810 0.1356
vn 0.3019 -0.9533 -0.0079
vn 0.6910 -0.7205 -0.0584
vn 0.7059 -0.7017 0.0961
vn 0.7060 -0.7017 0.0961
vn 0.5743 -0.8178 -0.0378
vn 0.8707 -0.4789 -0.1116
vn 0.8895 -0.4549 0.0416
vn 0.8077 -0.5855 0.0699
vn 0.9861 -0.1648 -0.0223
vn 0.9771 -0.0458 -0.2078
vn 0.9861 0.1402 -0.0896
vn 0.6298 0.3118 -0.7115
vn 0.7544 0.4575 -0.4707
vn 0.6298 0.3117 -0.7115
vn 0.8895 0.4303 -0.1535
vn 0.7905 0.5150 -0.3314
vn 0.4576 0.4800 -0.7485
vn 0.5472 0.3980 -0.7363
vn 0.6910 0.6292 -0.3557
vn 0.2406 0.5880 -0.7723
vn 0.2882 0.7883 -0.5436
vn 0.3020 0.8617 -0.4078
vn 0.2882 0.7884 -0.5435
vn 0.3085 0.9147 -0.2608
vn 0.1460 0.8222 -0.5502
vn 0.0001 0.9084 -0.4181
vn -0.0000 0.9625 -0.2714
vn -0.2405 0.5880 -0.7723
vn -0.2881 0.7883 -0.5436
vn -0.2881 0.7884 -0.5436
vn -0.2881 0.7884 -0.5435
vn -0.4436 0.8047 -0.3945
vn -0.4532 0.8564 -0.2475
vn -0.7543 0.4576 -0.4707
vn -0.5472 0.3981 -0.7363
vn -0.6298 0.3118 -0.7115
vn -0.7544 0.4576 -0.4707
vn -0.7403 0.0999 -0.6648
vn -0.9495 0.2889 -0.1229
vn -0.9324 -0.0777 -0.3528
vn -0.7783 -0.1351 -0.6131
vn -0.8868 -0.3591 -0.2909
vn -0.7402 -0.3699 -0.5614
vn -0.9293 -0.3406 -0.1429
vn -0.6297 -0.5818 -0.5148
vn -0.7544 -0.6129 -0.2350
vn -0.8311 -0.4911 -0.2610
vn -0.7905 -0.6066 -0.0843
vn -0.8077 -0.5855 0.0699
vn -0.8896 -0.4549 0.0416
vn -0.8707 -0.4789 -0.1116
vn -0.4575 -0.7500 -0.4777
vn -0.5481 -0.8144 -0.1906
vn -0.5471 -0.6706 -0.5011
vn -0.4575 -0.7500 -0.4778
vn -0.5743 -0.8177 -0.0378
vn -0.6910 -0.7204 -0.0585
vn -0.2882 -0.9438 -0.1621
vn -0.3020 -0.9533 -0.0080
vn -0.3020 -0.9533 -0.0079
vn 0.2404 -0.8579 -0.4540
vn 0.3019 -0.9533 -0.0080
vn 0.2881 -0.9438 -0.1620
vn 0.6296 -0.5819 -0.5148
vn 0.7543 -0.6130 -0.2349
vn 0.7905 -0.6067 -0.0843
vn 0.8076 -0.5855 0.0699
vn 0.8868 -0.3592 -0.2909
vn 0.8868 -0.3592 -0.2908
vn 0.9293 -0.3407 -0.1429
vn 0.8896 -0.4549 0.0416
vn 0.7784 -0.1351 -0.6131
vn 0.9325 -0.0778 -0.3528
vn 0.7403 0.0998 -0.6648
vn 0.9293 0.2490 -0.2728
vn 0.8868 0.2036 -0.4148
vn 0.9495 0.2799 0.1420
vn 0.9502 0.2846 0.1268
vn 0.8083 0.5519 0.2050
vn 0.8077 0.5470 0.2201
vn 0.8895 0.4189 0.1822
vn 0.8896 0.4189 0.1822
vn 0.8077 0.5470 0.2202
vn 0.5873 0.7640 0.2670
vn 0.5868 0.7590 0.2821
vn 0.7060 0.6615 0.2531
vn 0.7059 0.6615 0.2531
vn 0.5872 0.7641 0.2670
vn 0.3088 0.9003 0.3069
vn 0.3085 0.8951 0.3219
vn 0.4532 0.8377 0.3047
vn 0.5868 0.7590 0.2822
vn 0.3087 0.9003 0.3069
vn -0.0000 0.9472 0.3206
vn -0.0000 0.9420 0.3357
vn 0.1562 0.9303 0.3318
vn 0.3085 0.8951 0.3220
vn -0.3087 0.9003 0.3069
vn -0.3085 0.8951 0.3219
vn -0.2300 0.7836 -0.5771
vn -0.0775 0.7920 -0.6055
vn 0.0814 0.7832 -0.6164
vn -0.3088 0.9003 0.3069
vn -0.5872 0.7641 0.2670
vn -0.5868 0.7590 0.2821
vn -0.4532 0.8377 0.3047
vn -0.5873 0.7641 0.2670
vn -0.4533 0.8377 0.3047
vn -0.5873 0.7640 0.2670
vn -0.8083 0.5519 0.2050
vn -0.8083 0.5520 0.2050
vn -0.8077 0.5470 0.2201
vn -0.7059 0.6615 0.2532
vn -0.7060 0.6615 0.2531
vn -0.9502 0.2846 0.1268
vn -0.9495 0.2799 0.1420
vn -0.8895 0.4189 0.1822
vn -0.9502 0.2845 0.1268
vn -0.9991 -0.0118 0.0401
vn -0.9991 -0.0118 0.0402
vn -0.9983 -0.0162 0.0554
vn -0.9429 0.3064 0.1309
vn -0.8887 0.4317 0.1544
vn -0.7785 0.5984 0.1892
vn -0.9502 -0.3081 -0.0465
vn -0.9495 -0.3123 -0.0312
vn 0.8473 -0.1362 0.5133
vn 0.8257 -0.0070 0.5641
vn 0.7852 0.1289 0.6057
vn -0.8083 -0.5754 -0.1247
vn -0.8077 -0.5794 -0.1093
vn -0.7998 -0.5971 0.0621
vn -0.8842 -0.4668 -0.0157
vn -0.9412 -0.3232 -0.0989
vn -0.8076 -0.5794 -0.1093
vn -0.5873 -0.7875 -0.1867
vn -0.5868 -0.7914 -0.1713
vn -0.5826 -0.6942 -0.4227
vn -0.7012 -0.6011 -0.3834
vn -0.8046 -0.4923 -0.3320
vn -0.5872 -0.7876 -0.1867
vn -0.3088 -0.9238 -0.2265
vn -0.3085 -0.9275 -0.2111
vn -0.2524 -0.7759 -0.5782
vn -0.4038 -0.7329 -0.5475
vn -0.5397 -0.6763 -0.5015
vn -0.3087 -0.9238 -0.2265
vn -0.0000 -0.9707 -0.2403
vn -0.0000 -0.9744 -0.2248
vn 0.0244 -0.6543 -0.7558
vn -0.1310 -0.6370 -0.7597
vn -0.2837 -0.6058 -0.7434
vn 0.3087 -0.9238 -0.2266
vn 0.3085 -0.9275 -0.2111
vn 0.1562 -0.9625 -0.2218
vn 0.3087 -0.9238 -0.2265
vn 0.3088 -0.9238 -0.2265
vn 0.5872 -0.7876 -0.1867
vn 0.5868 -0.7914 -0.1713
vn 0.5566 -0.7464 -0.3647
vn 0.4222 -0.7910 -0.4429
vn 0.2706 -0.8179 -0.5077
vn 0.5869 -0.7914 -0.1713
vn 0.5873 -0.7875 -0.1867
vn 0.8083 -0.5754 -0.1247
vn 0.8077 -0.5794 -0.1093
vn 0.8230 -0.5198 -0.2292
vn 0.7204 -0.6232 -0.3045
vn 0.6036 -0.7075 -0.3676
vn 0.9502 -0.3081 -0.0465
vn 0.9495 -0.3123 -0.0312
vn 0.9316 -0.3573 0.0673
vn 0.8896 -0.4284 -0.1584
vn 0.7968 -0.4788 -0.3685
vn 0.9495 -0.3122 -0.0312
vn 0.9502 -0.3080 -0.0465
vn 0.9991 -0.0118 0.0401
vn 0.9983 -0.0162 0.0554
vn -0.7616 -0.3626 0.5370
vn -0.4778 -0.5776 0.6618
vn -0.1165 -0.8663 0.4857
vn 0.9502 0.2845 0.1268
vn 0.8736 0.3524 0.3357
vn 0.9366 0.1991 0.2883
vn 0.9682 0.0624 0.2422
vn -0.0000 0.2809 -0.9597
vn -0.0000 -0.2809 0.9597
vn 0.5024 -0.5705 0.6497
vn 0.6297 -0.6154 0.4740
vn 0.6894 -0.5151 0.5094
vn 0.7402 -0.4072 0.5350
vn 0.5906 -0.4044 0.6983
vn 0.3651 -0.7024 0.6111
vn 0.4575 -0.7807 0.4256
vn 0.5471 -0.7030 0.4543
vn 0.1919 -0.7871 0.5863
vn 0.2406 -0.8868 0.3946
vn 0.3513 -0.8396 0.4143
vn 0.1920 -0.7870 0.5863
vn 0.3651 -0.7024 0.6110
vn 0.1920 -0.7871 0.5863
vn -0.0000 -0.8162 0.5777
vn -0.0000 -0.9234 0.3838
vn 0.1210 -0.9114 0.3933
vn 0.1211 -0.9114 0.3933
vn 0.2405 -0.8868 0.3945
vn 0.2405 -0.8869 0.3945
vn 0.1919 -0.7871 0.5862
vn -0.1919 -0.7871 0.5863
vn -0.2405 -0.8868 0.3945
vn -0.1210 -0.9114 0.3933
vn -0.1211 -0.9114 0.3933
vn -0.1919 -0.7871 0.5862
vn -0.3650 -0.7024 0.6111
vn -0.4575 -0.7807 0.4256
vn -0.3513 -0.8396 0.4143
vn -0.2406 -0.8868 0.3946
vn -0.1920 -0.7871 0.5863
vn -0.5024 -0.5705 0.6497
vn -0.6297 -0.6154 0.4740
vn -0.5471 -0.7030 0.4543
vn -0.4576 -0.7807 0.4256
vn -0.3651 -0.7024 0.6111
vn -0.5906 -0.4044 0.6983
vn -0.7402 -0.4072 0.5350
vn -0.6894 -0.5151 0.5094
vn -0.5906 -0.4044 0.6984
vn -0.6298 -0.6154 0.4740
vn -0.6209 -0.2202 0.7523
vn -0.7783 -0.1764 0.6026
vn -0.7642 -0.2941 0.5741
vn -0.7641 -0.2941 0.5741
vn -0.7403 -0.4071 0.5350
vn -0.5906 -0.4043 0.6984
vn -0.6210 -0.2202 0.7523
vn -0.5905 -0.0361 0.8062
vn -0.7402 0.0544 0.6702
vn -0.7641 -0.0618 0.6421
vn -0.7783 -0.1763 0.6026
vn -0.5023 0.1300 0.8549
vn -0.6296 0.2627 0.7312
vn -0.6893 0.1591 0.7068
vn -0.7402 0.0545 0.6702
vn -0.5905 -0.0360 0.8062
vn -0.3649 0.2618 0.8935
vn -0.4574 0.4279 0.7796
vn -0.5470 0.3470 0.7618
vn -0.1919 0.3464 0.9182
vn -0.2405 0.5339 0.8106
vn -0.3512 0.4835 0.8018
vn -0.1919 0.3464 0.9183
vn -0.4574 0.4279 0.7795
vn -0.3649 0.2619 0.8935
vn -0.1918 0.3464 0.9182
vn -0.0000 0.3756 0.9268
vn -0.0000 0.5705 0.8213
vn -0.1210 0.5553 0.8228
vn -0.2405 0.5340 0.8106
vn -0.2404 0.5339 0.8106
vn -0.1918 0.3464 0.9183
vn 0.1918 0.3464 0.9183
vn 0.2404 0.5339 0.8106
vn 0.1210 0.5553 0.8228
vn 0.3649 0.2619 0.8935
vn 0.4574 0.4279 0.7795
vn 0.3512 0.4835 0.8018
vn 0.3649 0.2618 0.8935
vn 0.2405 0.5339 0.8106
vn 0.1918 0.3464 0.9182
vn 0.5023 0.1301 0.8549
vn 0.6296 0.2627 0.7312
vn 0.5470 0.3470 0.7618
vn 0.4575 0.4278 0.7795
vn 0.5022 0.1301 0.8549
vn 0.5905 -0.0360 0.8062
vn 0.7402 0.0545 0.6702
vn 0.6893 0.1591 0.7068
vn 0.6296 0.2626 0.7311
vn 0.6296 0.2626 0.7312
vn 0.5023 0.1300 0.8549
vn 0.6209 -0.2202 0.7523
vn 0.7783 -0.1763 0.6026
vn 0.7641 -0.0618 0.6421
vn 0.6210 -0.2202 0.7523
vn 0.7402 0.0544 0.6702
vn 0.5905 -0.0361 0.8062
vn 0.5906 -0.4043 0.6984
vn 0.7642 -0.2941 0.5741
vn 0.7783 -0.1764 0.6026
vn 0.7403 -0.4072 0.5349
vn 0.6894 -0.5151 0.5093
vn 0.8311 -0.5077 0.2270
vn 0.8868 -0.3780 0.2658
vn 0.6298 -0.6155 0.4740
vn 0.5471 -0.7031 0.4543
vn 0.6596 -0.7343 0.1607
vn 0.7543 -0.6275 0.1928
vn 0.6297 -0.6155 0.4740
vn 0.4576 -0.7807 0.4255
vn 0.3513 -0.8396 0.4142
vn 0.4235 -0.8989 0.1125
vn 0.5480 -0.8255 0.1348
vn 0.4575 -0.7808 0.4255
vn 0.1211 -0.9114 0.3932
vn 0.1459 -0.9855 0.0871
vn 0.2881 -0.9526 0.0976
vn -0.1210 -0.9114 0.3932
vn -0.1459 -0.9855 0.0871
vn -0.0000 -0.9964 0.0848
vn -0.0001 -0.9234 0.3838
vn -0.2406 -0.8869 0.3945
vn -0.3513 -0.8396 0.4142
vn -0.4235 -0.8989 0.1125
vn -0.2882 -0.9526 0.0976
vn -0.5471 -0.7031 0.4543
vn -0.6596 -0.7343 0.1607
vn -0.5481 -0.8255 0.1348
vn -0.6894 -0.5151 0.5093
vn -0.8311 -0.5077 0.2270
vn -0.7544 -0.6275 0.1928
vn -0.7403 -0.4072 0.5350
vn -0.7642 -0.2941 0.5740
vn -0.9213 -0.2413 0.3050
vn -0.9213 -0.2413 0.3049
vn -0.8868 -0.3780 0.2658
vn -0.7784 -0.1763 0.6026
vn -0.7642 -0.0618 0.6420
vn -0.9213 0.0388 0.3869
vn -0.9325 -0.1014 0.3468
vn -0.7402 0.0545 0.6701
vn -0.6894 0.1591 0.7067
vn -0.8311 0.3052 0.4649
vn -0.8868 0.1751 0.4277
vn -0.6297 0.2627 0.7311
vn -0.5471 0.3470 0.7618
vn -0.6596 0.5318 0.5312
vn -0.7543 0.4246 0.5007
vn -0.6296 0.2627 0.7311
vn -0.4235 0.6964 0.5794
vn -0.5480 0.6225 0.5587
vn -0.1459 0.7829 0.6048
vn -0.2881 0.7496 0.5959
vn 0.1459 0.7829 0.6047
vn 0.1459 0.7829 0.6048
vn -0.0000 0.7934 0.6087
vn 0.2405 0.5340 0.8106
vn 0.3513 0.4836 0.8017
vn 0.4235 0.6964 0.5794
vn 0.2882 0.7496 0.5959
vn 0.5471 0.3470 0.7618
vn 0.6596 0.5318 0.5312
vn 0.5481 0.6225 0.5587
vn 0.4575 0.4279 0.7795
vn 0.6297 0.2627 0.7311
vn 0.6893 0.1591 0.7067
vn 0.8311 0.3052 0.4649
vn 0.7544 0.4245 0.5007
vn 0.7402 0.0545 0.6701
vn 0.7642 -0.0618 0.6420
vn 0.9213 0.0388 0.3869
vn 0.8868 0.1750 0.4277
vn 0.7784 -0.1763 0.6025
vn 0.7642 -0.2941 0.5740
vn 0.9213 -0.2413 0.3049
vn 0.9325 -0.1015 0.3467
vn 0.8868 -0.3781 0.2657
vn 0.8707 -0.4854 0.0789
vn 0.9293 -0.3496 0.1195
vn 0.7544 -0.6275 0.1927
vn 0.6596 -0.7343 0.1606
vn 0.6910 -0.7228 0.0095
vn 0.7905 -0.6110 0.0430
vn 0.5481 -0.8255 0.1348
vn 0.4235 -0.8989 0.1124
vn 0.4437 -0.8953 -0.0410
vn 0.5743 -0.8185 -0.0177
vn 0.1529 -0.9859 -0.0675
vn 0.3019 -0.9516 -0.0567
vn -0.0001 -0.9964 0.0848
vn -0.1529 -0.9859 -0.0675
vn -0.0000 -0.9975 -0.0701
vn -0.4235 -0.8989 0.1124
vn -0.4437 -0.8953 -0.0410
vn -0.3020 -0.9516 -0.0567
vn -0.6596 -0.7343 0.1606
vn -0.6910 -0.7228 0.0095
vn -0.5743 -0.8184 -0.0177
vn -0.8707 -0.4854 0.0789
vn -0.7905 -0.6110 0.0430
vn -0.7544 -0.6275 0.1927
vn -0.8869 -0.3780 0.2658
vn -0.9652 -0.2063 0.1606
vn -0.9293 -0.3495 0.1195
vn -0.9325 -0.1014 0.3467
vn -0.9652 0.0872 0.2465
vn -0.9652 0.0871 0.2465
vn -0.9771 -0.0598 0.2043
vn -0.8311 0.3052 0.4648
vn -0.8707 0.3662 0.3282
vn -0.9293 0.2300 0.2891
vn -0.7544 0.4246 0.5007
vn -0.6910 0.6036 0.3977
vn -0.7904 0.4914 0.3656
vn -0.5481 0.6225 0.5586
vn -0.4437 0.7761 0.4481
vn -0.5743 0.6989 0.4263
vn -0.2881 0.7496 0.5958
vn -0.1459 0.7830 0.6047
vn -0.1529 0.8668 0.4747
vn -0.3019 0.8321 0.4653
vn 0.1459 0.7830 0.6047
vn 0.1529 0.8668 0.4747
vn -0.0000 0.8780 0.4787
vn 0.2882 0.7496 0.5958
vn 0.4437 0.7761 0.4481
vn 0.3020 0.8321 0.4653
vn 0.5481 0.6225 0.5586
vn 0.6910 0.6036 0.3977
vn 0.5743 0.6988 0.4263
vn 0.8707 0.3662 0.3282
vn 0.7905 0.4914 0.3656
vn 0.8868 0.1751 0.4276
vn 0.9652 0.0871 0.2465
vn 0.9293 0.2300 0.2891
vn 0.9652 -0.2063 0.1606
vn 0.9771 -0.0598 0.2043
vn 0.8895 -0.4511 -0.0722
vn 0.9293 -0.3496 0.1194
vn 0.6910 -0.7228 0.0094
vn 0.7059 -0.6936 -0.1432
vn 0.7905 -0.6110 0.0429
vn 0.5743 -0.8185 -0.0178
vn 0.4437 -0.8952 -0.0411
vn 0.4532 -0.8699 -0.1947
vn 0.3019 -0.9516 -0.0568
vn 0.1529 -0.9859 -0.0676
vn -0.0000 -0.9975 -0.0702
vn -0.1529 -0.9859 -0.0676
vn -0.1562 -0.9625 -0.2218
vn -0.0001 -0.9744 -0.2248
vn -0.4437 -0.8953 -0.0411
vn -0.4532 -0.8699 -0.1947
vn -0.6910 -0.7228 0.0094
vn -0.7059 -0.6936 -0.1432
vn -0.5743 -0.8184 -0.0178
vn -0.8895 -0.4511 -0.0722
vn -0.8895 -0.4511 -0.0723
vn -0.9861 -0.1660 0.0111
vn -0.9495 -0.3123 -0.0311
vn -0.9652 0.0872 0.2464
vn -0.9861 0.1338 0.0988
vn -0.9983 -0.0162 0.0555
vn -0.8708 0.3662 0.3281
vn -0.8896 0.4189 0.1822
vn -0.7905 0.4914 0.3656
vn -0.6910 0.6037 0.3976
vn -0.7059 0.6615 0.2531
vn -0.4436 0.7761 0.4481
vn -0.5868 0.7590 0.2822
vn -0.1529 0.8668 0.4746
vn -0.1562 0.9303 0.3318
vn -0.3084 0.8951 0.3220
vn 0.1529 0.8668 0.4746
vn 0.4533 0.8377 0.3047
vn 0.3086 0.8951 0.3220
vn 0.5743 0.6989 0.4263
vn 0.6910 0.6037 0.3976
vn 0.8707 0.3663 0.3281
vn 0.9652 0.0872 0.2464
vn 0.9861 0.1338 0.0988
vn 0.9861 -0.1660 0.0111
vn 0.6298 -0.6154 0.4739
vn 0.7544 -0.6275 0.1928
vn 0.6298 -0.6154 0.4740
vn 0.8895 -0.4511 -0.0723
vn 0.4576 -0.7807 0.4256
vn 0.5472 -0.7030 0.4543
vn 0.5743 -0.8184 -0.0177
vn 0.5743 -0.8184 -0.0178
vn 0.2406 -0.8868 0.3945
vn 0.2882 -0.9526 0.0976
vn 0.3020 -0.9516 -0.0567
vn 0.3020 -0.9516 -0.0568
vn 0.1459 -0.9854 0.0871
vn 0.0001 -0.9964 0.0848
vn -0.2405 -0.8869 0.3945
vn -0.2881 -0.9526 0.0976
vn -0.1459 -0.9854 0.0871
vn -0.3019 -0.9517 -0.0567
vn -0.3019 -0.9516 -0.0567
vn -0.4576 -0.7808 0.4255
vn -0.5480 -0.8255 0.1348
vn -0.4575 -0.7808 0.4255
vn -0.5743 -0.8185 -0.0177
vn -0.4436 -0.8953 -0.0410
vn -0.5743 -0.8185 -0.0178
vn -0.4437 -0.8952 -0.0411
vn -0.6297 -0.6155 0.4740
vn -0.7543 -0.6275 0.1928
vn -0.5472 -0.7030 0.4543
vn -0.7905 -0.6110 0.0429
vn -0.7403 -0.4072 0.5349
vn -0.9293 -0.3496 0.1195
vn -0.8707 -0.4854 0.0790
vn -0.8708 -0.4854 0.0789
vn -0.9293 -0.3496 0.1194
vn -0.9325 -0.1015 0.3467
vn -0.7784 -0.1764 0.6026
vn -0.8868 0.1750 0.4277
vn -0.7544 0.4245 0.5007
vn -0.6893 0.1591 0.7067
vn -0.8707 0.3663 0.3282
vn -0.8077 0.5470 0.2202
vn -0.8707 0.3663 0.3281
vn -0.4575 0.4279 0.7795
vn -0.5481 0.6225 0.5587
vn -0.5470 0.3471 0.7618
vn -0.5744 0.6988 0.4263
vn -0.6911 0.6036 0.3976
vn -0.2882 0.7496 0.5959
vn -0.4234 0.6964 0.5794
vn -0.3512 0.4836 0.8018
vn -0.2882 0.7496 0.5958
vn -0.3020 0.8321 0.4653
vn -0.3085 0.8951 0.3220
vn -0.1459 0.7829 0.6047
vn 0.2881 0.7496 0.5959
vn 0.2881 0.7496 0.5958
vn 0.3019 0.8321 0.4653
vn 0.5480 0.6225 0.5587
vn 0.3512 0.4836 0.8017
vn 0.6296 0.2627 0.7311
vn 0.7543 0.4246 0.5007
vn 0.6910 0.6036 0.3976
vn 0.8868 0.1751 0.4277
vn 0.8311 0.3052 0.4648
vn 0.9325 -0.1014 0.3468
vn 0.7784 -0.1763 0.6026
vn 0.9325 -0.1014 0.3467
vn 0.9983 -0.0162 0.0555
vn 0.7403 -0.4071 0.5349
vn 0.9213 -0.2413 0.3050
vn 0.7403 -0.4072 0.5350
vn 0.9293 -0.3495 0.1195
vn 0.9440 0.1215 -0.3067
vn 0.9443 0.1191 -0.3068
vn 0.8031 0.1205 -0.5835
vn 0.8031 0.1206 -0.5835
vn 0.8029 0.1226 -0.5833
vn 0.8967 0.1205 -0.4258
vn 0.9440 0.1215 -0.3068
vn 0.8029 0.1226 -0.5834
vn 0.5836 0.1191 -0.8032
vn 0.5835 0.1215 -0.8030
vn 0.6821 0.1205 -0.7212
vn 0.8029 0.1225 -0.5834
vn 0.5834 0.1215 -0.8030
vn 0.5836 0.1191 -0.8033
vn 0.3068 0.1205 -0.9441
vn 0.3068 0.1206 -0.9441
vn 0.3067 0.1226 -0.9439
vn 0.4752 0.1205 -0.8716
vn 0.3066 0.1226 -0.9439
vn 0.3067 0.1206 -0.9441
vn -0.0000 0.1191 -0.9929
vn 0.3067 0.1225 -0.9439
vn -0.0000 0.1215 -0.9926
vn 0.0116 0.2204 -0.9753
vn 0.1383 0.1829 -0.9733
vn 0.3187 0.1430 -0.9370
vn -0.3067 0.1205 -0.9441
vn -0.3067 0.1226 -0.9439
vn -0.1019 -0.9720 0.2115
vn 0.0508 -0.9948 0.0882
vn 0.1504 -0.9882 -0.0294
vn -0.3068 0.1206 -0.9441
vn -0.5836 0.1191 -0.8033
vn -0.3067 0.1225 -0.9439
vn -0.5834 0.1215 -0.8030
vn -0.4751 0.1205 -0.8716
vn -0.5836 0.1191 -0.8032
vn -0.8031 0.1205 -0.5835
vn -0.5835 0.1215 -0.8030
vn -0.8029 0.1226 -0.5834
vn -0.7987 0.1256 -0.5884
vn -0.6815 0.0830 -0.7271
vn -0.5850 0.0461 -0.8098
vn -0.8029 0.1226 -0.5833
vn -0.8031 0.1206 -0.5835
vn -0.9443 0.1191 -0.3068
vn -0.9443 0.1191 -0.3069
vn -0.9440 0.1215 -0.3068
vn -0.8967 0.1205 -0.4258
vn -0.8029 0.1225 -0.5833
vn -0.9440 0.1215 -0.3067
vn -0.9927 0.1205 -0.0000
vn -0.9925 0.1226 -0.0000
vn -0.9371 0.3490 0.0045
vn -0.9295 0.3228 -0.1785
vn -0.9058 0.2957 -0.3036
vn -0.9927 0.1206 -0.0000
vn -0.9443 0.1191 0.3068
vn -0.9925 0.1225 -0.0000
vn -0.9440 0.1215 0.3067
vn -0.9511 0.0369 0.3066
vn -0.9828 0.0260 0.1826
vn -0.9998 0.0198 -0.0000
vn -0.8031 0.1205 0.5835
vn -0.9440 0.1215 0.3068
vn -0.8029 0.1226 0.5833
vn -0.8056 -0.0397 0.5911
vn -0.8973 0.0732 0.4354
vn -0.9328 0.1740 0.3155
vn -0.8029 0.1226 0.5834
vn -0.8031 0.1206 0.5835
vn -0.5836 0.1191 0.8032
vn -0.5835 0.1215 0.8030
vn -0.6821 0.1205 0.7212
vn -0.8029 0.1225 0.5834
vn -0.5834 0.1215 0.8030
vn -0.5836 0.1191 0.8033
vn -0.3068 0.1205 0.9441
vn -0.3068 0.1206 0.9441
vn -0.3067 0.1226 0.9439
vn -0.4752 0.1205 0.8716
vn -0.3066 0.1226 0.9439
vn -0.3067 0.1206 0.9441
vn -0.0000 0.1191 0.9929
vn -0.3067 0.1225 0.9439
vn -0.0000 0.1215 0.9926
vn -0.0015 0.0115 0.9999
vn -0.1294 0.0260 0.9912
vn -0.3081 0.0467 0.9502
vn 0.3067 0.1205 0.9441
vn 0.3067 0.1226 0.9439
vn 0.3093 0.2470 0.9183
vn 0.1292 0.2713 0.9538
vn 0.0012 0.2927 0.9562
vn 0.3068 0.1206 0.9441
vn 0.5836 0.1191 0.8033
vn 0.3067 0.1225 0.9439
vn 0.5834 0.1215 0.8030
vn 0.5678 0.2080 0.7965
vn 0.4674 0.1500 0.8712
vn 0.3039 0.0907 0.9484
vn 0.5836 0.1191 0.8032
vn 0.8031 0.1205 0.5835
vn 0.8031 0.1206 0.5835
vn 0.8029 0.1226 0.5834
vn 0.6821 0.1205 0.7213
vn 0.5835 0.1215 0.8030
vn 0.8029 0.1226 0.5833
vn 0.9443 0.1191 0.3068
vn 0.9443 0.1191 0.3069
vn 0.9440 0.1215 0.3068
vn 0.8967 0.1205 0.4258
vn 0.8029 0.1225 0.5833
vn 0.9440 0.1215 0.3067
vn 0.9927 0.1205 -0.0000
vn 0.9925 0.1226 -0.0000
vn 0.9934 0.1144 -0.0010
vn 0.9758 0.1221 0.1815
vn 0.9430 0.1322 0.3053
vn 0.9927 0.1206 -0.0000
vn 0.9758 0.1205 -0.1826
vn 0.9925 0.1225 -0.0000
vn -0.0000 -1.0000 -0.0000
vn -0.1231 -0.9916 0.0400
vn -0.0760 -0.9916 0.1047
vn -0.0761 -0.9916 0.1047
vn -0.0000 -0.9916 0.1294
vn 0.0761 -0.9916 0.1047
vn 0.1231 -0.9916 0.0400
vn 0.1231 -0.9916 -0.0400
vn 0.0760 -0.9916 -0.1047
vn 0.0761 -0.9916 -0.1047
vn -0.0000 -0.9916 -0.1294
vn -0.0761 -0.9916 -0.1047
vn -0.1231 -0.9916 -0.0400
vn 0.2005 0.9775 -0.0651
vn 0.1705 0.9775 -0.1239
vn -0.0000 1.0000 -0.0000
vn 0.1239 0.9775 -0.1705
vn 0.0651 0.9775 -0.2005
vn -0.0000 0.9775 -0.2108
vn -0.0651 0.9775 -0.2005
vn -0.1239 0.9775 -0.1705
vn -0.1705 0.9775 -0.1239
vn -0.2005 0.9775 -0.0651
vn -0.2108 0.9775 -0.0000
vn -0.2005 0.9775 0.0651
vn -0.1705 0.9775 0.1239
vn -0.1239 0.9775 0.1705
vn -0.0651 0.9775 0.2005
vn -0.0000 0.9775 0.2108
vn 0.0651 0.9775 0.2005
vn 0.1239 0.9775 0.1705
vn 0.1705 0.9775 0.1239
vn 0.2005 0.9775 0.0651
vn 0.2108 0.9775 -0.0000
vn -0.4997 0.7865 -0.3630
vn -0.6449 0.6037 -0.4686
vn -0.7049 0.6117 -0.3591
vn -0.7049 0.6117 -0.3592
vn -0.7582 0.6037 -0.2463
vn -0.7581 0.6037 -0.2464
vn -0.5874 0.7865 -0.1909
vn -0.3630 0.7865 -0.4996
vn -0.4686 0.6038 -0.6449
vn -0.5594 0.6117 -0.5594
vn -0.4996 0.7865 -0.3630
vn -0.1908 0.7865 -0.5874
vn -0.2463 0.6037 -0.7582
vn -0.3592 0.6117 -0.7049
vn -0.3591 0.6117 -0.7049
vn -0.4686 0.6037 -0.6449
vn -0.4686 0.6037 -0.6450
vn -0.3630 0.7865 -0.4997
vn -0.1909 0.7865 -0.5874
vn -0.0000 0.7865 -0.6176
vn -0.0000 0.6037 -0.7972
vn -0.1238 0.6117 -0.7814
vn 0.1908 0.7865 -0.5874
vn 0.2463 0.6037 -0.7582
vn 0.1238 0.6117 -0.7814
vn 0.3630 0.7865 -0.4997
vn 0.4686 0.6038 -0.6449
vn 0.3592 0.6117 -0.7049
vn 0.2464 0.6037 -0.7581
vn 0.1909 0.7865 -0.5874
vn 0.4996 0.7865 -0.3630
vn 0.6449 0.6037 -0.4686
vn 0.5594 0.6117 -0.5594
vn 0.4686 0.6037 -0.6449
vn 0.3630 0.7865 -0.4996
vn 0.5874 0.7865 -0.1908
vn 0.7582 0.6037 -0.2463
vn 0.7049 0.6117 -0.3592
vn 0.7049 0.6117 -0.3591
vn 0.6450 0.6037 -0.4686
vn 0.4997 0.7865 -0.3630
vn 0.5874 0.7865 -0.1909
vn 0.6176 0.7865 -0.0000
vn 0.7972 0.6037 -0.0000
vn 0.7814 0.6117 -0.1238
vn 0.7814 0.6117 -0.1237
vn 0.5874 0.7865 0.1908
vn 0.7582 0.6037 0.2463
vn 0.7814 0.6117 0.1238
vn 0.4997 0.7865 0.3630
vn 0.6449 0.6037 0.4686
vn 0.7049 0.6117 0.3591
vn 0.7049 0.6117 0.3592
vn 0.7581 0.6037 0.2464
vn 0.5874 0.7865 0.1909
vn 0.3630 0.7865 0.4996
vn 0.4686 0.6037 0.6449
vn 0.5594 0.6117 0.5594
vn 0.4996 0.7865 0.3630
vn 0.1908 0.7865 0.5874
vn 0.2463 0.6037 0.7582
vn 0.3592 0.6117 0.7049
vn 0.3591 0.6117 0.7049
vn 0.4686 0.6037 0.6450
vn 0.3630 0.7865 0.4997
vn 0.1909 0.7865 0.5874
vn -0.0000 0.7865 0.6176
vn -0.0000 0.6037 0.7972
vn 0.1238 0.6117 0.7814
vn 0.1237 0.6117 0.7814
vn -0.1908 0.7865 0.5874
vn -0.2463 0.6037 0.7582
vn -0.1238 0.6117 0.7814
vn -0.3630 0.7865 0.4997
vn -0.4686 0.6037 0.6449
vn -0.3591 0.6117 0.7049
vn -0.3592 0.6117 0.7049
vn -0.2464 0.6037 0.7581
vn -0.1909 0.7865 0.5874
vn -0.4996 0.7865 0.3630
vn -0.6449 0.6037 0.4686
vn -0.5594 0.6117 0.5594
vn -0.4996 0.7865 0.3631
vn -0.3630 0.7865 0.4996
vn -0.5874 0.7865 0.1908
vn -0.7582 0.6037 0.2463
vn -0.7049 0.6117 0.3592
vn -0.7049 0.6117 0.3591
vn -0.6450 0.6037 0.4686
vn -0.4997 0.7865 0.3630
vn -0.5874 0.7865 0.1909
vn -0.6176 0.7865 -0.0000
vn -0.7972 0.6037 -0.0000
vn -0.7814 0.6117 0.1238
vn -0.5874 0.7865 -0.1908
vn -0.7814 0.6117 -0.1238
vn -0.7582 0.6037 -0.2464
vn -0.7049 0.6116 -0.3592
vn -0.8399 0.3339 -0.4279
vn -0.8967 0.3332 -0.2914
vn -0.6450 0.6037 -0.4686
vn -0.5594 0.6116 -0.5594
vn -0.6665 0.3339 -0.6665
vn -0.7628 0.3332 -0.5542
vn -0.3592 0.6116 -0.7049
vn -0.4279 0.3339 -0.8399
vn -0.5542 0.3332 -0.7628
vn -0.1238 0.6116 -0.7814
vn -0.1474 0.3339 -0.9310
vn -0.1475 0.3339 -0.9310
vn -0.2913 0.3332 -0.8967
vn 0.1237 0.6116 -0.7814
vn 0.1475 0.3339 -0.9310
vn -0.0000 0.3332 -0.9429
vn 0.2464 0.6037 -0.7582
vn 0.3592 0.6116 -0.7049
vn 0.4280 0.3339 -0.8399
vn 0.4279 0.3339 -0.8399
vn 0.2914 0.3332 -0.8967
vn 0.4686 0.6037 -0.6450
vn 0.5594 0.6116 -0.5594
vn 0.6665 0.3339 -0.6665
vn 0.5542 0.3332 -0.7628
vn 0.7049 0.6116 -0.3592
vn 0.8399 0.3339 -0.4279
vn 0.7628 0.3332 -0.5542
vn 0.7814 0.6116 -0.1238
vn 0.9310 0.3339 -0.1474
vn 0.9310 0.3339 -0.1475
vn 0.8967 0.3332 -0.2914
vn 0.7814 0.6116 0.1238
vn 0.9310 0.3339 0.1475
vn 0.9429 0.3332 -0.0000
vn 0.7582 0.6037 0.2464
vn 0.7049 0.6116 0.3592
vn 0.8399 0.3339 0.4280
vn 0.8399 0.3339 0.4279
vn 0.8967 0.3332 0.2914
vn 0.6450 0.6037 0.4686
vn 0.5594 0.6116 0.5594
vn 0.6665 0.3339 0.6665
vn 0.7628 0.3332 0.5542
vn 0.3592 0.6116 0.7049
vn 0.4279 0.3339 0.8399
vn 0.5542 0.3332 0.7628
vn 0.1238 0.6116 0.7814
vn 0.1475 0.3339 0.9310
vn 0.2914 0.3332 0.8967
vn -0.1237 0.6116 0.7814
vn -0.1475 0.3339 0.9310
vn -0.0000 0.3332 0.9429
vn -0.2464 0.6037 0.7582
vn -0.3592 0.6116 0.7049
vn -0.4279 0.3339 0.8399
vn -0.2914 0.3332 0.8967
vn -0.4686 0.6037 0.6450
vn -0.5594 0.6116 0.5595
vn -0.6665 0.3339 0.6665
vn -0.5542 0.3332 0.7628
vn -0.7049 0.6116 0.3592
vn -0.8399 0.3339 0.4279
vn -0.7628 0.3332 0.5542
vn -0.7814 0.6116 0.1238
vn -0.9310 0.3339 0.1475
vn -0.8967 0.3332 0.2914
vn -0.7814 0.6116 -0.1237
vn -0.9310 0.3339 -0.1475
vn -0.9429 0.3332 -0.0000
vn -0.8967 0.3331 -0.2914
vn -0.8399 0.3338 -0.4279
vn -0.8763 0.1812 -0.4465
vn -0.9352 0.1819 -0.3039
vn -0.7628 0.3331 -0.5542
vn -0.6666 0.3338 -0.6665
vn -0.6954 0.1812 -0.6954
vn -0.7955 0.1819 -0.5780
vn -0.7628 0.3331 -0.5543
vn -0.5542 0.3331 -0.7628
vn -0.4280 0.3338 -0.8399
vn -0.4465 0.1812 -0.8763
vn -0.5780 0.1819 -0.7955
vn -0.2913 0.3331 -0.8968
vn -0.1475 0.3338 -0.9310
vn -0.1538 0.1812 -0.9713
vn -0.3038 0.1819 -0.9352
vn 0.0001 0.3331 -0.9429
vn 0.1475 0.3338 -0.9310
vn 0.1539 0.1812 -0.9713
vn 0.1538 0.1812 -0.9713
vn -0.0000 0.1819 -0.9833
vn -0.0000 0.3331 -0.9429
vn 0.2914 0.3331 -0.8967
vn 0.4279 0.3338 -0.8399
vn 0.4465 0.1812 -0.8763
vn 0.3039 0.1819 -0.9352
vn 0.5542 0.3331 -0.7628
vn 0.6665 0.3338 -0.6666
vn 0.6954 0.1812 -0.6954
vn 0.5780 0.1819 -0.7955
vn 0.5543 0.3331 -0.7628
vn 0.7628 0.3331 -0.5542
vn 0.8399 0.3338 -0.4280
vn 0.8763 0.1812 -0.4465
vn 0.7955 0.1819 -0.5780
vn 0.8968 0.3331 -0.2913
vn 0.9310 0.3338 -0.1475
vn 0.9713 0.1812 -0.1538
vn 0.9352 0.1819 -0.3038
vn 0.9429 0.3331 -0.0000
vn 0.9310 0.3338 0.1475
vn 0.9713 0.1812 0.1538
vn 0.9833 0.1819 -0.0000
vn 0.8967 0.3331 0.2914
vn 0.8399 0.3338 0.4280
vn 0.8763 0.1812 0.4465
vn 0.9352 0.1819 0.3039
vn 0.7628 0.3331 0.5543
vn 0.6666 0.3338 0.6665
vn 0.6954 0.1812 0.6954
vn 0.7955 0.1819 0.5780
vn 0.5542 0.3331 0.7628
vn 0.4280 0.3338 0.8399
vn 0.4465 0.1812 0.8763
vn 0.5780 0.1819 0.7955
vn 0.2913 0.3331 0.8968
vn 0.1475 0.3338 0.9310
vn 0.1538 0.1812 0.9713
vn 0.3038 0.1819 0.9352
vn -0.0001 0.3331 0.9429
vn -0.1475 0.3338 0.9310
vn -0.1539 0.1812 0.9713
vn -0.1538 0.1812 0.9713
vn -0.0000 0.1819 0.9833
vn -0.0000 0.3331 0.9429
vn -0.2914 0.3331 0.8967
vn -0.4279 0.3338 0.8399
vn -0.4465 0.1812 0.8763
vn -0.3039 0.1819 0.9352
vn -0.5542 0.3331 0.7628
vn -0.6665 0.3338 0.6666
vn -0.6954 0.1812 0.6954
vn -0.5780 0.1819 0.7955
vn -0.5543 0.3331 0.7628
vn -0.7628 0.3331 0.5542
vn -0.8399 0.3338 0.4280
vn -0.8763 0.1812 0.4465
vn -0.7955 0.1819 0.5780
vn -0.8968 0.3331 0.2913
vn -0.9310 0.3338 0.1475
vn -0.9713 0.1812 0.1538
vn -0.9352 0.1819 0.3038
vn -0.9429 0.3331 -0.0000
vn -0.9310 0.3338 -0.1475
vn -0.9713 0.1812 -0.1538
vn -0.9833 0.1819 -0.0000
vn -0.8763 0.1811 -0.4465
vn -0.6954 0.1811 -0.6954
vn -0.6821 0.1205 -0.7213
vn -0.5779 0.1819 -0.7956
vn -0.4465 0.1811 -0.8763
vn -0.4752 0.1205 -0.8716
vn -0.1538 0.1811 -0.9713
vn -0.1279 0.1205 -0.9844
vn -0.3066 0.1226 -0.9439
vn 0.1538 0.1811 -0.9713
vn 0.1279 0.1205 -0.9844
vn 0.1279 0.1206 -0.9844
vn 0.0001 0.1819 -0.9833
vn 0.4465 0.1811 -0.8763
vn 0.6954 0.1811 -0.6954
vn 0.6821 0.1205 -0.7213
vn 0.6821 0.1206 -0.7213
vn 0.7956 0.1819 -0.5779
vn 0.8763 0.1811 -0.4465
vn 0.9352 0.1819 -0.3039
vn 0.9713 0.1811 -0.1538
vn 0.9713 0.1811 0.1538
vn 0.9758 0.1205 0.1826
vn 0.9925 0.1226 0.0001
vn 0.9833 0.1819 0.0001
vn 0.8763 0.1811 0.4465
vn 0.6954 0.1811 0.6954
vn 0.5779 0.1819 0.7956
vn 0.4465 0.1811 0.8763
vn 0.4752 0.1205 0.8716
vn 0.4752 0.1206 0.8716
vn 0.1539 0.1811 0.9713
vn 0.1279 0.1205 0.9844
vn 0.3066 0.1226 0.9439
vn -0.1538 0.1811 0.9713
vn -0.1279 0.1205 0.9844
vn -0.1279 0.1206 0.9844
vn -0.0001 0.1819 0.9833
vn -0.4465 0.1811 0.8763
vn -0.6954 0.1811 0.6954
vn -0.6821 0.1205 0.7213
vn -0.7956 0.1819 0.5779
vn -0.8763 0.1811 0.4465
vn -0.8967 0.1205 0.4258
vn -0.9713 0.1811 0.1539
vn -0.9758 0.1205 0.1826
vn -0.9758 0.1206 0.1826
vn -0.9833 0.1819 -0.0001
vn -0.9713 0.1811 -0.1538
vn -0.9758 0.1205 -0.1826
vn -0.9925 0.1226 -0.0001
vn -0.8399 0.3338 -0.4280
vn -0.7956 0.1819 -0.5779
vn -0.5543 0.3331 -0.7628
vn -0.6665 0.3338 -0.6666
vn -0.2464 0.6037 -0.7582
vn -0.2914 0.3332 -0.8967
vn -0.2914 0.3331 -0.8967
vn -0.3039 0.1819 -0.9352
vn -0.4279 0.3338 -0.8399
vn -0.0001 0.3331 -0.9429
vn -0.1539 0.1812 -0.9713
vn -0.0001 0.1819 -0.9833
vn 0.1238 0.6116 -0.7814
vn 0.2913 0.3331 -0.8968
vn 0.3038 0.1819 -0.9352
vn 0.4280 0.3338 -0.8399
vn 0.5779 0.1819 -0.7956
vn 0.7628 0.3331 -0.5543
vn 0.6666 0.3338 -0.6665
vn 0.7582 0.6037 -0.2464
vn 0.8967 0.3331 -0.2914
vn 0.8399 0.3338 -0.4279
vn 0.9429 0.3331 -0.0001
vn 0.9833 0.1819 -0.0001
vn 0.9925 0.1226 -0.0001
vn 0.8968 0.3331 0.2913
vn 0.9352 0.1819 0.3038
vn 0.7628 0.3331 0.5542
vn 0.7956 0.1819 0.5779
vn 0.5543 0.3331 0.7628
vn 0.6665 0.3338 0.6666
vn 0.2464 0.6037 0.7582
vn 0.2914 0.3331 0.8967
vn 0.3039 0.1819 0.9352
vn 0.4279 0.3338 0.8399
vn 0.1237 0.6116 0.7814
vn 0.0001 0.3331 0.9429
vn 0.1539 0.1812 0.9713
vn 0.0001 0.1819 0.9833
vn -0.2913 0.3332 0.8967
vn -0.1238 0.6116 0.7814
vn -0.2913 0.3331 0.8968
vn -0.3038 0.1819 0.9352
vn -0.4280 0.3338 0.8399
vn -0.5779 0.1819 0.7956
vn -0.5594 0.6116 0.5594
vn -0.7628 0.3331 0.5543
vn -0.6666 0.3338 0.6665
vn -0.7582 0.6037 0.2464
vn -0.8967 0.3331 0.2914
vn -0.9352 0.1819 0.3039
vn -0.8399 0.3338 0.4279
vn -0.7814 0.6116 0.1237
vn -0.9429 0.3331 0.0001
vn -0.9713 0.1812 0.1539
vn -0.9833 0.1819 0.0001
vn -0.9925 0.1226 0.0001
vn -0.9713 0.1811 0.1538
vn -0.7814 0.6116 -0.1238
vn -0.8968 0.3331 -0.2913
vn -0.9352 0.1819 -0.3038
vt 0.697280 0.393671
vt 0.697280 0.322785
vt 0.709095 0.322785
vt 0.709095 0.393671
vt 0.703187 0.393671
vt 0.720909 0.322785
vt 0.720909 0.393671
vt 0.715002 0.393671
vt 0.732724 0.322785
vt 0.732724 0.393671
vt 0.726816 0.393671
vt 0.744538 0.322785
vt 0.744538 0.393671
vt 0.738631 0.393671
vt 0.756351 0.322785
vt 0.756351 0.393671
vt 0.750445 0.393671
vt 0.768166 0.322785
vt 0.768166 0.393671
vt 0.762260 0.393671
vt 0.779980 0.322785
vt 0.779980 0.393671
vt 0.774073 0.393671
vt 0.791795 0.322785
vt 0.791795 0.393671
vt 0.785889 0.393671
vt 0.803609 0.322785
vt 0.803609 0.393671
vt 0.797702 0.393671
vt 0.815424 0.322785
vt 0.815424 0.393671
vt 0.809516 0.393671
vt 0.827238 0.322785
vt 0.827238 0.393671
vt 0.821331 0.393671
vt 0.839051 0.322785
vt 0.839051 0.393671
vt 0.833144 0.393671
vt 0.850866 0.322785
vt 0.850866 0.393671
vt 0.844960 0.393671
vt 0.862680 0.322785
vt 0.862680 0.393671
vt 0.856773 0.393671
vt 0.874495 0.322785
vt 0.874495 0.393671
vt 0.868588 0.393671
vt 0.886309 0.322785
vt 0.886309 0.393671
vt 0.880402 0.393671
vt 0.898124 0.322785
vt 0.898124 0.393671
vt 0.892216 0.393671
vt 0.909938 0.322785
vt 0.909938 0.393671
vt 0.904031 0.393671
vt 0.921753 0.322785
vt 0.921753 0.393671
vt 0.915844 0.393671
vt 0.933566 0.322785
vt 0.933566 0.393671
vt 0.927660 0.393671
vt 0.933555 0.088304
vt 0.954531 0.129471
vt 0.814080 0.175107
vt 0.900883 0.055633
vt 0.859715 0.034656
vt 0.814080 0.027428
vt 0.768444 0.034656
vt 0.727277 0.055633
vt 0.694606 0.088304
vt 0.673629 0.129471
vt 0.666401 0.175107
vt 0.673629 0.220742
vt 0.694606 0.261911
vt 0.727277 0.294581
vt 0.768444 0.315558
vt 0.814080 0.322785
vt 0.859715 0.315558
vt 0.900883 0.294581
vt 0.933555 0.261911
vt 0.954531 0.220742
vt 0.961758 0.175107
vt 0.955875 0.870529
vt 0.934898 0.911696
vt 0.815424 0.824893
vt 0.902228 0.944367
vt 0.861059 0.965344
vt 0.815424 0.972572
vt 0.769788 0.965344
vt 0.728621 0.944367
vt 0.695948 0.911696
vt 0.674973 0.870529
vt 0.667745 0.824893
vt 0.674973 0.779258
vt 0.695948 0.738090
vt 0.728621 0.705419
vt 0.769788 0.684442
vt 0.815424 0.677215
vt 0.861059 0.684442
vt 0.902228 0.705419
vt 0.934898 0.738090
vt 0.955875 0.779258
vt 0.963102 0.824893
vt 0.898124 0.677215
vt 0.898124 0.606329
vt 0.904031 0.606329
vt 0.909938 0.606329
vt 0.909938 0.677215
vt 0.886309 0.677215
vt 0.886309 0.606329
vt 0.892216 0.606329
vt 0.874495 0.677215
vt 0.874495 0.606329
vt 0.880402 0.606329
vt 0.862680 0.677215
vt 0.862680 0.606329
vt 0.868588 0.606329
vt 0.850866 0.677215
vt 0.850866 0.606329
vt 0.856773 0.606329
vt 0.839051 0.677215
vt 0.839051 0.606329
vt 0.844960 0.606329
vt 0.827238 0.677215
vt 0.827238 0.606329
vt 0.833144 0.606329
vt 0.815424 0.606329
vt 0.821331 0.606329
vt 0.803609 0.677215
vt 0.803609 0.606329
vt 0.809516 0.606329
vt 0.791795 0.677215
vt 0.791795 0.606329
vt 0.797702 0.606329
vt 0.779980 0.677215
vt 0.779980 0.606329
vt 0.785889 0.606329
vt 0.768166 0.677215
vt 0.768166 0.606329
vt 0.774073 0.606329
vt 0.756351 0.677215
vt 0.756351 0.606329
vt 0.762260 0.606329
vt 0.744538 0.677215
vt 0.744538 0.606329
vt 0.750445 0.606329
vt 0.732724 0.677215
vt 0.732724 0.606329
vt 0.738631 0.606329
vt 0.720909 0.677215
vt 0.720909 0.606329
vt 0.726816 0.606329
vt 0.709095 0.677215
vt 0.709095 0.606329
vt 0.715002 0.606329
vt 0.697280 0.677215
vt 0.697280 0.606329
vt 0.703187 0.606329
vt 0.921753 0.677215
vt 0.921753 0.606329
vt 0.927660 0.606329
vt 0.933566 0.606329
vt 0.933566 0.677215
vt 0.915844 0.606329
vt 0.904031 0.535442
vt 0.909938 0.535442
vt 0.892216 0.535442
vt 0.898124 0.535442
vt 0.880402 0.535442
vt 0.886309 0.535442
vt 0.868588 0.535442
vt 0.874495 0.535442
vt 0.856773 0.535442
vt 0.862680 0.535442
vt 0.844960 0.535442
vt 0.850866 0.535442
vt 0.833144 0.535442
vt 0.839051 0.535442
vt 0.821331 0.535442
vt 0.827238 0.535442
vt 0.809516 0.535442
vt 0.815424 0.535442
vt 0.797702 0.535442
vt 0.803609 0.535442
vt 0.785889 0.535442
vt 0.791795 0.535442
vt 0.774073 0.535442
vt 0.779980 0.535442
vt 0.762260 0.535442
vt 0.768166 0.535442
vt 0.750445 0.535442
vt 0.756351 0.535442
vt 0.738631 0.535442
vt 0.744538 0.535442
vt 0.726816 0.535442
vt 0.732724 0.535442
vt 0.715002 0.535442
vt 0.720909 0.535442
vt 0.703187 0.535442
vt 0.709095 0.535442
vt 0.927660 0.535442
vt 0.933566 0.535442
vt 0.915844 0.535442
vt 0.921753 0.535442
vt 0.904031 0.464558
vt 0.909938 0.464558
vt 0.892216 0.464558
vt 0.898124 0.464558
vt 0.880402 0.464558
vt 0.886309 0.464558
vt 0.868588 0.464558
vt 0.874495 0.464558
vt 0.856773 0.464558
vt 0.862680 0.464558
vt 0.844960 0.464558
vt 0.850866 0.464558
vt 0.833144 0.464558
vt 0.839051 0.464558
vt 0.821331 0.464558
vt 0.827238 0.464558
vt 0.809516 0.464558
vt 0.815424 0.464558
vt 0.797702 0.464558
vt 0.803609 0.464558
vt 0.785889 0.464558
vt 0.791795 0.464558
vt 0.774073 0.464558
vt 0.779980 0.464558
vt 0.762260 0.464558
vt 0.768166 0.464558
vt 0.750445 0.464558
vt 0.756351 0.464558
vt 0.738631 0.464558
vt 0.744538 0.464558
vt 0.726816 0.464558
vt 0.732724 0.464558
vt 0.715002 0.464558
vt 0.720909 0.464558
vt 0.703187 0.464558
vt 0.709095 0.464558
vt 0.927660 0.464558
vt 0.933566 0.464558
vt 0.915844 0.464558
vt 0.921753 0.464558
vt 0.697280 0.535442
vt 0.697280 0.464558
vt 0.053638 0.393671
vt 0.053638 0.322785
vt 0.065453 0.322785
vt 0.065453 0.393671
vt 0.059546 0.393671
vt 0.077266 0.322785
vt 0.077266 0.393671
vt 0.071360 0.393671
vt 0.089082 0.322785
vt 0.089082 0.393671
vt 0.083175 0.393671
vt 0.100895 0.322785
vt 0.100895 0.393671
vt 0.094988 0.393671
vt 0.112710 0.322785
vt 0.112710 0.393671
vt 0.106802 0.393671
vt 0.124524 0.322785
vt 0.124524 0.393671
vt 0.118617 0.393671
vt 0.136339 0.322785
vt 0.136339 0.393671
vt 0.130431 0.393671
vt 0.148153 0.322785
vt 0.148153 0.393671
vt 0.142246 0.393671
vt 0.159966 0.322785
vt 0.159966 0.393671
vt 0.154060 0.393671
vt 0.171782 0.322785
vt 0.171782 0.393671
vt 0.165875 0.393671
vt 0.183595 0.322785
vt 0.183595 0.393671
vt 0.177688 0.393671
vt 0.195410 0.322785
vt 0.195410 0.393671
vt 0.189502 0.393671
vt 0.207224 0.322785
vt 0.207224 0.393671
vt 0.201317 0.393671
vt 0.219039 0.322785
vt 0.219039 0.393671
vt 0.213131 0.393671
vt 0.230853 0.322785
vt 0.230853 0.393671
vt 0.224946 0.393671
vt 0.242666 0.322785
vt 0.242666 0.393671
vt 0.236760 0.393671
vt 0.254482 0.322785
vt 0.254482 0.393671
vt 0.248575 0.393671
vt 0.266295 0.322785
vt 0.266295 0.393671
vt 0.260388 0.393671
vt 0.278110 0.322785
vt 0.278110 0.393671
vt 0.272204 0.393671
vt 0.289924 0.322785
vt 0.289924 0.393671
vt 0.284017 0.393671
vt 0.291256 0.088304
vt 0.312232 0.129471
vt 0.171782 0.175107
vt 0.258585 0.055633
vt 0.217416 0.034656
vt 0.171782 0.027428
vt 0.126145 0.034656
vt 0.084978 0.055633
vt 0.052307 0.088304
vt 0.031331 0.129471
vt 0.024102 0.175107
vt 0.031331 0.220742
vt 0.052307 0.261911
vt 0.084978 0.294581
vt 0.126145 0.315558
vt 0.217416 0.315558
vt 0.258585 0.294581
vt 0.291256 0.261911
vt 0.312232 0.220742
vt 0.319459 0.175107
vt 0.312232 0.870529
vt 0.291256 0.911696
vt 0.171782 0.824893
vt 0.258585 0.944367
vt 0.217416 0.965344
vt 0.171782 0.972572
vt 0.126145 0.965344
vt 0.084978 0.944367
vt 0.052307 0.911696
vt 0.031331 0.870529
vt 0.024102 0.824893
vt 0.031331 0.779258
vt 0.052307 0.738090
vt 0.084978 0.705419
vt 0.126145 0.684442
vt 0.171782 0.677215
vt 0.217416 0.684442
vt 0.258585 0.705419
vt 0.291256 0.738090
vt 0.312232 0.779258
vt 0.319459 0.824893
vt 0.254482 0.677215
vt 0.254482 0.606329
vt 0.260388 0.606329
vt 0.266295 0.606329
vt 0.266295 0.677215
vt 0.242666 0.677215
vt 0.242666 0.606329
vt 0.248575 0.606329
vt 0.230853 0.677215
vt 0.230853 0.606329
vt 0.236760 0.606329
vt 0.219039 0.677215
vt 0.219039 0.606329
vt 0.224946 0.606329
vt 0.207224 0.677215
vt 0.207224 0.606329
vt 0.213131 0.606329
vt 0.195410 0.677215
vt 0.195410 0.606329
vt 0.201317 0.606329
vt 0.183595 0.677215
vt 0.183595 0.606329
vt 0.189502 0.606329
vt 0.171782 0.606329
vt 0.177688 0.606329
vt 0.159966 0.677215
vt 0.159966 0.606329
vt 0.165875 0.606329
vt 0.148153 0.677215
vt 0.148153 0.606329
vt 0.154060 0.606329
vt 0.136339 0.677215
vt 0.136339 0.606329
vt 0.142246 0.606329
vt 0.124524 0.677215
vt 0.124524 0.606329
vt 0.130431 0.606329
vt 0.112710 0.677215
vt 0.112710 0.606329
vt 0.118617 0.606329
vt 0.100895 0.677215
vt 0.100895 0.606329
vt 0.106802 0.606329
vt 0.089082 0.677215
vt 0.089082 0.606329
vt 0.094988 0.606329
vt 0.077266 0.677215
vt 0.077266 0.606329
vt 0.083175 0.606329
vt 0.065453 0.677215
vt 0.065453 0.606329
vt 0.071360 0.606329
vt 0.053638 0.677215
vt 0.053638 0.606329
vt 0.059546 0.606329
vt 0.278110 0.677215
vt 0.278110 0.606329
vt 0.284017 0.606329
vt 0.289924 0.606329
vt 0.289924 0.677215
vt 0.272204 0.606329
vt 0.260388 0.535442
vt 0.266295 0.535442
vt 0.248575 0.535442
vt 0.254482 0.535442
vt 0.236760 0.535442
vt 0.242666 0.535442
vt 0.224946 0.535442
vt 0.230853 0.535442
vt 0.213131 0.535442
vt 0.219039 0.535442
vt 0.201317 0.535442
vt 0.207224 0.535442
vt 0.189502 0.535442
vt 0.195410 0.535442
vt 0.177688 0.535442
vt 0.183595 0.535442
vt 0.165875 0.535442
vt 0.171782 0.535442
vt 0.154060 0.535442
vt 0.159966 0.535442
vt 0.142246 0.535442
vt 0.148153 0.535442
vt 0.130431 0.535442
vt 0.136339 0.535442
vt 0.118617 0.535442
vt 0.124524 0.535442
vt 0.106802 0.535442
vt 0.112710 0.535442
vt 0.094988 0.535442
vt 0.100895 0.535442
vt 0.083175 0.535442
vt 0.089082 0.535442
vt 0.071360 0.535442
vt 0.077266 0.535442
vt 0.059546 0.535442
vt 0.065453 0.535442
vt 0.284017 0.535442
vt 0.289924 0.535442
vt 0.272204 0.535442
vt 0.278110 0.535442
vt 0.260388 0.464558
vt 0.266295 0.464558
vt 0.248575 0.464558
vt 0.254482 0.464558
vt 0.236760 0.464558
vt 0.242666 0.464558
vt 0.224946 0.464558
vt 0.230853 0.464558
vt 0.213131 0.464558
vt 0.219039 0.464558
vt 0.201317 0.464558
vt 0.207224 0.464558
vt 0.189502 0.464558
vt 0.195410 0.464558
vt 0.177688 0.464558
vt 0.183595 0.464558
vt 0.165875 0.464558
vt 0.171782 0.464558
vt 0.154060 0.464558
vt 0.159966 0.464558
vt 0.142246 0.464558
vt 0.148153 0.464558
vt 0.130431 0.464558
vt 0.136339 0.464558
vt 0.118617 0.464558
vt 0.124524 0.464558
vt 0.106802 0.464558
vt 0.112710 0.464558
vt 0.094988 0.464558
vt 0.100895 0.464558
vt 0.083175 0.464558
vt 0.089082 0.464558
vt 0.071360 0.464558
vt 0.077266 0.464558
vt 0.059546 0.464558
vt 0.065453 0.464558
vt 0.284017 0.464558
vt 0.289924 0.464558
vt 0.272204 0.464558
vt 0.278110 0.464558
vt 0.053638 0.535442
vt 0.053638 0.464558
vt 0.381506 0.393671
vt 0.381506 0.322785
vt 0.393321 0.322785
vt 0.393321 0.393671
vt 0.387413 0.393671
vt 0.405135 0.322785
vt 0.405135 0.393671
vt 0.399228 0.393671
vt 0.416948 0.322785
vt 0.416948 0.393671
vt 0.411042 0.393671
vt 0.428764 0.322785
vt 0.428764 0.393671
vt 0.422857 0.393671
vt 0.440577 0.322785
vt 0.440577 0.393671
vt 0.434670 0.393671
vt 0.452392 0.322785
vt 0.452392 0.393671
vt 0.446486 0.393671
vt 0.464206 0.322785
vt 0.464206 0.393671
vt 0.458299 0.393671
vt 0.476021 0.322785
vt 0.476021 0.393671
vt 0.470113 0.393671
vt 0.487835 0.322785
vt 0.487835 0.393671
vt 0.481928 0.393671
vt 0.499650 0.322785
vt 0.499650 0.393671
vt 0.493742 0.393671
vt 0.511464 0.322785
vt 0.511464 0.393671
vt 0.505557 0.393671
vt 0.523277 0.322785
vt 0.523277 0.393671
vt 0.517370 0.393671
vt 0.535092 0.322785
vt 0.535092 0.393671
vt 0.529186 0.393671
vt 0.546906 0.322785
vt 0.546906 0.393671
vt 0.540999 0.393671
vt 0.558721 0.322785
vt 0.558721 0.393671
vt 0.552814 0.393671
vt 0.570535 0.322785
vt 0.570535 0.393671
vt 0.564628 0.393671
vt 0.582350 0.322785
vt 0.582350 0.393671
vt 0.576441 0.393671
vt 0.594163 0.322785
vt 0.594163 0.393671
vt 0.588257 0.393671
vt 0.605977 0.322785
vt 0.605977 0.393671
vt 0.600070 0.393671
vt 0.617792 0.322785
vt 0.617792 0.393671
vt 0.611885 0.393671
vt 0.616436 0.088304
vt 0.637413 0.129471
vt 0.496962 0.175107
vt 0.583765 0.055633
vt 0.542597 0.034656
vt 0.496962 0.027428
vt 0.451327 0.034656
vt 0.410159 0.055633
vt 0.377488 0.088304
vt 0.356511 0.129471
vt 0.349283 0.175107
vt 0.356511 0.220742
vt 0.377488 0.261911
vt 0.410159 0.294581
vt 0.451327 0.315558
vt 0.496962 0.322785
vt 0.542597 0.315558
vt 0.583765 0.294581
vt 0.616436 0.261911
vt 0.637413 0.220742
vt 0.644640 0.175107
vt 0.640101 0.870529
vt 0.619124 0.911696
vt 0.499650 0.824893
vt 0.586453 0.944367
vt 0.545285 0.965344
vt 0.499650 0.972572
vt 0.454014 0.965344
vt 0.412847 0.944367
vt 0.380174 0.911696
vt 0.359199 0.870529
vt 0.351970 0.824893
vt 0.359199 0.779258
vt 0.380174 0.738090
vt 0.412847 0.705419
vt 0.454014 0.684442
vt 0.499650 0.677215
vt 0.545285 0.684442
vt 0.586453 0.705419
vt 0.619124 0.738090
vt 0.640101 0.779258
vt 0.647328 0.824893
vt 0.464206 0.677215
vt 0.464206 0.606329
vt 0.470113 0.606329
vt 0.476021 0.606329
vt 0.476021 0.677215
vt 0.452392 0.677215
vt 0.452392 0.606329
vt 0.458299 0.606329
vt 0.440577 0.677215
vt 0.440577 0.606329
vt 0.446486 0.606329
vt 0.428764 0.677215
vt 0.428764 0.606329
vt 0.434670 0.606329
vt 0.416948 0.677215
vt 0.416948 0.606329
vt 0.422857 0.606329
vt 0.405135 0.677215
vt 0.405135 0.606329
vt 0.411042 0.606329
vt 0.393321 0.677215
vt 0.393321 0.606329
vt 0.399228 0.606329
vt 0.381506 0.677215
vt 0.381506 0.606329
vt 0.387413 0.606329
vt 0.605977 0.677215
vt 0.605977 0.606329
vt 0.611885 0.606329
vt 0.617792 0.606329
vt 0.617792 0.677215
vt 0.594163 0.677215
vt 0.594163 0.606329
vt 0.600070 0.606329
vt 0.582350 0.677215
vt 0.582350 0.606329
vt 0.588257 0.606329
vt 0.570535 0.677215
vt 0.570535 0.606329
vt 0.576441 0.606329
vt 0.558721 0.677215
vt 0.558721 0.606329
vt 0.564628 0.606329
vt 0.546906 0.677215
vt 0.546906 0.606329
vt 0.552814 0.606329
vt 0.535092 0.677215
vt 0.535092 0.606329
vt 0.540999 0.606329
vt 0.523277 0.677215
vt 0.523277 0.606329
vt 0.529186 0.606329
vt 0.511464 0.677215
vt 0.511464 0.606329
vt 0.517370 0.606329
vt 0.499650 0.606329
vt 0.505557 0.606329
vt 0.487835 0.677215
vt 0.487835 0.606329
vt 0.493742 0.606329
vt 0.481928 0.606329
vt 0.470113 0.535442
vt 0.476021 0.535442
vt 0.458299 0.535442
vt 0.464206 0.535442
vt 0.446486 0.535442
vt 0.452392 0.535442
vt 0.434670 0.535442
vt 0.440577 0.535442
vt 0.422857 0.535442
vt 0.428764 0.535442
vt 0.411042 0.535442
vt 0.416948 0.535442
vt 0.399228 0.535442
vt 0.405135 0.535442
vt 0.387413 0.535442
vt 0.393321 0.535442
vt 0.611885 0.535442
vt 0.617792 0.535442
vt 0.600070 0.535442
vt 0.605977 0.535442
vt 0.588257 0.535442
vt 0.594163 0.535442
vt 0.576441 0.535442
vt 0.582350 0.535442
vt 0.564628 0.535442
vt 0.570535 0.535442
vt 0.552814 0.535442
vt 0.558721 0.535442
vt 0.540999 0.535442
vt 0.546906 0.535442
vt 0.529186 0.535442
vt 0.535092 0.535442
vt 0.517370 0.535442
vt 0.523277 0.535442
vt 0.505557 0.535442
vt 0.511464 0.535442
vt 0.493742 0.535442
vt 0.499650 0.535442
vt 0.481928 0.535442
vt 0.487835 0.535442
vt 0.470113 0.464558
vt 0.476021 0.464558
vt 0.458299 0.464558
vt 0.464206 0.464558
vt 0.446486 0.464558
vt 0.452392 0.464558
vt 0.434670 0.464558
vt 0.440577 0.464558
vt 0.422857 0.464558
vt 0.428764 0.464558
vt 0.411042 0.464558
vt 0.416948 0.464558
vt 0.399228 0.464558
vt 0.405135 0.464558
vt 0.387413 0.464558
vt 0.393321 0.464558
vt 0.611885 0.464558
vt 0.617792 0.464558
vt 0.600070 0.464558
vt 0.605977 0.464558
vt 0.588257 0.464558
vt 0.594163 0.464558
vt 0.576441 0.464558
vt 0.582350 0.464558
vt 0.564628 0.464558
vt 0.570535 0.464558
vt 0.552814 0.464558
vt 0.558721 0.464558
vt 0.540999 0.464558
vt 0.546906 0.464558
vt 0.529186 0.464558
vt 0.535092 0.464558
vt 0.517370 0.464558
vt 0.523277 0.464558
vt 0.505557 0.464558
vt 0.511464 0.464558
vt 0.493742 0.464558
vt 0.499650 0.464558
vt 0.481928 0.464558
vt 0.487835 0.464558
vt 0.381506 0.535442
vt 0.381506 0.464558
s 1
usemtl lambert2SG
f 1/1/1 2/2/2 3/3/3
f 4/1/4 5/3/3 6/4/5
f 7/4/6 8/5/7 9/1/8
f 10/4/9 11/3/3 12/6/10
f 13/4/9 14/6/10 15/7/11
f 16/7/12 17/8/13 18/4/14
f 19/7/15 20/6/16 21/9/17
f 22/7/15 23/9/17 24/10/18
f 25/10/19 26/11/20 27/7/21
f 28/10/18 29/9/22 30/12/23
f 31/12/23 32/13/24 33/14/25
f 34/12/26 35/14/25 36/10/18
f 37/13/24 38/12/23 39/15/27
f 40/15/28 41/16/29 42/17/30
f 43/15/28 44/17/30 45/13/31
f 46/16/29 47/15/32 48/18/33
f 49/16/29 50/18/33 51/19/34
f 52/19/35 53/20/36 54/16/37
f 55/19/38 56/18/39 57/21/40
f 58/19/38 59/21/40 60/22/41
f 61/22/42 62/23/43 63/19/44
f 64/22/45 65/21/40 66/24/46
f 67/22/45 68/24/46 69/25/47
f 70/25/48 71/26/49 72/22/50
f 73/25/51 74/24/46 75/27/52
f 76/25/51 77/27/52 78/28/53
s 0
f 79/28/54 80/29/55 81/25/56
s 1
f 82/28/57 83/27/52 84/30/58
f 85/28/57 86/30/58 87/31/59
f 88/31/60 89/32/61 90/28/62
f 91/31/63 92/30/58 93/33/64
f 94/31/63 95/33/64 96/34/65
f 97/34/66 98/35/67 99/31/68
f 100/34/69 101/33/64 102/36/70
f 103/34/65 104/36/70 105/37/71
f 106/37/72 107/38/73 108/34/74
f 109/37/71 110/36/75 111/39/76
f 112/37/71 113/39/76 114/40/77
f 115/40/78 116/41/79 117/37/80
f 118/40/77 119/39/81 120/42/82
f 121/40/77 122/42/82 123/43/83
f 124/43/84 125/44/85 126/40/86
f 127/43/83 128/42/82 129/45/87
f 130/43/83 131/45/87 132/46/88
f 133/46/89 134/47/90 135/43/91
f 136/46/88 137/45/92 138/48/93
f 139/46/88 140/48/93 141/49/94
f 142/49/95 143/50/96 144/46/97
f 145/49/94 146/48/98 147/51/99
f 148/49/94 149/51/99 150/52/100
f 151/52/101 152/53/102 153/49/103
f 154/52/100 155/51/99 156/54/104
f 157/52/100 158/54/104 159/55/105
f 160/55/106 161/56/107 162/52/108
f 163/55/109 164/54/110 165/57/111
f 166/55/109 167/57/111 168/58/112
f 169/58/113 170/59/114 171/55/115
f 172/58/116 173/57/111 174/60/2
f 175/58/116 176/60/2 177/61/4
s 0
f 178/61/117 179/62/118 180/58/119
s 1
f 181/63/120 182/64/120 183/65/120
f 184/66/120 185/63/120 186/65/120
f 187/67/120 188/66/120 189/65/120
f 190/68/120 191/67/120 192/65/120
f 193/69/120 194/68/120 195/65/120
f 196/70/120 197/69/120 198/65/120
f 199/71/120 200/70/120 201/65/120
f 202/72/120 203/71/120 204/65/120
f 205/73/120 206/72/120 207/65/120
f 208/74/120 209/73/120 210/65/120
f 211/75/120 212/74/120 213/65/120
f 214/76/120 215/75/120 216/65/120
f 217/77/120 218/76/120 219/65/120
f 220/78/120 221/77/120 222/65/120
f 223/79/120 224/78/120 225/65/120
f 226/80/120 227/79/120 228/65/120
f 229/81/120 230/80/120 231/65/120
f 232/82/120 233/81/120 234/65/120
f 235/83/120 236/82/120 237/65/120
f 238/64/120 239/83/120 240/65/120
f 241/84/121 242/85/121 243/86/121
f 244/85/121 245/87/121 246/86/121
f 247/87/121 248/88/121 249/86/121
f 250/88/121 251/89/121 252/86/121
f 253/89/121 254/90/121 255/86/121
f 256/90/121 257/91/121 258/86/121
f 259/91/122 260/92/122 261/86/122
f 262/92/121 263/93/121 264/86/121
f 265/93/121 266/94/121 267/86/121
f 268/94/121 269/95/121 270/86/121
f 271/95/121 272/96/121 273/86/121
f 274/96/121 275/97/121 276/86/121
f 277/97/121 278/98/121 279/86/121
f 280/98/121 281/99/121 282/86/121
f 283/99/121 284/100/121 285/86/121
f 286/100/121 287/101/121 288/86/121
f 289/101/122 290/102/122 291/86/122
f 292/102/121 293/103/121 294/86/121
f 295/103/122 296/104/122 297/86/122
f 298/104/121 299/84/121 300/86/121
f 301/105/123 302/106/124 303/107/125
f 304/105/126 305/107/125 306/108/127
f 307/108/128 308/109/129 309/105/126
f 310/110/130 311/111/131 312/112/132
f 313/110/130 314/112/132 315/106/133
f 316/106/133 317/105/126 318/110/130
f 319/113/134 320/114/135 321/115/136
f 322/113/137 323/115/138 324/111/139
f 325/111/140 326/110/141 327/113/142
f 328/116/143 329/117/144 330/118/145
f 331/116/143 332/118/146 333/114/147
f 334/114/148 335/113/142 336/116/143
f 337/119/149 338/120/150 339/121/151
f 340/119/149 341/121/152 342/117/144
f 343/117/144 344/116/143 345/119/149
f 346/122/153 347/123/154 348/124/155
f 349/122/156 350/124/155 351/120/157
f 352/120/157 353/119/158 354/122/156
f 355/125/159 356/126/160 357/127/161
f 358/125/159 359/127/161 360/123/162
f 361/123/162 362/122/153 363/125/159
f 364/99/163 365/128/164 366/129/165
f 367/99/166 368/129/165 369/126/167
f 370/126/168 371/125/159 372/99/166
f 373/130/169 374/131/170 375/132/171
f 376/130/169 377/132/171 378/128/164
f 379/128/172 380/99/173 381/130/169
f 382/133/174 383/134/175 384/135/176
f 385/133/174 386/135/176 387/131/170
f 388/131/170 389/130/177 390/133/174
f 391/136/178 392/137/179 393/138/180
f 394/136/178 395/138/180 396/134/181
f 397/134/182 398/133/174 399/136/178
f 400/139/183 401/140/184 402/141/185
f 403/139/183 404/141/185 405/137/179
f 406/137/186 407/136/178 408/139/183
f 409/142/187 410/143/188 411/144/189
f 412/142/187 413/144/190 414/140/184
f 415/140/184 416/139/183 417/142/187
f 418/145/191 419/146/192 420/147/193
f 421/145/191 422/147/193 423/143/188
f 424/143/188 425/142/194 426/145/191
f 427/148/195 428/149/196 429/150/197
f 430/148/195 431/150/197 432/146/192
f 433/146/192 434/145/191 435/148/195
f 436/151/198 437/152/199 438/153/200
f 439/151/201 440/153/202 441/149/203
f 442/149/203 443/148/204 444/151/205
f 445/154/206 446/155/207 447/156/208
f 448/154/209 449/156/208 450/152/199
f 451/152/210 452/151/211 453/154/206
f 454/157/212 455/158/213 456/159/214
f 457/157/212 458/159/214 459/155/207
f 460/155/207 461/154/206 462/157/212
f 463/160/215 464/161/216 465/162/217
f 466/160/215 467/162/217 468/163/218
f 469/163/213 470/164/212 471/160/215
f 472/109/219 473/108/220 474/165/221
f 475/109/219 476/165/221 477/161/216
f 478/161/216 479/160/215 480/109/219
f 481/108/222 482/107/223 483/166/224
f 484/166/224 485/167/225 486/108/222
f 487/106/133 488/112/226 489/168/227
f 490/168/227 491/169/228 492/106/133
f 493/111/140 494/115/229 495/170/230
f 496/170/230 497/171/231 498/111/140
f 499/114/148 500/118/232 501/172/233
f 502/172/233 503/173/234 504/114/148
f 505/117/235 506/121/151 507/174/236
f 508/174/236 509/175/237 510/117/235
f 511/120/238 512/124/239 513/176/240
f 514/176/240 515/177/241 516/120/238
f 517/123/242 518/127/243 519/178/244
f 520/178/244 521/179/245 522/123/242
f 523/126/168 524/129/246 525/180/247
f 526/180/247 527/181/248 528/126/168
f 529/128/249 530/132/250 531/182/251
f 532/182/252 533/183/253 534/128/249
f 535/131/254 536/135/255 537/184/256
f 538/184/257 539/185/258 540/131/254
f 541/134/181 542/138/259 543/186/260
f 544/186/260 545/187/261 546/134/181
f 547/137/186 548/141/262 549/188/263
f 550/188/263 551/189/264 552/137/186
f 553/140/184 554/144/265 555/190/266
f 556/190/266 557/191/267 558/140/184
f 559/143/268 560/147/193 561/192/269
f 562/192/269 563/193/270 564/143/268
f 565/146/271 566/150/197 567/194/272
f 568/194/272 569/195/273 570/146/271
f 571/149/274 572/153/275 573/196/276
f 574/196/276 575/197/277 576/149/274
f 577/152/278 578/156/279 579/198/280
f 580/198/280 581/199/281 582/152/278
f 583/155/282 584/159/283 585/200/284
f 586/200/284 587/201/285 588/155/282
f 589/163/286 590/162/287 591/202/288
f 592/202/289 593/203/290 594/163/291
f 595/161/292 596/165/293 597/204/294
f 598/204/294 599/205/295 600/161/296
f 601/167/225 602/166/224 603/206/297
f 604/206/297 605/207/298 606/167/225
f 607/169/299 608/168/227 609/208/300
f 610/208/300 611/209/301 612/169/299
f 613/171/231 614/170/302 615/210/303
f 616/210/303 617/211/304 618/171/231
f 619/173/305 620/172/306 621/212/307
f 622/212/307 623/213/308 624/173/309
f 625/175/237 626/174/310 627/214/311
f 628/214/311 629/215/312 630/175/237
f 631/177/313 632/176/314 633/216/315
f 634/216/315 635/217/316 636/177/317
f 637/179/245 638/178/244 639/218/318
f 640/218/318 641/219/319 642/179/245
f 643/181/248 644/180/247 645/220/320
f 646/220/321 647/221/322 648/181/248
f 649/183/323 650/182/252 651/222/324
f 652/222/324 653/223/325 654/183/323
f 655/185/326 656/184/257 657/224/327
f 658/224/327 659/225/328 660/185/326
f 661/187/329 662/186/260 663/226/330
f 664/226/330 665/227/331 666/187/329
f 667/189/332 668/188/263 669/228/333
f 670/228/333 671/229/334 672/189/332
f 673/191/335 674/190/266 675/230/336
f 676/230/336 677/231/337 678/191/335
f 679/193/338 680/192/339 681/232/340
f 682/232/340 683/233/341 684/193/338
f 685/195/342 686/194/343 687/234/344
f 688/234/344 689/235/345 690/195/342
f 691/197/346 692/196/276 693/236/347
f 694/236/347 695/237/348 696/197/349
f 697/199/350 698/198/280 699/238/351
f 700/238/351 701/239/352 702/199/350
f 703/201/353 704/200/354 705/240/355
f 706/240/355 707/241/356 708/201/353
f 709/203/357 710/202/288 711/242/358
f 712/242/358 713/243/359 714/203/357
f 715/205/360 716/204/294 717/244/361
f 718/244/361 719/245/362 720/205/360
f 721/207/298 722/206/363 723/56/364
f 724/56/364 725/55/105 726/207/298
f 727/209/301 728/208/365 729/53/366
f 730/53/366 731/52/367 732/209/301
f 733/211/304 734/210/368 735/50/369
f 736/50/370 737/49/94 738/211/304
f 739/213/308 740/212/371 741/47/372
f 742/47/372 743/46/88 744/213/308
f 745/215/312 746/214/373 747/44/374
f 748/44/374 749/43/83 750/215/375
f 751/217/316 752/216/376 753/41/377
f 754/41/377 755/40/77 756/217/378
f 757/219/319 758/218/379 759/38/380
f 760/38/380 761/37/71 762/219/319
f 763/221/322 764/220/381 765/35/382
f 766/35/383 767/34/65 768/221/322
f 769/223/384 770/222/324 771/32/385
f 772/32/385 773/31/59 774/223/384
f 775/225/386 776/224/327 777/29/387
f 778/29/387 779/28/53 780/225/386
f 781/227/331 782/226/388 783/26/389
f 784/26/389 785/25/51 786/227/331
f 787/229/334 788/228/390 789/23/391
f 790/23/391 791/22/392 792/229/334
f 793/231/337 794/230/393 795/20/394
f 796/20/395 797/19/34 798/231/337
f 799/233/396 800/232/397 801/17/30
f 802/17/30 803/16/29 804/233/396
f 805/235/345 806/234/398 807/14/25
f 808/14/25 809/13/31 810/235/399
f 811/237/348 812/236/400 813/11/401
f 814/11/402 815/10/18 816/237/403
f 817/239/352 818/238/404 819/8/405
f 820/8/406 821/7/11 822/239/407
f 823/241/356 824/240/408 825/5/409
f 826/5/409 827/4/410 828/241/356
f 829/243/359 830/242/358 831/62/411
f 832/62/411 833/61/4 834/243/359
f 835/245/412 836/244/361 837/59/413
f 838/59/413 839/58/112 840/245/412
f 841/106/414 842/169/415 843/166/224
f 844/166/224 845/107/223 846/106/416
f 847/169/415 848/209/301 849/206/297
f 850/206/297 851/166/224 852/169/415
f 853/209/301 854/52/100 855/56/417
f 856/56/364 857/206/363 858/209/418
f 859/111/419 860/171/231 861/168/227
f 862/168/227 863/112/420 864/111/131
f 865/171/231 866/211/304 867/208/300
f 868/208/300 869/168/227 870/171/231
f 871/211/304 872/49/94 873/53/366
f 874/53/366 875/208/421 876/211/304
f 877/114/422 878/173/423 879/170/230
f 880/170/230 881/115/229 882/114/422
f 883/173/423 884/213/424 885/210/303
f 886/210/303 887/170/302 888/173/425
f 889/213/424 890/46/426 891/50/370
f 892/50/370 893/210/368 894/213/424
f 895/117/235 896/175/237 897/172/233
f 898/172/427 899/118/146 900/117/235
f 901/175/237 902/215/312 903/212/307
f 904/212/307 905/172/306 906/175/237
f 907/215/428 908/43/429 909/47/372
f 910/47/372 911/212/371 912/215/312
f 913/120/430 914/177/431 915/174/236
f 916/174/236 917/121/151 918/120/430
f 919/177/432 920/217/378 921/214/311
f 922/214/311 923/174/310 924/177/433
f 925/217/378 926/40/77 927/44/374
f 928/44/374 929/214/373 930/217/378
f 931/123/242 932/179/245 933/176/240
f 934/176/240 935/124/239 936/123/154
f 937/179/245 938/219/319 939/216/315
f 940/216/434 941/176/314 942/179/245
f 943/219/319 944/37/71 945/41/435
f 946/41/377 947/216/376 948/219/319
f 949/126/160 950/181/436 951/178/244
f 952/178/244 953/127/437 954/126/438
f 955/181/439 956/221/322 957/218/318
f 958/218/318 959/178/244 960/181/439
f 961/221/322 962/34/69 963/38/380
f 964/38/380 965/218/379 966/221/322
f 967/128/440 968/183/323 969/180/247
f 970/180/247 971/129/246 972/128/440
f 973/183/323 974/223/384 975/220/321
f 976/220/320 977/180/247 978/183/323
f 979/223/384 980/31/441 981/35/382
f 982/35/383 983/220/381 984/223/384
f 985/131/254 986/185/442 987/182/252
f 988/182/251 989/132/250 990/131/443
f 991/185/326 992/225/328 993/222/324
f 994/222/324 995/182/252 996/185/326
f 997/225/328 998/28/57 999/32/385
f 1000/32/385 1001/222/324 1002/225/328
f 1003/134/181 1004/187/444 1005/184/257
f 1006/184/256 1007/135/255 1008/134/445
f 1009/187/261 1010/227/446 1011/224/327
f 1012/224/327 1013/184/257 1014/187/261
f 1015/227/446 1016/25/51 1017/29/387
f 1018/29/387 1019/224/327 1020/227/446
f 1021/137/447 1022/189/448 1023/186/449
f 1024/186/260 1025/138/259 1026/137/447
f 1027/189/332 1028/229/450 1029/226/330
f 1030/226/330 1031/186/260 1032/189/332
f 1033/229/450 1034/22/451 1035/26/452
f 1036/26/452 1037/226/453 1038/229/334
f 1039/140/454 1040/191/455 1041/188/263
f 1042/188/263 1043/141/456 1044/140/457
f 1045/191/455 1046/231/458 1047/228/333
f 1048/228/459 1049/188/263 1050/191/335
f 1051/231/458 1052/19/38 1053/23/391
f 1054/23/391 1055/228/390 1056/231/458
f 1057/143/268 1058/193/270 1059/190/266
f 1060/190/266 1061/144/265 1062/143/268
f 1063/193/460 1064/233/461 1065/230/336
f 1066/230/336 1067/190/266 1068/193/460
f 1069/233/461 1070/16/29 1071/20/395
f 1072/20/395 1073/230/393 1074/233/462
f 1075/146/271 1076/195/273 1077/192/269
f 1078/192/269 1079/147/193 1080/146/271
f 1081/195/342 1082/235/345 1083/232/340
f 1084/232/340 1085/192/339 1086/195/342
f 1087/235/345 1088/13/31 1089/17/30
f 1090/17/30 1091/232/397 1092/235/399
f 1093/149/274 1094/197/277 1095/194/272
f 1096/194/272 1097/150/197 1098/149/463
f 1099/197/277 1100/237/464 1101/234/344
f 1102/234/344 1103/194/343 1104/197/465
f 1105/237/464 1106/10/18 1107/14/25
f 1108/14/25 1109/234/398 1110/237/403
f 1111/152/199 1112/199/281 1113/196/276
f 1114/196/276 1115/153/275 1116/152/199
f 1117/199/350 1118/239/407 1119/236/347
f 1120/236/347 1121/196/276 1122/199/350
f 1123/239/407 1124/7/15 1125/11/401
f 1126/11/402 1127/236/400 1128/239/407
f 1129/155/466 1130/201/467 1131/198/280
f 1132/198/280 1133/156/279 1134/155/466
f 1135/201/353 1136/241/468 1137/238/351
f 1138/238/351 1139/198/280 1140/201/353
f 1141/241/468 1142/4/469 1143/8/405
f 1144/8/406 1145/238/404 1146/241/468
f 1147/158/286 1148/246/470 1149/200/354
f 1150/200/354 1151/159/283 1152/158/286
f 1153/246/471 1154/247/472 1155/240/355
f 1156/240/355 1157/200/354 1158/246/357
f 1159/247/472 1160/1/4 1161/5/409
f 1162/5/473 1163/240/408 1164/247/472
f 1165/161/474 1166/205/475 1167/202/289
f 1168/202/289 1169/162/287 1170/161/474
f 1171/205/360 1172/245/362 1173/242/358
f 1174/242/358 1175/202/288 1176/205/360
f 1177/245/412 1178/58/116 1179/62/411
f 1180/62/411 1181/242/358 1182/245/412
f 1183/108/476 1184/167/225 1185/204/294
f 1186/204/294 1187/165/293 1188/108/476
f 1189/167/225 1190/207/477 1191/244/361
f 1192/244/361 1193/204/294 1194/167/478
f 1195/207/298 1196/55/109 1197/59/413
f 1198/59/413 1199/244/361 1200/207/298
f 1201/248/479 1202/249/480 1203/250/481
f 1204/250/481 1205/251/482 1206/252/483
f 1207/250/481 1208/252/484 1209/248/479
f 1210/251/485 1211/250/481 1212/253/486
f 1213/253/486 1214/254/487 1215/255/488
f 1216/253/486 1217/255/489 1218/251/482
f 1219/254/487 1220/253/490 1221/256/491
f 1222/256/491 1223/257/492 1224/258/493
f 1225/256/491 1226/258/493 1227/254/494
f 1228/257/492 1229/256/495 1230/259/496
f 1231/259/496 1232/260/497 1233/261/498
f 1234/259/496 1235/261/498 1236/257/499
f 1237/260/497 1238/259/496 1239/262/500
f 1240/260/497 1241/262/500 1242/263/501
f 1243/263/502 1244/264/503 1245/260/504
f 1246/263/501 1247/262/505 1248/265/506
f 1249/265/506 1250/266/507 1251/267/508
f 1252/265/509 1253/267/510 1254/263/501
f 1255/266/507 1256/265/511 1257/268/512
f 1258/268/513 1259/269/514 1260/270/515
f 1261/268/512 1262/270/516 1263/266/507
f 1264/269/514 1265/268/512 1266/271/517
f 1267/271/517 1268/272/518 1269/273/519
f 1270/271/517 1271/273/519 1272/269/514
f 1273/272/518 1274/271/520 1275/274/521
f 1276/272/518 1277/274/522 1278/275/523
f 1279/275/524 1280/276/525 1281/272/526
f 1282/275/523 1283/274/521 1284/277/527
f 1285/275/523 1286/277/527 1287/278/528
s 0
f 1288/278/529 1289/279/530 1290/275/531
s 1
f 1291/278/528 1292/277/527 1293/280/532
f 1294/278/528 1295/280/532 1296/281/533
f 1297/281/534 1298/282/535 1299/278/536
f 1300/281/537 1301/280/532 1302/283/538
f 1303/281/533 1304/283/538 1305/284/539
f 1306/284/540 1307/285/541 1308/281/542
f 1309/284/539 1310/283/543 1311/286/544
f 1312/284/539 1313/286/544 1314/287/545
f 1315/287/546 1316/288/547 1317/284/548
f 1318/287/545 1319/286/549 1320/289/550
f 1321/287/545 1322/289/550 1323/290/551
f 1324/290/552 1325/291/553 1326/287/554
f 1327/290/551 1328/289/550 1329/292/555
f 1330/292/555 1331/293/556 1332/294/557
f 1333/292/558 1334/294/557 1335/290/551
f 1336/293/556 1337/292/559 1338/295/560
f 1339/293/556 1340/295/560 1341/296/561
f 1342/296/562 1343/297/563 1344/293/564
f 1345/296/565 1346/295/566 1347/298/567
f 1348/296/561 1349/298/567 1350/299/568
f 1351/299/569 1352/300/570 1353/296/571
f 1354/299/568 1355/298/567 1356/301/572
f 1357/299/568 1358/301/572 1359/302/573
f 1360/302/574 1361/303/575 1362/299/576
f 1363/302/577 1364/301/578 1365/304/579
f 1366/302/573 1367/304/579 1368/305/580
s 0
f 1369/305/581 1370/306/582 1371/302/583
s 1
f 1372/305/580 1373/304/579 1374/307/584
f 1375/305/580 1376/307/584 1377/308/479
f 1378/308/585 1379/309/586 1380/305/587
f 1381/310/588 1382/311/588 1383/312/588
f 1384/313/588 1385/310/588 1386/312/588
f 1387/314/588 1388/313/588 1389/312/588
f 1390/315/588 1391/314/588 1392/312/588
f 1393/316/588 1394/315/588 1395/312/588
f 1396/317/588 1397/316/588 1398/312/588
f 1399/318/588 1400/317/588 1401/312/588
f 1402/319/588 1403/318/588 1404/312/588
f 1405/320/588 1406/319/588 1407/312/588
f 1408/321/588 1409/320/588 1410/312/588
f 1411/322/588 1412/321/588 1413/312/588
f 1414/323/588 1415/322/588 1416/312/588
f 1417/324/588 1418/323/588 1419/312/588
f 1420/277/588 1421/324/588 1422/312/588
f 1423/325/588 1424/277/588 1425/312/588
f 1426/326/588 1427/325/588 1428/312/588
f 1429/327/588 1430/326/588 1431/312/588
f 1432/328/588 1433/327/588 1434/312/588
f 1435/329/588 1436/328/588 1437/312/588
f 1438/311/588 1439/329/588 1440/312/588
f 1441/330/589 1442/331/589 1443/332/589
f 1444/331/589 1445/333/589 1446/332/589
f 1447/333/589 1448/334/589 1449/332/589
f 1450/334/589 1451/335/589 1452/332/589
f 1453/335/589 1454/336/589 1455/332/589
f 1456/336/589 1457/337/589 1458/332/589
f 1459/337/589 1460/338/589 1461/332/589
f 1462/338/589 1463/339/589 1464/332/589
f 1465/339/589 1466/340/589 1467/332/589
f 1468/340/589 1469/341/589 1470/332/589
f 1471/341/589 1472/342/589 1473/332/589
f 1474/342/589 1475/343/589 1476/332/589
f 1477/343/589 1478/344/589 1479/332/589
f 1480/344/589 1481/345/589 1482/332/589
f 1483/345/589 1484/346/589 1485/332/589
f 1486/346/589 1487/347/589 1488/332/589
f 1489/347/589 1490/348/589 1491/332/589
f 1492/348/589 1493/349/589 1494/332/589
f 1495/349/589 1496/350/589 1497/332/589
f 1498/350/589 1499/330/589 1500/332/589
f 1501/351/590 1502/352/591 1503/353/592
f 1504/351/590 1505/353/592 1506/354/593
f 1507/354/593 1508/355/594 1509/351/590
f 1510/356/595 1511/357/596 1512/358/597
f 1513/356/595 1514/358/597 1515/352/591
f 1516/352/591 1517/351/590 1518/356/595
f 1519/359/598 1520/360/599 1521/361/600
f 1522/359/601 1523/361/600 1524/357/596
f 1525/357/596 1526/356/602 1527/359/603
f 1528/362/604 1529/363/605 1530/364/606
f 1531/362/604 1532/364/607 1533/360/608
f 1534/360/609 1535/359/610 1536/362/604
f 1537/365/611 1538/366/612 1539/367/613
f 1540/365/611 1541/367/614 1542/363/605
f 1543/363/605 1544/362/604 1545/365/615
f 1546/368/616 1547/369/617 1548/370/618
f 1549/368/616 1550/370/618 1551/366/619
f 1552/366/619 1553/365/620 1554/368/616
f 1555/371/621 1556/372/622 1557/373/623
f 1558/371/621 1559/373/623 1560/369/624
f 1561/369/624 1562/368/625 1563/371/621
f 1564/345/626 1565/374/627 1566/375/628
f 1567/345/629 1568/375/628 1569/372/622
f 1570/372/630 1571/371/621 1572/345/626
f 1573/376/631 1574/377/632 1575/378/633
f 1576/376/631 1577/378/634 1578/374/635
f 1579/374/627 1580/345/636 1581/376/637
f 1582/379/638 1583/380/639 1584/381/640
f 1585/379/638 1586/381/640 1587/377/641
f 1588/377/641 1589/376/631 1590/379/638
f 1591/382/642 1592/383/643 1593/384/644
f 1594/382/642 1595/384/644 1596/380/645
f 1597/380/645 1598/379/646 1599/382/642
f 1600/385/647 1601/386/648 1602/387/649
f 1603/385/647 1604/387/649 1605/383/643
f 1606/383/643 1607/382/642 1608/385/647
f 1609/388/650 1610/389/651 1611/390/652
f 1612/388/653 1613/390/652 1614/386/654
f 1615/386/654 1616/385/655 1617/388/656
f 1618/391/657 1619/392/658 1620/393/659
f 1621/391/657 1622/393/659 1623/389/660
f 1624/389/661 1625/388/662 1626/391/657
f 1627/394/663 1628/395/664 1629/396/665
f 1630/394/663 1631/396/665 1632/392/658
f 1633/392/658 1634/391/657 1635/394/663
f 1636/397/666 1637/398/667 1638/399/668
f 1639/397/669 1640/399/668 1641/395/670
f 1642/395/670 1643/394/671 1644/397/669
f 1645/400/672 1646/401/673 1647/402/674
f 1648/400/672 1649/402/674 1650/398/675
f 1651/398/667 1652/397/669 1653/400/676
f 1654/403/677 1655/404/678 1656/405/679
f 1657/403/677 1658/405/679 1659/401/680
f 1660/401/681 1661/400/682 1662/403/677
f 1663/406/683 1664/407/684 1665/408/685
f 1666/406/686 1667/408/685 1668/409/687
f 1669/409/687 1670/410/688 1671/406/683
f 1672/355/689 1673/354/593 1674/411/690
f 1675/355/689 1676/411/690 1677/407/691
f 1678/407/691 1679/406/683 1680/355/689
f 1681/354/692 1682/353/693 1683/412/694
f 1684/412/694 1685/413/695 1686/354/692
f 1687/352/696 1688/358/697 1689/414/698
f 1690/414/698 1691/415/699 1692/352/700
f 1693/357/701 1694/361/702 1695/416/703
f 1696/416/703 1697/417/704 1698/357/705
f 1699/360/609 1700/364/706 1701/418/707
f 1702/418/707 1703/419/708 1704/360/609
f 1705/363/605 1706/367/709 1707/420/710
f 1708/420/710 1709/421/711 1710/363/712
f 1711/366/713 1712/370/714 1713/422/715
f 1714/422/715 1715/423/716 1716/366/713
f 1717/369/624 1718/373/717 1719/424/718
f 1720/424/718 1721/425/719 1722/369/624
f 1723/372/630 1724/375/720 1725/426/721
f 1726/426/721 1727/427/722 1728/372/630
f 1729/374/723 1730/378/724 1731/428/725
f 1732/428/726 1733/429/727 1734/374/723
f 1735/377/728 1736/381/729 1737/430/730
f 1738/430/730 1739/431/731 1740/377/728
f 1741/380/732 1742/384/733 1743/432/734
f 1744/432/734 1745/433/735 1746/380/645
f 1747/383/736 1748/387/737 1749/434/738
f 1750/434/738 1751/435/739 1752/383/740
f 1753/386/654 1754/390/652 1755/436/741
f 1756/436/741 1757/437/742 1758/386/654
f 1759/389/660 1760/393/659 1761/438/743
f 1762/438/743 1763/439/744 1764/389/660
f 1765/392/658 1766/396/665 1767/440/745
f 1768/440/746 1769/441/747 1770/392/658
f 1771/395/748 1772/399/749 1773/442/750
f 1774/442/750 1775/443/751 1776/395/748
f 1777/398/667 1778/402/752 1779/444/753
f 1780/444/753 1781/445/754 1782/398/755
f 1783/401/756 1784/405/757 1785/446/758
f 1786/446/758 1787/447/759 1788/401/756
f 1789/409/760 1790/408/761 1791/448/762
f 1792/448/762 1793/449/763 1794/409/760
f 1795/407/764 1796/411/765 1797/450/766
f 1798/450/766 1799/451/767 1800/407/691
f 1801/413/768 1802/412/694 1803/452/769
f 1804/452/769 1805/453/770 1806/413/768
f 1807/415/771 1808/414/772 1809/454/773
f 1810/454/773 1811/455/774 1812/415/771
f 1813/417/775 1814/416/776 1815/456/777
f 1816/456/777 1817/457/778 1818/417/775
f 1819/419/708 1820/418/707 1821/458/779
f 1822/458/779 1823/459/780 1824/419/708
f 1825/421/781 1826/420/710 1827/460/782
f 1828/460/782 1829/461/783 1830/421/781
f 1831/423/716 1832/422/784 1833/462/785
f 1834/462/785 1835/463/786 1836/423/716
f 1837/425/719 1838/424/787 1839/464/788
f 1840/464/788 1841/465/789 1842/425/719
f 1843/427/722 1844/426/721 1845/466/790
f 1846/466/790 1847/467/791 1848/427/792
f 1849/429/793 1850/428/726 1851/468/794
f 1852/468/794 1853/469/795 1854/429/727
f 1855/431/796 1856/430/730 1857/470/797
f 1858/470/798 1859/471/799 1860/431/796
f 1861/433/735 1862/432/800 1863/472/801
f 1864/472/801 1865/473/802 1866/433/735
f 1867/435/803 1868/434/738 1869/474/804
f 1870/474/804 1871/475/805 1872/435/803
f 1873/437/806 1874/436/741 1875/476/807
f 1876/476/807 1877/477/808 1878/437/806
f 1879/439/809 1880/438/810 1881/478/811
f 1882/478/811 1883/479/812 1884/439/809
f 1885/441/747 1886/440/813 1887/480/814
f 1888/480/814 1889/481/815 1890/441/747
f 1891/443/816 1892/442/750 1893/482/817
f 1894/482/817 1895/483/818 1896/443/816
f 1897/445/819 1898/444/753 1899/484/820
f 1900/484/820 1901/485/821 1902/445/819
f 1903/447/759 1904/446/758 1905/486/822
f 1906/486/822 1907/487/823 1908/447/759
f 1909/449/824 1910/448/762 1911/488/825
f 1912/488/825 1913/489/826 1914/449/824
f 1915/451/767 1916/450/766 1917/490/827
f 1918/490/827 1919/491/828 1920/451/767
f 1921/453/770 1922/452/769 1923/303/829
f 1924/303/829 1925/302/573 1926/453/830
f 1927/455/774 1928/454/831 1929/300/832
f 1930/300/832 1931/299/568 1932/455/833
f 1933/457/834 1934/456/835 1935/297/836
f 1936/297/836 1937/296/561 1938/457/834
f 1939/459/837 1940/458/838 1941/294/557
f 1942/294/557 1943/293/556 1944/459/837
f 1945/461/839 1946/460/840 1947/291/841
f 1948/291/841 1949/290/842 1950/461/839
f 1951/463/786 1952/462/843 1953/288/844
f 1954/288/844 1955/287/545 1956/463/786
f 1957/465/789 1958/464/845 1959/285/846
f 1960/285/846 1961/284/539 1962/465/847
f 1963/467/791 1964/466/790 1965/282/848
f 1966/282/849 1967/281/533 1968/467/791
f 1969/469/795 1970/468/794 1971/279/850
f 1972/279/850 1973/278/851 1974/469/795
f 1975/471/799 1976/470/852 1977/276/853
f 1978/276/853 1979/275/854 1980/471/799
f 1981/473/802 1982/472/855 1983/273/856
f 1984/273/519 1985/272/518 1986/473/802
f 1987/475/857 1988/474/858 1989/270/859
f 1990/270/516 1991/269/514 1992/475/857
f 1993/477/808 1994/476/860 1995/267/510
f 1996/267/510 1997/266/861 1998/477/808
f 1999/479/812 2000/478/862 2001/264/863
f 2002/264/863 2003/263/864 2004/479/812
f 2005/481/815 2006/480/865 2007/261/498
f 2008/261/498 2009/260/497 2010/481/815
f 2011/483/818 2012/482/817 2013/258/493
f 2014/258/866 2015/257/867 2016/483/818
f 2017/485/868 2018/484/869 2019/255/488
f 2020/255/489 2021/254/487 2022/485/868
f 2023/487/823 2024/486/870 2025/252/484
f 2026/252/483 2027/251/485 2028/487/823
f 2029/489/826 2030/488/871 2031/309/872
f 2032/309/872 2033/308/479 2034/489/826
f 2035/491/828 2036/490/827 2037/306/873
f 2038/306/873 2039/305/580 2040/491/828
f 2041/352/874 2042/415/875 2043/412/694
f 2044/412/694 2045/353/693 2046/352/876
f 2047/415/875 2048/455/774 2049/452/769
f 2050/452/769 2051/412/694 2052/415/875
f 2053/455/774 2054/299/568 2055/303/877
f 2056/303/829 2057/452/769 2058/455/833
f 2059/357/878 2060/417/775 2061/414/698
f 2062/414/698 2063/358/879 2064/357/878
f 2065/417/775 2066/457/880 2067/454/773
f 2068/454/773 2069/414/772 2070/417/775
f 2071/457/881 2072/296/561 2073/300/832
f 2074/300/832 2075/454/831 2076/457/881
f 2077/360/882 2078/419/883 2079/416/703
f 2080/416/703 2081/361/702 2082/360/882
f 2083/419/883 2084/459/884 2085/456/777
f 2086/456/777 2087/416/776 2088/419/883
f 2089/459/884 2090/293/556 2091/297/836
f 2092/297/836 2093/456/835 2094/459/885
f 2095/363/605 2096/421/711 2097/418/707
f 2098/418/886 2099/364/706 2100/363/605
f 2101/421/887 2102/461/783 2103/458/779
f 2104/458/779 2105/418/707 2106/421/711
f 2107/461/839 2108/290/551 2109/294/557
f 2110/294/557 2111/458/838 2112/461/839
f 2113/366/888 2114/423/889 2115/420/710
f 2116/420/890 2117/367/709 2118/366/888
f 2119/423/889 2120/463/891 2121/460/782
f 2122/460/782 2123/420/710 2124/423/889
f 2125/463/892 2126/287/545 2127/291/841
f 2128/291/841 2129/460/840 2130/463/892
f 2131/369/893 2132/425/894 2133/422/715
f 2134/422/715 2135/370/714 2136/369/895
f 2137/425/719 2138/465/896 2139/462/785
f 2140/462/897 2141/422/784 2142/425/719
f 2143/465/898 2144/284/539 2145/288/844
f 2146/288/844 2147/462/899 2148/465/847
f 2149/372/900 2150/427/901 2151/424/718
f 2152/424/718 2153/373/902 2154/372/900
f 2155/427/792 2156/467/791 2157/464/788
f 2158/464/788 2159/424/787 2160/427/792
f 2161/467/791 2162/281/533 2163/285/846
f 2164/285/846 2165/464/845 2166/467/903
f 2167/374/904 2168/429/727 2169/426/721
f 2170/426/721 2171/375/720 2172/374/904
f 2173/429/727 2174/469/905 2175/466/790
f 2176/466/906 2177/426/721 2178/429/727
f 2179/469/905 2180/278/528 2181/282/848
f 2182/282/849 2183/466/907 2184/469/908
f 2185/377/728 2186/431/909 2187/428/726
f 2188/428/725 2189/378/724 2190/377/910
f 2191/431/909 2192/471/799 2193/468/794
f 2194/468/794 2195/428/726 2196/431/909
f 2197/471/799 2198/275/523 2199/279/850
f 2200/279/850 2201/468/794 2202/471/799
f 2203/380/732 2204/433/911 2205/430/730
f 2206/430/730 2207/381/729 2208/380/732
f 2209/433/735 2210/473/802 2211/470/798
f 2212/470/798 2213/430/730 2214/433/735
f 2215/473/802 2216/272/518 2217/276/853
f 2218/276/853 2219/470/852 2220/473/802
f 2221/383/736 2222/435/912 2223/432/734
f 2224/432/734 2225/384/913 2226/383/736
f 2227/435/912 2228/475/857 2229/472/801
f 2230/472/914 2231/432/734 2232/435/912
f 2233/475/857 2234/269/915 2235/273/519
f 2236/273/519 2237/472/916 2238/475/857
f 2239/386/917 2240/437/918 2241/434/738
f 2242/434/738 2243/387/919 2244/386/917
f 2245/437/806 2246/477/920 2247/474/804
f 2248/474/921 2249/434/738 2250/437/806
f 2251/477/808 2252/266/861 2253/270/516
f 2254/270/516 2255/474/858 2256/477/808
f 2257/389/660 2258/439/922 2259/436/741
f 2260/436/923 2261/390/924 2262/389/660
f 2263/439/925 2264/479/926 2265/476/807
f 2266/476/807 2267/436/741 2268/439/925
f 2269/479/926 2270/263/927 2271/267/510
f 2272/267/508 2273/476/807 2274/479/926
f 2275/392/658 2276/441/747 2277/438/743
f 2278/438/928 2279/393/659 2280/392/658
f 2281/441/747 2282/481/815 2283/478/811
f 2284/478/811 2285/438/810 2286/441/747
f 2287/481/815 2288/260/497 2289/264/863
f 2290/264/863 2291/478/862 2292/481/815
f 2293/395/748 2294/443/929 2295/440/746
f 2296/440/746 2297/396/665 2298/395/748
f 2299/443/930 2300/483/931 2301/480/814
f 2302/480/814 2303/440/813 2304/443/930
f 2305/483/931 2306/257/499 2307/261/498
f 2308/261/498 2309/480/865 2310/483/931
f 2311/398/667 2312/445/932 2313/442/750
f 2314/442/750 2315/399/933 2316/398/667
f 2317/445/819 2318/485/868 2319/482/817
f 2320/482/817 2321/442/750 2322/445/819
f 2323/485/868 2324/254/494 2325/258/493
f 2326/258/866 2327/482/817 2328/485/868
f 2329/401/934 2330/447/935 2331/444/753
f 2332/444/753 2333/402/752 2334/401/934
f 2335/447/935 2336/487/823 2337/484/820
f 2338/484/936 2339/444/753 2340/447/935
f 2341/487/823 2342/251/485 2343/255/489
f 2344/255/489 2345/484/869 2346/487/823
f 2347/404/760 2348/492/937 2349/446/758
f 2350/446/758 2351/405/757 2352/404/678
f 2353/492/937 2354/493/826 2355/486/822
f 2356/486/822 2357/446/938 2358/492/937
f 2359/493/826 2360/248/479 2361/252/483
f 2362/252/484 2363/486/870 2364/493/826
f 2365/407/764 2366/451/939 2367/448/762
f 2368/448/762 2369/408/761 2370/407/940
f 2371/451/941 2372/491/828 2373/488/825
f 2374/488/825 2375/448/762 2376/451/767
f 2377/491/828 2378/305/942 2379/309/872
f 2380/309/872 2381/488/871 2382/491/828
f 2383/354/943 2384/413/695 2385/450/766
f 2386/450/944 2387/411/765 2388/354/945
f 2389/413/695 2390/453/946 2391/490/827
f 2392/490/827 2393/450/766 2394/413/695
f 2395/453/946 2396/302/573 2397/306/873
f 2398/306/873 2399/490/827 2400/453/946
f 2401/494/947 2402/495/948 2403/496/949
f 2404/496/950 2405/497/951 2406/498/952
f 2407/496/950 2408/498/952 2409/494/953
f 2410/497/954 2411/496/950 2412/499/955
f 2413/499/955 2414/500/956 2415/501/957
f 2416/499/955 2417/501/957 2418/497/958
f 2419/500/959 2420/499/960 2421/502/961
f 2422/502/962 2423/503/963 2424/504/964
f 2425/502/962 2426/504/964 2427/500/959
f 2428/503/965 2429/502/966 2430/505/967
f 2431/503/968 2432/505/967 2433/506/969
f 2434/506/970 2435/507/971 2436/503/972
f 2437/506/969 2438/505/967 2439/508/973
f 2440/506/969 2441/508/973 2442/509/974
f 2443/509/975 2444/510/976 2445/506/977
f 2446/509/974 2447/508/978 2448/511/979
f 2449/509/980 2450/511/979 2451/512/981
s 0
f 2452/512/981 2453/513/982 2454/509/980
s 1
f 2455/512/981 2456/511/983 2457/514/984
f 2458/512/985 2459/514/984 2460/515/986
f 2461/515/987 2462/516/988 2463/512/989
f 2464/515/990 2465/514/991 2466/517/992
f 2467/517/993 2468/518/994 2469/519/995
f 2470/517/993 2471/519/995 2472/515/996
f 2473/518/997 2474/517/992 2475/520/998
f 2476/518/997 2477/520/998 2478/521/999
f 2479/521/1000 2480/522/1001 2481/518/1002
f 2482/521/999 2483/520/1003 2484/523/1004
f 2485/521/1005 2486/523/1004 2487/524/1006
f 2488/524/1007 2489/525/1008 2490/521/1009
f 2491/524/1006 2492/523/1004 2493/526/1010
f 2494/524/1011 2495/526/1010 2496/527/1012
f 2497/527/1013 2498/528/1014 2499/524/1015
f 2500/527/1016 2501/526/1017 2502/529/1018
f 2503/529/1018 2504/530/1019 2505/531/1020
f 2506/529/1018 2507/531/1020 2508/527/1021
f 2509/530/1022 2510/529/1023 2511/532/1024
f 2512/532/1025 2513/533/1026 2514/534/1027
f 2515/532/1025 2516/534/1027 2517/530/1022
f 2518/533/1028 2519/532/1029 2520/535/1030
f 2521/533/1031 2522/535/1030 2523/536/1032
f 2524/536/1033 2525/537/1034 2526/533/1035
f 2527/536/1032 2528/535/1030 2529/538/1036
f 2530/536/1032 2531/538/1036 2532/539/1037
f 2533/539/1038 2534/540/1039 2535/536/1040
f 2536/539/1037 2537/538/1041 2538/541/1042
f 2539/539/1043 2540/541/1042 2541/542/1044
f 2542/542/1045 2543/543/1046 2544/539/1047
f 2545/542/1044 2546/541/1048 2547/544/1049
f 2548/544/1050 2549/545/1051 2550/546/1052
f 2551/544/1050 2552/546/1052 2553/542/1053
f 2554/545/1054 2555/544/1050 2556/547/1055
f 2557/547/1056 2558/548/1057 2559/549/1058
f 2560/547/1056 2561/549/1058 2562/545/1059
f 2563/548/1060 2564/547/1055 2565/550/1061
f 2566/548/1060 2567/550/1061 2568/551/1062
f 2569/551/1063 2570/552/1064 2571/548/1065
f 2572/551/1062 2573/550/1066 2574/553/948
f 2575/553/948 2576/554/947 2577/555/1067
f 2578/553/948 2579/555/1067 2580/551/1068
f 2581/556/1069 2582/557/1070 2583/558/1069
f 2584/559/1071 2585/556/1069 2586/558/1069
f 2587/560/1069 2588/559/1072 2589/558/1069
f 2590/561/1073 2591/560/1069 2592/558/1069
f 2593/562/1069 2594/561/1073 2595/558/1069
f 2596/563/1074 2597/562/1069 2598/558/1069
f 2599/564/1069 2600/563/1074 2601/558/1069
f 2602/565/1075 2603/564/1069 2604/558/1069
f 2605/566/1069 2606/565/1075 2607/558/1069
f 2608/567/1076 2609/566/1069 2610/558/1069
f 2611/568/1069 2612/567/1076 2613/558/1069
f 2614/569/1077 2615/568/1069 2616/558/1069
f 2617/570/1069 2618/569/1078 2619/558/1069
f 2620/571/1079 2621/570/1069 2622/558/1069
f 2623/572/1069 2624/571/1079 2625/558/1069
f 2626/573/1080 2627/572/1069 2628/558/1069
f 2629/574/1069 2630/573/1080 2631/558/1069
f 2632/575/1081 2633/574/1069 2634/558/1069
f 2635/576/1069 2636/575/1081 2637/558/1069
f 2638/557/1070 2639/576/1069 2640/558/1069
f 2641/577/1082 2642/578/1083 2643/579/1084
f 2644/578/1083 2645/580/1085 2646/579/1084
f 2647/580/1085 2648/581/1086 2649/579/1084
f 2650/581/1086 2651/582/1087 2652/579/1084
f 2653/582/1087 2654/583/1088 2655/579/1084
f 2656/583/1088 2657/584/1089 2658/579/1084
f 2659/584/1089 2660/585/1090 2661/579/1084
f 2662/585/1090 2663/586/1091 2664/579/1084
f 2665/586/1091 2666/587/1092 2667/579/1084
f 2668/587/1092 2669/588/1093 2670/579/1084
f 2671/588/1093 2672/589/1094 2673/579/1084
f 2674/589/1094 2675/590/1095 2676/579/1084
f 2677/590/1095 2678/591/1096 2679/579/1084
f 2680/591/1096 2681/592/1097 2682/579/1084
f 2683/592/1097 2684/593/1098 2685/579/1084
f 2686/593/1098 2687/594/1099 2688/579/1084
f 2689/594/1099 2690/595/1100 2691/579/1084
f 2692/595/1100 2693/596/1101 2694/579/1084
f 2695/596/1101 2696/597/1102 2697/579/1084
f 2698/597/1102 2699/577/1082 2700/579/1084
f 2701/598/1103 2702/599/1104 2703/600/1105
f 2704/598/1103 2705/600/1106 2706/601/1107
f 2707/601/1108 2708/602/1109 2709/598/1103
f 2710/603/1110 2711/604/1111 2712/605/1112
f 2713/603/1110 2714/605/1112 2715/599/1104
f 2716/599/1104 2717/598/1113 2718/603/1110
f 2719/606/1114 2720/607/1115 2721/608/1116
f 2722/606/1114 2723/608/1117 2724/604/1118
f 2725/604/1119 2726/603/1120 2727/606/1121
f 2728/609/1122 2729/610/1123 2730/611/1124
f 2731/609/1122 2732/611/1124 2733/607/1115
f 2734/607/1115 2735/606/1114 2736/609/1122
f 2737/612/1125 2738/613/1126 2739/614/1127
f 2740/612/1125 2741/614/1127 2742/610/1123
f 2743/610/1123 2744/609/1122 2745/612/1125
f 2746/615/1128 2747/616/1129 2748/617/1130
f 2749/615/1128 2750/617/1130 2751/613/1126
f 2752/613/1131 2753/612/1132 2754/615/1128
f 2755/618/1133 2756/619/1134 2757/620/1135
f 2758/618/1133 2759/620/1135 2760/616/1136
f 2761/616/1136 2762/615/1137 2763/618/1133
f 2764/621/1138 2765/622/1139 2766/623/1140
f 2767/621/1138 2768/623/1141 2769/619/1134
f 2770/619/1142 2771/618/1143 2772/621/1144
f 2773/624/1145 2774/625/1146 2775/626/1147
f 2776/624/1145 2777/626/1148 2778/627/1139
f 2779/627/1139 2780/628/1138 2781/624/1145
f 2782/629/1149 2783/630/1150 2784/631/1151
f 2785/629/1149 2786/631/1151 2787/625/1146
f 2788/625/1146 2789/624/1145 2790/629/1149
f 2791/632/1152 2792/633/1153 2793/634/1154
f 2794/632/1152 2795/634/1155 2796/630/1150
f 2797/630/1156 2798/629/1157 2799/632/1152
f 2800/635/1158 2801/636/1159 2802/637/1160
f 2803/635/1158 2804/637/1160 2805/633/1153
f 2806/633/1153 2807/632/1161 2808/635/1158
f 2809/638/1162 2810/639/1163 2811/640/1164
f 2812/638/1162 2813/640/1165 2814/636/1159
f 2815/636/1166 2816/635/1167 2817/638/1168
f 2818/641/1169 2819/642/1170 2820/643/1171
f 2821/641/1169 2822/643/1172 2823/639/1163
f 2824/639/1163 2825/638/1162 2826/641/1169
f 2827/644/1173 2828/645/1174 2829/646/1175
f 2830/644/1173 2831/646/1175 2832/642/1170
f 2833/642/1170 2834/641/1169 2835/644/1173
f 2836/647/1176 2837/648/1177 2838/649/1178
f 2839/647/1176 2840/649/1179 2841/645/1174
f 2842/645/1180 2843/644/1181 2844/647/1176
f 2845/650/1182 2846/651/1183 2847/652/1184
f 2848/650/1185 2849/652/1184 2850/648/1177
f 2851/648/1177 2852/647/1186 2853/650/1182
f 2854/592/1187 2855/653/1188 2856/654/1189
f 2857/592/1187 2858/654/1190 2859/651/1183
f 2860/651/1191 2861/650/1192 2862/592/1193
f 2863/655/1194 2864/656/1195 2865/657/1196
f 2866/655/1194 2867/657/1196 2868/653/1188
f 2869/653/1188 2870/592/1187 2871/655/1194
f 2872/602/1197 2873/601/1107 2874/658/1198
f 2875/602/1197 2876/658/1198 2877/656/1195
f 2878/656/1195 2879/655/1194 2880/602/1197
f 2881/601/1199 2882/600/1200 2883/659/1201
f 2884/659/1201 2885/660/1202 2886/601/1199
f 2887/599/1203 2888/605/1204 2889/661/1205
f 2890/661/1205 2891/662/1206 2892/599/1104
f 2893/604/1119 2894/608/1207 2895/663/1208
f 2896/663/1208 2897/664/1209 2898/604/1119
f 2899/607/1115 2900/611/1210 2901/665/1211
f 2902/665/1212 2903/666/1213 2904/607/1115
f 2905/610/1123 2906/614/1214 2907/667/1215
f 2908/667/1215 2909/668/1216 2910/610/1123
f 2911/613/1217 2912/617/1218 2913/669/1219
f 2914/669/1220 2915/670/1221 2916/613/1217
f 2917/616/1222 2918/620/1223 2919/671/1224
f 2920/671/1224 2921/672/1225 2922/616/1136
f 2923/619/1142 2924/623/1226 2925/673/1227
f 2926/673/1227 2927/674/1228 2928/619/1142
f 2929/627/1139 2930/626/1229 2931/675/1230
f 2932/675/1231 2933/676/1232 2934/627/1139
f 2935/625/1146 2936/631/1233 2937/677/1234
f 2938/677/1234 2939/678/1235 2940/625/1146
f 2941/630/1236 2942/634/1237 2943/679/1238
f 2944/679/1239 2945/680/1240 2946/630/1236
f 2947/633/1241 2948/637/1242 2949/681/1243
f 2950/681/1243 2951/682/1244 2952/633/1153
f 2953/636/1166 2954/640/1245 2955/683/1246
f 2956/683/1246 2957/684/1247 2958/636/1166
f 2959/639/1163 2960/643/1248 2961/685/1249
f 2962/685/1249 2963/686/1250 2964/639/1163
f 2965/642/1170 2966/646/1251 2967/687/1252
f 2968/687/1252 2969/688/1253 2970/642/1170
f 2971/645/1254 2972/649/1255 2973/689/1256
f 2974/689/1256 2975/690/1257 2976/645/1254
f 2977/648/1258 2978/652/1259 2979/691/1260
f 2980/691/1260 2981/692/1261 2982/648/1177
f 2983/651/1191 2984/654/1262 2985/693/1263
f 2986/693/1263 2987/694/1264 2988/651/1191
f 2989/653/1188 2990/657/1265 2991/695/1266
f 2992/695/1266 2993/696/1267 2994/653/1188
f 2995/656/1195 2996/658/1268 2997/697/1269
f 2998/697/1269 2999/698/1270 3000/656/1195
f 3001/660/1271 3002/659/1272 3003/699/1273
f 3004/699/1273 3005/700/1274 3006/660/1271
f 3007/662/1275 3008/661/1276 3009/701/1277
f 3010/701/1277 3011/702/1278 3012/662/1279
f 3013/664/1280 3014/663/1281 3015/703/1282
f 3016/703/1282 3017/704/1283 3018/664/1280
f 3019/666/1284 3020/665/1285 3021/705/1286
f 3022/705/1286 3023/706/1287 3024/666/1284
f 3025/668/1288 3026/667/1289 3027/707/1290
f 3028/707/1291 3029/708/1292 3030/668/1293
f 3031/670/1294 3032/669/1295 3033/709/1296
f 3034/709/1296 3035/710/1297 3036/670/1294
f 3037/672/1298 3038/671/1299 3039/711/1300
f 3040/711/1300 3041/712/1301 3042/672/1302
f 3043/674/1303 3044/673/1304 3045/713/1305
f 3046/713/1305 3047/714/1306 3048/674/1303
f 3049/676/1307 3050/675/1308 3051/715/1309
f 3052/715/1309 3053/716/1310 3054/676/1307
f 3055/678/1311 3056/677/1312 3057/717/1313
f 3058/717/1313 3059/718/1314 3060/678/1311
f 3061/680/1315 3062/679/1316 3063/719/1317
f 3064/719/1317 3065/720/1318 3066/680/1315
f 3067/682/1319 3068/681/1320 3069/721/1321
f 3070/721/1321 3071/722/1322 3072/682/1319
f 3073/684/1323 3074/683/1324 3075/723/1325
f 3076/723/1325 3077/724/1326 3078/684/1323
f 3079/686/1327 3080/685/1328 3081/725/1329
f 3082/725/1329 3083/726/1330 3084/686/1327
f 3085/688/1331 3086/687/1332 3087/727/1333
f 3088/727/1334 3089/728/1335 3090/688/1336
f 3091/690/1337 3092/689/1338 3093/729/1339
f 3094/729/1339 3095/730/1340 3096/690/1337
f 3097/692/1341 3098/691/1342 3099/731/1343
f 3100/731/1343 3101/732/1344 3102/692/1345
f 3103/694/1346 3104/693/1347 3105/733/1348
f 3106/733/1348 3107/734/1349 3108/694/1346
f 3109/696/1350 3110/695/1351 3111/735/1352
f 3112/735/1352 3113/736/1353 3114/696/1350
f 3115/698/1354 3116/697/1355 3117/737/1356
f 3118/737/1356 3119/738/1357 3120/698/1354
f 3121/700/1274 3122/699/1358 3123/519/995
f 3124/519/995 3125/518/994 3126/700/1274
f 3127/702/1278 3128/701/1359 3129/516/1360
f 3130/516/1360 3131/515/986 3132/702/1278
f 3133/704/1361 3134/703/1362 3135/513/1363
f 3136/513/1363 3137/512/981 3138/704/1361
f 3139/706/1287 3140/705/1364 3141/510/1365
f 3142/510/1365 3143/509/1366 3144/706/1287
f 3145/708/1292 3146/707/1367 3147/507/1368
f 3148/507/1369 3149/506/969 3150/708/1370
f 3151/710/1297 3152/709/1371 3153/504/964
f 3154/504/964 3155/503/963 3156/710/1297
f 3157/712/1301 3158/711/1372 3159/501/1373
f 3160/501/1374 3161/500/956 3162/712/1301
f 3163/714/1375 3164/713/1376 3165/498/952
f 3166/498/952 3167/497/951 3168/714/1375
f 3169/716/1377 3170/715/1378 3171/555/1067
f 3172/555/1067 3173/554/947 3174/716/1310
f 3175/718/1314 3176/717/1379 3177/552/1380
f 3178/552/1380 3179/551/1381 3180/718/1382
f 3181/720/1318 3182/719/1383 3183/549/1058
f 3184/549/1058 3185/548/1057 3186/720/1318
f 3187/722/1322 3188/721/1384 3189/546/1052
f 3190/546/1052 3191/545/1051 3192/722/1322
f 3193/724/1385 3194/723/1386 3195/543/1387
f 3196/543/1388 3197/542/1044 3198/724/1385
f 3199/726/1330 3200/725/1389 3201/540/1390
f 3202/540/1390 3203/539/1391 3204/726/1330
f 3205/728/1335 3206/727/1392 3207/537/1393
f 3208/537/1394 3209/536/1032 3210/728/1395
f 3211/730/1340 3212/729/1396 3213/534/1027
f 3214/534/1027 3215/533/1026 3216/730/1340
f 3217/732/1344 3218/731/1397 3219/531/1398
f 3220/531/1398 3221/530/1019 3222/732/1344
f 3223/734/1399 3224/733/1400 3225/528/1401
f 3226/528/1401 3227/527/1012 3228/734/1399
f 3229/736/1353 3230/735/1402 3231/525/1403
f 3232/525/1404 3233/524/1006 3234/736/1353
f 3235/738/1405 3236/737/1406 3237/522/1407
f 3238/522/1407 3239/521/1408 3240/738/1405
f 3241/599/1203 3242/662/1206 3243/659/1201
f 3244/659/1201 3245/600/1200 3246/599/1203
f 3247/662/1275 3248/702/1278 3249/699/1273
f 3250/699/1273 3251/659/1409 3252/662/1275
f 3253/702/1410 3254/515/990 3255/519/995
f 3256/519/995 3257/699/1358 3258/702/1410
f 3259/604/1119 3260/664/1209 3261/661/1205
f 3262/661/1205 3263/605/1204 3264/604/1119
f 3265/664/1411 3266/704/1283 3267/701/1277
f 3268/701/1277 3269/661/1412 3270/664/1411
f 3271/704/1283 3272/512/985 3273/516/1360
f 3274/516/1360 3275/701/1359 3276/704/1283
f 3277/607/1413 3278/666/1414 3279/663/1208
f 3280/663/1208 3281/608/1207 3282/607/1413
f 3283/666/1415 3284/706/1416 3285/703/1282
f 3286/703/1282 3287/663/1417 3288/666/1415
f 3289/706/1416 3290/509/974 3291/513/1363
f 3292/513/1363 3293/703/1362 3294/706/1416
f 3295/610/1123 3296/668/1216 3297/665/1212
f 3298/665/1212 3299/611/1210 3300/610/1123
f 3301/668/1418 3302/708/1292 3303/705/1286
f 3304/705/1419 3305/665/1285 3306/668/1293
f 3307/708/1420 3308/506/969 3309/510/1365
f 3310/510/1365 3311/705/1364 3312/708/1420
f 3313/613/1126 3314/670/1221 3315/667/1215
f 3316/667/1215 3317/614/1421 3318/613/1126
f 3319/670/1422 3320/710/1423 3321/707/1291
f 3322/707/1291 3323/667/1289 3324/670/1422
f 3325/710/1423 3326/503/965 3327/507/1368
f 3328/507/1368 3329/707/1367 3330/710/1423
f 3331/616/1222 3332/672/1225 3333/669/1220
f 3334/669/1220 3335/617/1218 3336/616/1222
f 3337/672/1298 3338/712/1301 3339/709/1296
f 3340/709/1296 3341/669/1424 3342/672/1298
f 3343/712/1425 3344/500/959 3345/504/964
f 3346/504/964 3347/709/1371 3348/712/1425
f 3349/619/1142 3350/674/1228 3351/671/1224
f 3352/671/1224 3353/620/1223 3354/619/1142
f 3355/674/1426 3356/714/1306 3357/711/1300
f 3358/711/1300 3359/671/1427 3360/674/1303
f 3361/714/1306 3362/497/954 3363/501/1373
f 3364/501/1373 3365/711/1372 3366/714/1306
f 3367/622/1428 3368/739/1232 3369/673/1227
f 3370/673/1227 3371/623/1226 3372/622/1428
f 3373/739/1429 3374/740/1377 3375/713/1305
f 3376/713/1305 3377/673/1430 3378/739/1429
f 3379/740/1377 3380/494/953 3381/498/952
f 3382/498/952 3383/713/1376 3384/740/1377
f 3385/625/1146 3386/678/1235 3387/675/1231
f 3388/675/1231 3389/626/1229 3390/625/1146
f 3391/678/1431 3392/718/1314 3393/715/1309
f 3394/715/1309 3395/675/1308 3396/678/1311
f 3397/718/1432 3398/551/1433 3399/555/1067
f 3400/555/1067 3401/715/1378 3402/718/1314
f 3403/630/1150 3404/680/1240 3405/677/1234
f 3406/677/1234 3407/631/1233 3408/630/1150
f 3409/680/1434 3410/720/1435 3411/717/1313
f 3412/717/1313 3413/677/1312 3414/680/1434
f 3415/720/1435 3416/548/1060 3417/552/1380
f 3418/552/1380 3419/717/1379 3420/720/1435
f 3421/633/1241 3422/682/1244 3423/679/1239
f 3424/679/1239 3425/634/1237 3426/633/1241
f 3427/682/1436 3428/722/1322 3429/719/1317
f 3430/719/1317 3431/679/1316 3432/682/1436
f 3433/722/1437 3434/545/1054 3435/549/1058
f 3436/549/1058 3437/719/1383 3438/722/1437
f 3439/636/1166 3440/684/1247 3441/681/1243
f 3442/681/1243 3443/637/1242 3444/636/1166
f 3445/684/1438 3446/724/1326 3447/721/1321
f 3448/721/1321 3449/681/1439 3450/684/1323
f 3451/724/1326 3452/542/1053 3453/546/1052
f 3454/546/1052 3455/721/1384 3456/724/1326
f 3457/639/1440 3458/686/1250 3459/683/1246
f 3460/683/1246 3461/640/1245 3462/639/1440
f 3463/686/1441 3464/726/1442 3465/723/1325
f 3466/723/1325 3467/683/1443 3468/686/1441
f 3469/726/1442 3470/539/1037 3471/543/1387
f 3472/543/1387 3473/723/1386 3474/726/1442
f 3475/642/1170 3476/688/1253 3477/685/1249
f 3478/685/1249 3479/643/1444 3480/642/1170
f 3481/688/1445 3482/728/1335 3483/725/1329
f 3484/725/1446 3485/685/1328 3486/688/1336
f 3487/728/1447 3488/536/1032 3489/540/1390
f 3490/540/1390 3491/725/1389 3492/728/1447
f 3493/645/1174 3494/690/1448 3495/687/1252
f 3496/687/1252 3497/646/1449 3498/645/1174
f 3499/690/1450 3500/730/1451 3501/727/1334
f 3502/727/1334 3503/687/1332 3504/690/1450
f 3505/730/1451 3506/533/1028 3507/537/1393
f 3508/537/1393 3509/727/1392 3510/730/1451
f 3511/648/1258 3512/692/1261 3513/689/1256
f 3514/689/1256 3515/649/1255 3516/648/1258
f 3517/692/1341 3518/732/1344 3519/729/1339
f 3520/729/1339 3521/689/1452 3522/692/1341
f 3523/732/1453 3524/530/1022 3525/534/1027
f 3526/534/1027 3527/729/1396 3528/732/1453
f 3529/651/1191 3530/694/1264 3531/691/1260
f 3532/691/1260 3533/652/1454 3534/651/1191
f 3535/694/1455 3536/734/1349 3537/731/1343
f 3538/731/1343 3539/691/1456 3540/694/1455
f 3541/734/1349 3542/527/1016 3543/531/1398
f 3544/531/1398 3545/731/1397 3546/734/1349
f 3547/653/1457 3548/696/1267 3549/693/1263
f 3550/693/1263 3551/654/1262 3552/653/1457
f 3553/696/1458 3554/736/1459 3555/733/1348
f 3556/733/1348 3557/693/1460 3558/696/1458
f 3559/736/1459 3560/524/1011 3561/528/1401
f 3562/528/1401 3563/733/1400 3564/736/1459
f 3565/656/1195 3566/698/1270 3567/695/1266
f 3568/695/1266 3569/657/1461 3570/656/1195
f 3571/698/1462 3572/738/1357 3573/735/1352
f 3574/735/1463 3575/695/1351 3576/698/1354
f 3577/738/1464 3578/521/1465 3579/525/1403
f 3580/525/1403 3581/735/1466 3582/738/1464
f 3583/601/1107 3584/660/1202 3585/697/1269
f 3586/697/1269 3587/658/1467 3588/601/1107
f 3589/660/1468 3590/700/1274 3591/737/1356
f 3592/737/1356 3593/697/1355 3594/660/1468
f 3595/700/1469 3596/518/997 3597/522/1407
f 3598/522/1407 3599/737/1406 3600/700/1469
