# Blender 5.2.0 LTS
# www.blender.org
mtllib puppet.mtl
o Arms
v 1.114362 0.319983 0.348240
v 1.208810 0.649108 0.095856
v 0.878698 0.526895 0.387755
v 0.680384 0.278082 0.059305
v 1.010498 0.400295 -0.232594
v 0.821641 0.294377 -0.169005
v 1.067554 0.632813 0.324166
v 1.268796 0.337799 0.098632
v 1.075211 0.160433 -0.033799
v 1.187564 0.562526 -0.111463
v 0.701631 0.364663 0.266624
v 0.920778 0.142618 0.215809
v 1.267510 0.418390 -0.028319
v 0.273187 1.206990 -0.168849
v 0.904121 0.344783 -0.240641
v 0.944672 0.172936 -0.104583
v 0.278701 1.093990 0.044489
v 0.650334 0.315506 0.169552
v 0.816056 0.221197 0.284541
v 0.291329 1.305524 0.149091
v 0.968460 0.606978 0.387180
v 1.127063 0.494208 0.354729
v 0.330320 1.401022 -0.068190
v 1.222246 0.636255 -0.023012
v 1.088366 0.795149 0.027269
v 0.787019 0.678391 0.311193
v 0.594208 0.442062 0.008110
v 0.890753 0.558982 -0.276865
v 0.840781 1.018465 -0.083530
v 0.654934 0.923953 0.160994
v 0.475755 0.735595 -0.046334
v 0.638859 0.829108 -0.284390
v 0.800121 0.156261 0.129052
v 0.271169 1.114141 -0.093694
v 1.261081 0.533002 0.117787
v 0.332354 1.388645 0.071477
v 0.959800 0.778536 0.250916
v 0.718830 0.457787 -0.209778
v 0.767704 1.004273 0.098711
v 0.533920 0.746933 -0.210092
v 0.751061 0.266377 -0.056190
v 1.211165 0.308936 0.235460
v 1.086314 0.252375 -0.152275
v 0.302841 1.337382 -0.158646
v 0.997252 0.387212 0.408497
v 0.282085 1.165096 0.135083
v 0.620075 0.524260 0.201765
v 1.059790 0.713673 -0.171062
v 0.522315 0.799627 0.104049
v 0.774490 0.955095 -0.238199
v 1.009321 0.124003 0.097380
v 1.190754 0.225758 0.036291
v 1.113927 0.469886 -0.178367
v 0.791883 0.432734 0.342149
v 1.029732 0.207182 0.296549
v 1.269737 0.511383 0.024481
v 0.320464 1.383140 -0.127278
v 0.981453 0.247253 -0.172733
v 0.269346 1.148800 -0.146565
v 1.039757 0.484852 0.396196
v 0.317898 1.360628 0.125259
v 0.751473 0.220721 0.198982
v 0.280878 1.113498 0.101944
v 1.100066 0.777375 -0.086891
v 0.796196 0.499607 -0.277989
v 0.573621 0.471223 0.114335
v 0.873550 0.747964 0.312092
v 0.831093 0.996194 -0.178330
v 0.591714 0.771616 -0.272817
v 0.478020 0.748698 0.037899
v 0.716016 0.969705 0.155509
v 0.877809 0.139076 0.014130
v 0.275533 1.097219 -0.024878
v 1.231035 0.462708 0.255771
v 0.335530 1.400044 0.002373
v 1.036088 0.788249 0.148741
v 0.652974 0.437357 -0.104015
v 0.808682 1.022186 0.012718
v 0.499852 0.741594 -0.135595
v 1.195316 0.317146 -0.092776
v 0.284513 1.274881 -0.170030
v 0.913528 0.284639 0.362676
v 0.283172 1.234542 0.149237
v 0.703320 0.595386 0.267454
v 0.984789 0.631700 -0.232310
v 0.609434 0.865039 0.150663
v 0.700810 0.898272 -0.270498
v 1.126730 0.190757 0.176758
v 1.079363 0.752184 0.040397
v 0.803869 0.647988 0.292189
v 0.634416 0.436903 0.016760
v 0.904717 0.541362 -0.236738
v 0.749124 0.450948 -0.178154
v 0.961012 0.737474 0.239617
v 1.055867 0.679559 -0.139582
v 0.655145 0.510387 0.191173
v 0.818847 0.489358 -0.239107
v 0.613868 0.464045 0.111600
v 0.881617 0.711196 0.293544
v 1.090431 0.737544 -0.063864
v 0.689415 0.431619 -0.083049
v 1.031499 0.745077 0.148905
v 0.989755 0.605257 -0.195080
v 0.728724 0.572791 0.252178
v 1.197156 0.681350 0.164512
v 1.164796 0.687760 0.229219
v 1.263649 0.604540 0.198256
v 1.120661 0.671698 0.288496
v 1.190645 0.587174 0.326030
v 1.252646 0.591335 0.277029
v 1.103908 0.621916 0.327797
v 1.277044 0.570694 0.151416
v 1.250418 0.517274 0.270952
v 1.159765 0.539339 0.357869
v 1.225100 0.642508 0.125844
v 0.522755 0.942754 -0.254971
v 0.435991 0.845659 0.017232
v 0.630802 1.022010 0.151639
v 0.716403 1.119945 -0.124070
v 0.709055 1.100060 0.052601
v 0.446748 0.861338 -0.161183
v 0.504990 0.907072 0.138102
v 0.644502 1.063050 -0.238638
v 0.703204 1.089455 -0.198684
v 0.482451 0.879876 -0.231191
v 0.458533 0.850586 0.088397
v 0.687279 1.057054 0.119532
v 0.709560 1.129506 -0.034408
v 0.431759 0.859801 -0.070753
v 0.563714 0.978304 0.157912
v 0.574741 1.015944 -0.253546
v 0.184321 1.223039 -0.161957
v 0.184183 1.097703 0.049946
v 0.200325 1.316953 0.155558
v 0.248385 1.432367 -0.059117
v 0.179015 1.123044 -0.087558
v 0.250617 1.420425 0.080607
v 0.218959 1.364231 -0.150693
v 0.186716 1.166940 0.140295
v 0.237813 1.412763 -0.118786
v 0.178587 1.160768 -0.140028
v 0.234009 1.387681 0.133771
v 0.185724 1.115813 0.107217
v 0.181980 1.103050 -0.019144
v 0.254311 1.432963 0.011652
v 0.198513 1.297101 -0.162628
v 0.188731 1.238422 0.154716
v -1.114362 0.319983 0.348240
v -1.208810 0.649108 0.095856
v -0.878697 0.526895 0.387755
v -0.680384 0.278082 0.059305
v -1.010497 0.400295 -0.232593
v -0.821641 0.294377 -0.169005
v -1.067554 0.632813 0.324166
v -1.268796 0.337799 0.098632
v -1.075211 0.160433 -0.033799
v -1.187564 0.562526 -0.111463
v -0.701631 0.364664 0.266624
v -0.920778 0.142618 0.215810
v -1.267510 0.418390 -0.028319
v -0.273187 1.206990 -0.168849
v -0.904120 0.344783 -0.240640
v -0.944671 0.172936 -0.104583
v -0.278701 1.093990 0.044489
v -0.650334 0.315506 0.169552
v -0.816056 0.221197 0.284541
v -0.291329 1.305524 0.149091
v -0.968460 0.606978 0.387180
v -1.127063 0.494208 0.354729
v -0.330320 1.401022 -0.068190
v -1.222246 0.636255 -0.023012
v -1.088366 0.795149 0.027269
v -0.787019 0.678391 0.311193
v -0.594208 0.442062 0.008110
v -0.890753 0.558982 -0.276864
v -0.840781 1.018465 -0.083530
v -0.654934 0.923953 0.160994
v -0.475755 0.735595 -0.046334
v -0.638859 0.829108 -0.284389
v -0.800121 0.156261 0.129052
v -0.271169 1.114141 -0.093694
v -1.261081 0.533002 0.117787
v -0.332354 1.388645 0.071477
v -0.959800 0.778536 0.250916
v -0.718829 0.457787 -0.209778
v -0.767704 1.004273 0.098711
v -0.533920 0.746933 -0.210092
v -0.751061 0.266377 -0.056189
v -1.211165 0.308937 0.235460
v -1.086314 0.252375 -0.152274
v -0.302841 1.337381 -0.158646
v -0.997252 0.387213 0.408497
v -0.282085 1.165096 0.135083
v -0.620075 0.524260 0.201765
v -1.059790 0.713673 -0.171061
v -0.522315 0.799627 0.104049
v -0.774490 0.955095 -0.238199
v -1.009321 0.124004 0.097380
v -1.190754 0.225758 0.036291
v -1.113926 0.469886 -0.178367
v -0.791883 0.432734 0.342149
v -1.029732 0.207182 0.296549
v -1.269737 0.511384 0.024482
v -0.320465 1.383140 -0.127278
v -0.981453 0.247253 -0.172733
v -0.269346 1.148800 -0.146565
v -1.039756 0.484853 0.396196
v -0.317898 1.360628 0.125259
v -0.751472 0.220721 0.198982
v -0.280878 1.113498 0.101944
v -1.100065 0.777375 -0.086891
v -0.796196 0.499607 -0.277989
v -0.573620 0.471223 0.114335
v -0.873550 0.747964 0.312092
v -0.831093 0.996194 -0.178330
v -0.591714 0.771616 -0.272817
v -0.478020 0.748698 0.037899
v -0.716016 0.969705 0.155509
v -0.877808 0.139076 0.014130
v -0.275533 1.097219 -0.024878
v -1.231035 0.462709 0.255771
v -0.335530 1.400044 0.002373
v -1.036088 0.788249 0.148741
v -0.652973 0.437357 -0.104015
v -0.808682 1.022186 0.012719
v -0.499852 0.741594 -0.135595
v -1.195316 0.317146 -0.092775
v -0.284513 1.274881 -0.170030
v -0.913528 0.284639 0.362676
v -0.283172 1.234542 0.149237
v -0.703320 0.595386 0.267454
v -0.984789 0.631700 -0.232310
v -0.609434 0.865039 0.150663
v -0.700809 0.898272 -0.270498
v -1.126729 0.190757 0.176758
v -1.079363 0.752184 0.040397
v -0.803869 0.647989 0.292189
v -0.634416 0.436903 0.016761
v -0.904717 0.541362 -0.236738
v -0.749123 0.450948 -0.178154
v -0.961012 0.737474 0.239617
v -1.055867 0.679559 -0.139582
v -0.655145 0.510387 0.191173
v -0.818847 0.489358 -0.239107
v -0.613867 0.464045 0.111600
v -0.881617 0.711196 0.293544
v -1.090431 0.737544 -0.063864
v -0.689415 0.431619 -0.083049
v -1.031499 0.745077 0.148905
v -0.989755 0.605257 -0.195080
v -0.728724 0.572791 0.252178
v -1.197156 0.681350 0.164512
v -1.164796 0.687760 0.229219
v -1.263649 0.604541 0.198256
v -1.120661 0.671698 0.288496
v -1.190645 0.587174 0.326030
v -1.252646 0.591335 0.277029
v -1.103908 0.621916 0.327797
v -1.277044 0.570694 0.151416
v -1.250417 0.517274 0.270952
v -1.159765 0.539340 0.357870
v -1.225100 0.642508 0.125844
v -0.522755 0.942754 -0.254971
v -0.435991 0.845659 0.017232
v -0.630802 1.022010 0.151639
v -0.716403 1.119945 -0.124070
v -0.709055 1.100060 0.052601
v -0.446748 0.861338 -0.161183
v -0.504990 0.907072 0.138102
v -0.644502 1.063050 -0.238638
v -0.703204 1.089455 -0.198684
v -0.482451 0.879876 -0.231191
v -0.458533 0.850586 0.088397
v -0.687279 1.057054 0.119532
v -0.709560 1.129506 -0.034408
v -0.431759 0.859801 -0.070752
v -0.563714 0.978304 0.157912
v -0.574741 1.015944 -0.253546
v -0.184321 1.223039 -0.161957
v -0.184183 1.097703 0.049946
v -0.200325 1.316953 0.155558
v -0.248385 1.432367 -0.059117
v -0.179015 1.123044 -0.087558
v -0.250617 1.420425 0.080607
v -0.218959 1.364231 -0.150693
v -0.186716 1.166940 0.140295
v -0.237813 1.412763 -0.118786
v -0.178588 1.160768 -0.140028
v -0.234009 1.387681 0.133771
v -0.185724 1.115813 0.107217
v -0.181980 1.103050 -0.019144
v -0.254311 1.432963 0.011652
v -0.198513 1.297101 -0.162628
v -0.188731 1.238422 0.154716
v 0.203321 1.357734 -0.154289
v 0.335067 1.283902 0.146934
v 0.159227 0.022977 0.099587
v 0.077786 1.572183 0.213780
v 0.510626 0.804457 0.024400
v 0.325914 0.828683 -0.371703
v 0.060931 1.628855 0.006188
v 0.396905 0.065359 -0.198611
v 0.326539 1.313641 -0.053007
v 0.503794 0.789545 -0.241939
v 0.600317 0.500134 -0.245536
v 0.397669 0.490838 -0.362770
v 0.573823 0.630075 0.002345
v 0.098892 0.487715 0.343650
v 0.377382 0.569881 0.271432
v 0.127303 0.549987 -0.403447
v 0.084313 0.347291 -0.183649
v 0.244866 1.517756 -0.001965
v 0.100584 0.863123 -0.424560
v 0.252895 1.288534 0.220170
v 0.264772 1.477461 0.170758
v 0.061726 0.318739 0.172105
v 0.049208 1.409760 -0.187746
v 0.404940 -0.001116 0.080938
v 0.406952 0.020152 -0.115724
v 0.650377 0.034888 0.075066
v 0.161468 0.038981 -0.103237
v 0.392773 0.026659 0.206823
v 0.651958 0.059277 -0.120420
v 0.650386 0.245692 -0.003815
v 0.387047 0.223033 0.302192
v 0.162088 0.190124 -0.056134
v 0.645318 0.215644 0.187130
v 0.397517 0.221797 -0.118450
v 0.142107 0.325980 0.158083
v 0.418753 0.314468 -0.237035
v 0.618583 0.485079 0.071719
v 0.165917 0.319083 -0.134509
v 0.366581 0.466965 0.268861
v 0.645476 0.357708 -0.130535
v 0.074091 1.126523 -0.346444
v 0.372720 0.808997 0.251505
v 0.408987 1.076835 -0.145507
v 0.423388 1.028425 0.094727
v 0.274948 1.108552 -0.291427
v 0.327272 1.026755 0.247661
v 0.157506 0.174544 0.166236
v 0.326059 0.597432 0.290401
v 0.196532 1.464332 -0.079764
v 0.631220 0.410816 -0.194680
v 0.323540 1.389969 0.152284
v 0.362923 0.523121 0.263183
v 0.122629 0.430239 -0.319234
v 0.074038 1.475923 0.237628
v 0.460425 0.908090 0.057564
v 0.297722 0.985037 -0.338551
v 0.594737 0.552228 0.031643
v 0.312072 1.419358 -0.024834
v 0.446359 0.946862 -0.194798
v 0.287047 1.521899 0.081068
v 0.051748 0.297439 -0.030810
v 0.359715 1.091814 -0.233357
v 0.381398 1.022457 0.206897
v 0.437856 1.057336 -0.035751
v 0.519617 0.476021 -0.325372
v 0.489825 0.647796 0.146535
v 0.624786 0.559524 -0.135137
v 0.427616 0.796915 -0.327322
v 0.447333 0.803276 0.197568
v 0.541373 0.794932 -0.127904
v 0.561579 0.622066 -0.271282
v 0.359023 0.648023 -0.389108
v 0.551299 0.713754 -0.002918
v 0.044700 1.553365 -0.089786
v 0.088799 0.394127 0.316437
v 0.423481 0.384673 -0.300848
v 0.233369 1.403820 0.179197
v 0.086442 1.004459 -0.397929
v 0.078529 1.635404 0.105564
v 0.555634 0.067642 -0.180308
v 0.114797 0.707110 -0.429013
v 0.373978 0.711238 0.264210
v 0.206058 0.517629 0.323791
v 0.258289 0.533591 -0.381009
v 0.146785 0.344481 -0.161433
v 0.134106 1.590358 0.008287
v 0.207787 0.852519 -0.402579
v 0.163026 1.538026 0.192503
v 0.113155 0.332672 0.164258
v 0.162509 1.123835 -0.324172
v 0.590538 0.029726 -0.125349
v 0.395975 0.004070 0.170036
v 0.589414 0.015322 0.071017
v 0.399452 0.037492 -0.177001
v 0.411380 0.006615 -0.026082
v 0.222659 0.015435 -0.098400
v 0.220399 0.002856 0.100645
v 0.267886 0.327111 -0.224919
v 0.138266 0.029824 -0.007028
v 0.224373 0.389138 0.268898
v 0.552937 0.037466 0.168498
v 0.664868 0.414680 -0.039333
v 0.242965 0.050306 -0.172847
v 0.239019 0.020753 0.183771
v 0.684070 0.043724 -0.028802
v 0.651542 0.130874 -0.102428
v 0.392072 0.090463 0.226932
v 0.161622 0.101589 -0.105465
v 0.649320 0.097919 0.098465
v 0.396705 0.130312 -0.194957
v 0.159291 0.084137 0.110351
v 0.562864 0.319178 -0.198417
v 0.121530 0.306792 -0.003458
v 0.516014 0.514103 0.185899
v 0.675224 0.276231 0.074296
v 0.231236 0.251083 0.278109
v 0.251222 0.223839 -0.132590
v 0.535797 0.348239 0.262201
v 0.132463 0.217298 0.042445
v 0.557070 0.227011 -0.083721
v 0.276991 1.322790 -0.111912
v 0.290301 1.284365 0.184471
v 0.362760 1.308218 0.039375
v 0.115341 1.390979 -0.170443
v 0.062220 1.252415 -0.274395
v 0.295094 1.155427 0.246414
v 0.373718 1.198218 -0.088745
v 0.382646 1.157588 0.140196
v 0.245687 1.230340 -0.220855
v 0.350023 0.910768 0.246016
v 0.555343 0.242709 -0.073353
v 0.137962 0.179415 0.045787
v 0.546353 0.237650 0.271068
v 0.244007 0.203338 -0.119401
v 0.235662 0.182660 0.263577
v 0.680958 0.235713 0.087574
v 0.494587 0.579403 0.164247
v 0.269887 1.369616 0.165000
v 0.555109 0.381905 -0.265611
v 0.264442 1.407909 -0.076809
v 0.387826 0.964476 -0.280941
v 0.409767 0.901756 0.200094
v 0.645937 0.477820 -0.089561
v 0.346417 1.419280 0.058928
v 0.480738 0.930707 -0.081235
v 0.474655 0.611702 -0.351937
v 0.465094 0.701780 0.212953
v 0.597830 0.663779 -0.155456
v 0.106880 1.520147 -0.079792
v 0.206247 0.426785 0.308569
v 0.258336 0.406454 -0.296935
v 0.149497 1.447654 0.209384
v 0.183547 1.001558 -0.374078
v 0.167100 1.598717 0.097809
v 0.094989 0.309475 -0.018086
v 0.233161 0.689935 -0.408592
v 0.615849 0.018394 -0.034284
v 0.525243 0.044548 -0.165319
v 0.273706 0.008328 0.161130
v 0.523046 0.018954 0.139140
v 0.277250 0.032047 -0.153903
v 0.206250 0.007135 -0.001654
v 0.555331 0.137828 -0.169867
v 0.242991 0.114424 -0.176073
v 0.138446 0.091027 -0.003655
v 0.238888 0.082519 0.199646
v 0.552011 0.106309 0.189186
v 0.683493 0.115408 -0.008337
v 0.152060 0.224430 0.174087
v 0.648180 0.245394 -0.015699
v 0.379722 0.298421 0.307318
v 0.163072 0.221681 -0.065448
v 0.636152 0.319804 0.174897
v 0.403700 0.223693 -0.129864
v 0.323671 1.210262 -0.172137
v 0.340455 1.155546 0.211397
v 0.401350 1.183945 0.019806
v 0.140825 1.246490 -0.252160
v 0.067466 1.276764 0.313418
v 0.137461 1.266567 0.287061
v 0.059185 1.416638 0.270892
v 0.080573 1.136982 0.331096
v 0.093147 0.847435 0.359247
v 0.193327 0.842103 0.329881
v 0.091550 0.951701 0.348940
v 0.091715 0.726276 0.369461
v 0.080762 0.548504 0.358499
v 0.175999 0.573528 0.337248
v 0.216532 1.251011 0.254973
v 0.196572 1.353524 0.219528
v 0.254889 1.134238 0.278460
v 0.323127 0.830199 0.284259
v 0.303191 0.920155 0.279080
v 0.324138 0.741583 0.295148
v 0.088087 1.037815 0.341970
v 0.177447 1.032775 0.319286
v 0.283308 1.021364 0.281525
v 0.282109 0.640686 0.311315
v 0.123695 1.391307 0.245539
v 0.186634 0.940482 0.321029
v 0.191833 0.733519 0.342273
v 0.161911 1.137976 0.307457
v -0.203321 1.357734 -0.154289
v -0.335067 1.283902 0.146934
v -0.159227 0.022977 0.099587
v -0.077786 1.572183 0.213780
v -0.510626 0.804457 0.024400
v -0.325914 0.828683 -0.371703
v -0.060931 1.628855 0.006188
v -0.396905 0.065359 -0.198611
v -0.326540 1.313641 -0.053007
v -0.503794 0.789545 -0.241939
v -0.600316 0.500135 -0.245536
v -0.397669 0.490838 -0.362770
v -0.573823 0.630075 0.002345
v -0.098892 0.487715 0.343650
v -0.377382 0.569881 0.271432
v -0.127303 0.549987 -0.403447
v -0.084313 0.347291 -0.183649
v -0.244866 1.517756 -0.001965
v -0.100584 0.863123 -0.424560
v -0.252895 1.288534 0.220170
v -0.264772 1.477461 0.170758
v -0.061726 0.318738 0.172105
v -0.049208 1.409760 -0.187746
v -0.404940 -0.001116 0.080938
v -0.406952 0.020152 -0.115724
v -0.650377 0.034888 0.075066
v -0.161468 0.038981 -0.103237
v -0.392773 0.026659 0.206823
v -0.651958 0.059277 -0.120420
v -0.650387 0.245692 -0.003815
v -0.387047 0.223033 0.302192
v -0.162088 0.190124 -0.056134
v -0.645318 0.215644 0.187130
v -0.397517 0.221797 -0.118450
v -0.142107 0.325980 0.158083
v -0.418752 0.314468 -0.237035
v -0.618583 0.485079 0.071719
v -0.165917 0.319083 -0.134509
v -0.366581 0.466965 0.268861
v -0.645475 0.357708 -0.130535
v -0.074091 1.126523 -0.346444
v -0.372720 0.808997 0.251505
v -0.408988 1.076835 -0.145507
v -0.423388 1.028425 0.094727
v -0.274948 1.108552 -0.291427
v -0.327272 1.026755 0.247661
v -0.157506 0.174544 0.166236
v -0.326059 0.597432 0.290401
v -0.196532 1.464332 -0.079764
v -0.631219 0.410816 -0.194680
v -0.323540 1.389969 0.152284
v -0.362923 0.523121 0.263183
v -0.122629 0.430239 -0.319234
v -0.074038 1.475923 0.237628
v -0.460425 0.908090 0.057564
v -0.297722 0.985037 -0.338551
v -0.594737 0.552228 0.031643
v -0.312072 1.419358 -0.024834
v -0.446359 0.946862 -0.194798
v -0.287047 1.521899 0.081068
v -0.051748 0.297439 -0.030810
v -0.359715 1.091814 -0.233357
v -0.381398 1.022456 0.206897
v -0.437856 1.057336 -0.035751
v -0.519617 0.476021 -0.325372
v -0.489825 0.647796 0.146535
v -0.624786 0.559524 -0.135137
v -0.427616 0.796915 -0.327322
v -0.447333 0.803276 0.197568
v -0.541373 0.794932 -0.127904
v -0.561579 0.622066 -0.271281
v -0.359023 0.648023 -0.389108
v -0.551299 0.713754 -0.002918
v -0.044700 1.553365 -0.089786
v -0.088799 0.394127 0.316437
v -0.423481 0.384673 -0.300848
v -0.233369 1.403820 0.179197
v -0.086442 1.004459 -0.397929
v -0.078529 1.635404 0.105564
v -0.555634 0.067642 -0.180308
v -0.114797 0.707110 -0.429013
v -0.373978 0.711238 0.264210
v -0.206058 0.517629 0.323791
v -0.258289 0.533591 -0.381009
v -0.146785 0.344481 -0.161433
v -0.134106 1.590358 0.008287
v -0.207787 0.852519 -0.402579
v -0.163026 1.538026 0.192503
v -0.113155 0.332672 0.164258
v -0.162509 1.123835 -0.324172
v -0.590538 0.029726 -0.125349
v -0.395975 0.004070 0.170036
v -0.589414 0.015322 0.071017
v -0.399452 0.037492 -0.177001
v -0.411380 0.006615 -0.026082
v -0.222659 0.015435 -0.098400
v -0.220399 0.002856 0.100645
v -0.267886 0.327111 -0.224919
v -0.138266 0.029824 -0.007028
v -0.224373 0.389138 0.268898
v -0.552937 0.037466 0.168498
v -0.664868 0.414680 -0.039333
v -0.242965 0.050306 -0.172847
v -0.239020 0.020753 0.183771
v -0.684070 0.043724 -0.028802
v -0.651542 0.130874 -0.102428
v -0.392072 0.090463 0.226932
v -0.161622 0.101589 -0.105465
v -0.649320 0.097919 0.098465
v -0.396705 0.130312 -0.194957
v -0.159291 0.084137 0.110351
v -0.562864 0.319178 -0.198417
v -0.121530 0.306792 -0.003458
v -0.516015 0.514103 0.185899
v -0.675224 0.276231 0.074296
v -0.231236 0.251083 0.278109
v -0.251222 0.223839 -0.132590
v -0.535797 0.348239 0.262201
v -0.132463 0.217298 0.042445
v -0.557070 0.227011 -0.083721
v -0.276991 1.322790 -0.111912
v -0.290301 1.284365 0.184471
v -0.362760 1.308218 0.039375
v -0.115341 1.390979 -0.170443
v -0.062220 1.252415 -0.274395
v -0.295094 1.155427 0.246414
v -0.373718 1.198218 -0.088745
v -0.382646 1.157587 0.140196
v -0.245687 1.230340 -0.220855
v -0.350023 0.910768 0.246016
v -0.555343 0.242709 -0.073353
v -0.137962 0.179415 0.045787
v -0.546353 0.237650 0.271068
v -0.244007 0.203338 -0.119401
v -0.235662 0.182660 0.263577
v -0.680958 0.235712 0.087574
v -0.494587 0.579403 0.164247
v -0.269887 1.369616 0.165000
v -0.555109 0.381905 -0.265611
v -0.264442 1.407909 -0.076809
v -0.387826 0.964476 -0.280941
v -0.409767 0.901756 0.200094
v -0.645937 0.477820 -0.089561
v -0.346417 1.419280 0.058928
v -0.480738 0.930707 -0.081235
v -0.474655 0.611702 -0.351937
v -0.465094 0.701780 0.212953
v -0.597830 0.663779 -0.155456
v -0.106880 1.520147 -0.079792
v -0.206248 0.426785 0.308569
v -0.258336 0.406455 -0.296935
v -0.149497 1.447654 0.209384
v -0.183547 1.001558 -0.374078
v -0.167101 1.598717 0.097809
v -0.094989 0.309475 -0.018086
v -0.233161 0.689935 -0.408592
v -0.615849 0.018394 -0.034284
v -0.525243 0.044548 -0.165319
v -0.273706 0.008328 0.161130
v -0.523046 0.018954 0.139140
v -0.277250 0.032047 -0.153903
v -0.206250 0.007135 -0.001654
v -0.555331 0.137828 -0.169868
v -0.242991 0.114424 -0.176073
v -0.138446 0.091027 -0.003655
v -0.238888 0.082519 0.199646
v -0.552011 0.106309 0.189186
v -0.683493 0.115408 -0.008337
v -0.152060 0.224430 0.174087
v -0.648180 0.245394 -0.015699
v -0.379723 0.298421 0.307318
v -0.163072 0.221681 -0.065448
v -0.636153 0.319804 0.174897
v -0.403700 0.223693 -0.129864
v -0.323671 1.210262 -0.172137
v -0.340455 1.155546 0.211397
v -0.401350 1.183945 0.019806
v -0.140825 1.246490 -0.252160
v 0.000000 1.583231 0.224726
v 0.000000 0.307532 0.177004
v 0.000000 1.639731 0.002655
v 0.000000 0.341294 -0.194889
v 0.000000 1.123778 -0.355050
v 0.000000 0.476978 0.356637
v 0.000000 0.555308 -0.411650
v 0.000000 0.863606 -0.433474
v 0.000000 1.416368 -0.195953
v 0.000000 0.429514 -0.332105
v 0.000000 1.565068 -0.096860
v 0.000000 0.380768 0.328350
v 0.000000 1.488362 0.254117
v 0.000000 1.002398 -0.406034
v 0.000000 1.644447 0.107912
v 0.000000 0.287572 -0.036910
v 0.000000 0.711038 -0.437936
v 0.000000 1.252814 -0.282387
v -0.067466 1.276764 0.313418
v -0.137461 1.266567 0.287061
v -0.059185 1.416638 0.270892
v 0.000000 1.281007 0.328497
v -0.080573 1.136982 0.331096
v -0.093147 0.847435 0.359247
v -0.193327 0.842103 0.329881
v -0.091550 0.951701 0.348940
v 0.000000 0.848853 0.372273
v -0.091715 0.726276 0.369461
v -0.080762 0.548504 0.358499
v -0.175999 0.573528 0.337248
v 0.000000 0.539822 0.370734
v -0.216532 1.251011 0.254973
v -0.196572 1.353524 0.219528
v -0.254889 1.134238 0.278460
v -0.323127 0.830199 0.284259
v -0.303191 0.920155 0.279080
v -0.324138 0.741583 0.295148
v -0.088087 1.037815 0.341970
v -0.177447 1.032775 0.319286
v 0.000000 1.038991 0.353914
v -0.283309 1.021364 0.281525
v -0.282109 0.640686 0.311315
v -0.123695 1.391307 0.245539
v 0.000000 1.427586 0.285580
v -0.186634 0.940482 0.321029
v 0.000000 0.955906 0.361479
v 0.000000 1.135489 0.344127
v 0.000000 0.722984 0.382257
v -0.191833 0.733519 0.342273
v -0.161911 1.137976 0.307457
v 1.028340 3.513049 -0.508107
v 0.953327 3.573507 -0.208936
v 0.961087 3.251657 -0.364623
v 0.670109 3.446679 -0.369070
v 1.244305 3.378484 -0.204490
v 1.194248 3.149190 0.091234
v 0.487997 3.267832 -0.105472
v 0.847788 3.027395 -0.138435
v 0.834456 3.389628 0.124197
v 0.634004 2.869561 0.230658
v 0.638989 2.699569 -0.104742
v 0.415445 2.848597 0.022465
v 0.864493 2.710659 0.112655
v 0.563603 2.535393 -0.071347
v 0.722624 2.490305 0.126395
v 0.555913 2.642296 0.302635
v 0.401343 2.662269 0.063118
v 1.012570 3.376673 -0.505178
v 1.184340 3.467866 -0.404084
v 1.008543 3.599190 -0.400373
v 0.836773 3.507998 -0.501466
v 1.169358 3.507674 -0.167315
v 0.470306 2.896249 0.157902
v 0.744531 3.317433 -0.407515
v 0.816039 2.657896 -0.019103
v 1.098534 3.302176 0.163072
v 0.739236 3.558876 -0.289480
v 0.578845 3.119484 -0.181432
v 1.175703 3.266342 -0.282809
v 1.237764 3.265420 -0.006868
v 0.547475 3.357240 -0.205533
v 0.898092 3.135923 -0.203392
v 0.887147 3.486738 -0.009009
v 0.573711 3.386521 0.019664
v 1.113399 3.025865 -0.029780
v 0.800685 2.797906 0.221865
v 0.472846 2.766460 -0.090426
v 0.761370 3.208470 0.200735
v 0.775345 2.890508 -0.119301
v 0.455909 3.118327 -0.039326
v 1.080807 2.980651 0.120761
v 0.691903 2.477356 0.014697
v 0.675518 2.561486 0.273252
v 0.446157 2.606686 -0.035046
v 0.439343 2.690102 0.228079
v 0.857329 3.399670 -0.490537
v 1.139636 3.366704 -0.410118
v 1.135888 3.537098 -0.329506
v 0.854048 3.570114 -0.408796
v 1.146629 3.408976 0.039936
v 0.630401 3.476795 -0.106550
v 0.637121 3.214731 -0.254850
v 1.156327 3.144819 -0.103339
v 0.532551 3.216767 0.103153
v 1.011706 2.875039 -0.016809
v 0.993683 3.120683 0.218309
v 0.535491 2.985468 -0.141784
v 0.611484 2.826851 0.258158
v 0.618110 2.646687 -0.130078
v 0.368057 2.811924 0.020657
v 0.868482 2.651741 0.116626
v 0.429099 2.860417 0.176819
v 0.814595 2.597750 -0.035479
v 0.797262 2.745777 0.244739
v 0.432122 2.723385 -0.111512
v -1.028340 3.513049 -0.508107
v -0.953327 3.573507 -0.208937
v -0.961087 3.251657 -0.364623
v -0.670109 3.446679 -0.369070
v -1.244305 3.378484 -0.204490
v -1.194248 3.149190 0.091234
v -0.487997 3.267832 -0.105472
v -0.847788 3.027395 -0.138435
v -0.834456 3.389627 0.124197
v -0.634004 2.869561 0.230658
v -0.638989 2.699569 -0.104742
v -0.415445 2.848597 0.022465
v -0.864493 2.710659 0.112655
v -0.563603 2.535392 -0.071347
v -0.722624 2.490305 0.126395
v -0.555913 2.642296 0.302635
v -0.401343 2.662269 0.063118
v -1.012571 3.376673 -0.505178
v -1.184340 3.467866 -0.404084
v -1.008543 3.599191 -0.400373
v -0.836773 3.507998 -0.501466
v -1.169358 3.507674 -0.167315
v -0.470306 2.896249 0.157902
v -0.744531 3.317433 -0.407515
v -0.816039 2.657896 -0.019103
v -1.098534 3.302176 0.163072
v -0.739236 3.558876 -0.289480
v -0.578845 3.119483 -0.181432
v -1.175703 3.266343 -0.282809
v -1.237765 3.265420 -0.006868
v -0.547475 3.357240 -0.205533
v -0.898093 3.135922 -0.203392
v -0.887147 3.486738 -0.009009
v -0.573711 3.386520 0.019665
v -1.113399 3.025865 -0.029780
v -0.800685 2.797906 0.221865
v -0.472846 2.766460 -0.090426
v -0.761370 3.208470 0.200735
v -0.775345 2.890508 -0.119301
v -0.455909 3.118327 -0.039326
v -1.080807 2.980651 0.120761
v -0.691904 2.477356 0.014697
v -0.675518 2.561486 0.273252
v -0.446157 2.606686 -0.035046
v -0.439343 2.690102 0.228079
v -0.857329 3.399670 -0.490537
v -1.139636 3.366704 -0.410118
v -1.135888 3.537099 -0.329506
v -0.854048 3.570114 -0.408796
v -1.146629 3.408976 0.039936
v -0.630401 3.476795 -0.106550
v -0.637121 3.214731 -0.254850
v -1.156327 3.144819 -0.103339
v -0.532551 3.216767 0.103153
v -1.011706 2.875038 -0.016809
v -0.993683 3.120683 0.218309
v -0.535491 2.985468 -0.141784
v -0.611484 2.826851 0.258158
v -0.618110 2.646687 -0.130078
v -0.368057 2.811923 0.020657
v -0.868482 2.651740 0.116626
v -0.429099 2.860416 0.176819
v -0.814595 2.597750 -0.035479
v -0.797262 2.745776 0.244739
v -0.432122 2.723384 -0.111512
v -0.562140 2.957363 0.512540
v -0.440383 2.917030 0.508827
v -0.438456 2.924207 0.489972
v -0.434311 2.939901 0.477537
v -0.428829 2.960771 0.474171
v -0.423606 2.980748 0.481283
v -0.420140 2.994095 0.496381
v -0.419169 2.997972 0.516250
v -0.421096 2.990794 0.535105
v -0.425241 2.975101 0.547539
v -0.430723 2.954231 0.550906
v -0.435946 2.934253 0.543793
v -0.439412 2.920906 0.528696
v -0.390855 2.843462 0.506194
v -0.382028 2.854826 0.469170
v -0.361460 2.878926 0.444630
v -0.333528 2.910632 0.437798
v -0.306337 2.940712 0.451507
v -0.287715 2.960541 0.480936
v -0.281624 2.965897 0.519821
v -0.290451 2.954533 0.556845
v -0.311019 2.930434 0.581384
v -0.338950 2.898727 0.588217
v -0.366142 2.868647 0.574507
v -0.384764 2.848819 0.545079
v -0.360656 2.744321 0.501552
v -0.350211 2.762889 0.449783
v -0.315727 2.789820 0.414068
v -0.264543 2.819381 0.402009
v -0.211370 2.842770 0.418277
v -0.171660 2.853486 0.456984
v -0.153864 2.849246 0.509892
v -0.164309 2.830678 0.561662
v -0.198793 2.803747 0.597376
v -0.249977 2.774186 0.609436
v -0.303150 2.750797 0.593168
v -0.342861 2.740082 0.554460
v -0.360228 2.630093 0.454106
v -0.347398 2.655839 0.387838
v -0.300118 2.682940 0.339441
v -0.228450 2.705626 0.319215
v -0.152949 2.716863 0.334492
v -0.095598 2.713881 0.379370
v -0.068602 2.697315 0.444298
v -0.081432 2.671569 0.510565
v -0.128713 2.644469 0.558962
v -0.200380 2.621782 0.579189
v -0.275881 2.610545 0.563912
v -0.333233 2.613527 0.519034
v -0.329576 2.535176 0.426795
v -0.317862 2.554492 0.368097
v -0.275858 2.573292 0.324409
v -0.212504 2.587576 0.305027
v -0.145979 2.592836 0.316862
v -0.095642 2.587931 0.355185
v -0.072209 2.573904 0.411841
v -0.083922 2.554587 0.470539
v -0.125926 2.535787 0.514228
v -0.189280 2.521503 0.533609
v -0.255806 2.516243 0.521775
v -0.306142 2.521148 0.483451
v -0.241746 3.323402 0.332791
v -0.210758 3.126856 0.346969
v -0.190877 3.131833 0.311948
v -0.158917 3.147425 0.291665
v -0.121681 3.170313 0.290437
v -0.090172 3.193912 0.309466
v -0.073256 3.211370 0.342405
v -0.074533 3.218973 0.382243
v -0.094415 3.213996 0.417263
v -0.126374 3.198405 0.437546
v -0.163610 3.175517 0.438775
v -0.195120 3.151918 0.419745
v -0.212036 3.134459 0.386807
v -0.193578 2.943351 0.359537
v -0.151977 2.948406 0.291388
v -0.083888 2.969090 0.253297
v -0.003802 3.001003 0.253371
v 0.064647 3.035005 0.293256
v 0.102160 3.061184 0.359757
v 0.100755 3.073967 0.438720
v 0.059155 3.068912 0.506869
v -0.008935 3.048227 0.544960
v -0.089021 3.016315 0.544886
v -0.157469 2.982312 0.505001
v -0.194983 2.956133 0.438500
v -0.204419 2.795178 0.367989
v -0.150532 2.798123 0.281476
v -0.059285 2.806451 0.234705
v 0.049903 2.818388 0.237632
v 0.144876 2.830492 0.291544
v 0.198779 2.839257 0.378725
v 0.200141 2.842818 0.480619
v 0.146254 2.839872 0.567133
v 0.055007 2.831544 0.613903
v -0.054181 2.819607 0.610977
v -0.149154 2.807503 0.557065
v -0.203057 2.798738 0.469884
v -0.249361 2.640572 0.351580
v -0.183566 2.660352 0.248439
v -0.072853 2.660350 0.190340
v 0.059215 2.640566 0.189649
v 0.173731 2.606102 0.249082
v 0.238330 2.567538 0.348945
v 0.239264 2.533077 0.467982
v 0.173469 2.513296 0.571123
v 0.062756 2.513299 0.629222
v -0.069312 2.533083 0.629913
v -0.183828 2.567546 0.570480
v -0.248427 2.606112 0.470617
v 0.516952 3.094163 0.376105
v 0.528943 2.955524 0.378677
v 0.531580 2.959679 0.398337
v 0.524480 2.968079 0.415574
v 0.509156 2.978937 0.426720
v 0.489870 2.989085 0.428145
v 0.472363 2.995619 0.419846
v 0.460360 2.997149 0.403587
v 0.457724 2.992995 0.383926
v 0.464823 2.984594 0.366689
v 0.480147 2.973736 0.355543
v 0.499433 2.963588 0.354118
v 0.516940 2.957054 0.362418
v 0.481793 2.847559 0.406995
v 0.486359 2.854832 0.445778
v 0.474970 2.874943 0.478517
v 0.450050 2.903613 0.498244
v 0.418526 2.932567 0.498440
v 0.389786 2.953424 0.479867
v 0.369946 2.961746 0.446476
v 0.365380 2.954473 0.407693
v 0.376770 2.934362 0.374955
v 0.401689 2.905692 0.355227
v 0.433213 2.876738 0.355031
v 0.461954 2.855881 0.373604
v 0.424038 2.733202 0.409263
v 0.421038 2.732009 0.465151
v 0.395093 2.748355 0.512582
v 0.351727 2.778760 0.541460
v 0.303260 2.814668 0.542264
v 0.263914 2.845469 0.515936
v 0.242063 2.864607 0.468079
v 0.245064 2.865800 0.412191
v 0.271008 2.849454 0.364761
v 0.314374 2.819049 0.335882
v 0.362842 2.783141 0.335079
v 0.402188 2.752341 0.361407
v 0.394877 2.626776 0.377487
v 0.389442 2.622511 0.449398
v 0.350266 2.633674 0.509836
v 0.285690 2.657889 0.545940
v 0.214081 2.688423 0.545754
v 0.156434 2.716184 0.510852
v 0.125016 2.735265 0.448661
v 0.130451 2.739531 0.376751
v 0.169626 2.728368 0.316313
v 0.234203 2.704152 0.280209
v 0.305811 2.673619 0.280395
v 0.363459 2.645858 0.315297
v 0.349548 2.563372 0.387208
v 0.346483 2.564745 0.445151
v 0.313930 2.569734 0.493568
v 0.258816 2.577276 0.522156
v 0.196782 2.585209 0.521423
v 0.146047 2.591223 0.492809
v 0.117411 2.594038 0.442403
v 0.120476 2.592665 0.384460
v 0.153029 2.587676 0.336043
v 0.208143 2.580134 0.307455
v 0.270177 2.572201 0.308188
v 0.320911 2.566187 0.336802
v -0.574764 1.401596 0.243539
v 0.559056 2.699355 0.194447
v 0.202939 2.689991 0.642875
v 0.548184 2.651123 0.527452
v 0.803750 2.478877 0.193716
v 0.854661 2.144274 -0.167091
v 0.759497 2.443174 -0.125293
v 0.199137 2.787324 0.194680
v 0.918260 1.847152 0.193883
v 0.773737 1.593221 -0.080647
v 0.860534 1.833871 -0.153303
v 0.911986 2.158648 0.184846
v 0.763230 1.853704 0.634281
v -0.517815 1.497830 0.617027
v -0.758024 2.151433 0.627621
v 0.758024 2.151433 0.627621
v 0.637688 2.133589 -0.400234
v 0.238847 2.132370 -0.559282
v 0.213294 2.465848 -0.436179
v 0.571076 2.436045 -0.311595
v 0.581772 1.549709 -0.251494
v 0.217598 1.479839 -0.360678
v 0.240412 1.777932 -0.532969
v 0.641993 1.807037 -0.379643
v -0.679988 2.416445 0.576327
v 0.679988 2.416445 0.576327
v 0.199785 1.419039 0.728845
v -0.194579 2.552230 0.797068
v 0.205418 1.282589 0.248639
v 0.562497 1.435549 0.534168
v 0.208853 1.335672 0.613616
v 0.819451 1.596268 0.223712
v 0.559721 1.421147 -0.069893
v 0.207786 1.314078 -0.121673
v 0.777466 1.603690 0.504561
v 0.864641 1.846573 0.528695
v 0.858736 2.161029 0.522364
v 0.763162 2.462245 0.491540
v 0.545482 2.628970 -0.147782
v 0.201914 2.697890 -0.216932
v -0.548184 2.651123 0.527452
v -0.202939 2.689991 0.642875
v -0.559056 2.699355 0.194447
v -0.803750 2.478877 0.193716
v -0.199137 2.787325 0.194680
v -0.759497 2.443174 -0.125293
v -0.854661 2.144274 -0.167091
v -0.918260 1.847152 0.193883
v -0.911986 2.158648 0.184846
v -0.860534 1.833871 -0.153303
v -0.773737 1.593221 -0.080647
v 0.194579 2.552230 0.797068
v 0.517815 1.497830 0.617027
v -0.692136 1.633023 0.586052
v -0.505667 2.563343 0.623056
v -0.637688 2.133589 -0.400234
v -0.571076 2.436045 -0.311595
v -0.213294 2.465848 -0.436179
v -0.238847 2.132370 -0.559282
v -0.581772 1.549708 -0.251494
v -0.641993 1.807037 -0.379643
v -0.240412 1.777932 -0.532969
v -0.217598 1.479839 -0.360678
v 0.505667 2.563343 0.623056
v -0.763230 1.853703 0.634281
v 0.692136 1.633023 0.586052
v -0.199785 1.419038 0.728845
v -0.205418 1.282589 0.248639
v -0.819451 1.596268 0.223712
v -0.208853 1.335672 0.613616
v -0.562497 1.435549 0.534168
v -0.559721 1.421147 -0.069893
v -0.207786 1.314078 -0.121673
v -0.777466 1.603690 0.504561
v -0.864641 1.846573 0.528695
v -0.858736 2.161029 0.522364
v -0.763162 2.462245 0.491540
v -0.545482 2.628970 -0.147782
v -0.201914 2.697890 -0.216932
v 0.205152 1.543306 0.818937
v 0.548497 1.599925 0.674230
v 0.594961 1.843560 0.753254
v 0.216350 1.824048 0.936072
v 0.214874 2.157228 0.939719
v 0.590903 2.152708 0.750775
v 0.538412 2.437624 0.674896
v 0.201094 2.438623 0.856576
v -0.205152 1.543306 0.818937
v -0.216350 1.824048 0.936072
v -0.594961 1.843560 0.753254
v -0.548497 1.599925 0.674230
v -0.214874 2.157228 0.939719
v -0.201094 2.438623 0.856576
v -0.538412 2.437624 0.674896
v -0.590903 2.152708 0.750775
v -0.206780 1.396997 0.732816
v 0.716370 1.618479 0.585300
v -0.789953 1.846887 0.635322
v 0.523372 2.581366 0.624240
v -0.523372 2.581366 0.624240
v -0.716370 1.618479 0.585300
v 0.535946 1.478552 0.617359
v 0.201392 2.569876 0.804195
v -0.201392 2.569876 0.804195
v 0.206780 1.396997 0.732816
v 0.703796 2.429326 0.575884
v -0.703796 2.429326 0.575884
v 0.784564 2.155048 0.628824
v -0.784564 2.155048 0.628824
v -0.535946 1.478552 0.617359
v 0.789953 1.846887 0.635322
v 0.574764 1.401596 0.243539
v 0.200121 2.767582 0.450878
v 0.390720 2.690124 0.583043
v 0.556445 2.691127 0.398708
v 0.897481 2.152230 -0.021633
v 0.819468 2.303513 -0.146208
v 0.792526 2.466742 0.003734
v 0.807860 1.593512 0.043689
v 0.830369 1.703020 -0.117812
v 0.903652 1.841596 -0.010197
v 0.457980 2.132303 -0.499094
v 0.223949 2.306583 -0.514922
v 0.409386 2.454574 -0.386617
v 0.607205 2.295332 -0.365557
v 0.417441 1.510014 -0.315967
v 0.226982 1.617034 -0.463156
v 0.461013 1.790749 -0.474835
v 0.615260 1.665558 -0.324793
v 0.571812 1.413072 0.423373
v 0.401690 1.376177 0.577433
v 0.206319 1.300324 0.464942
v 0.570889 1.403496 0.058004
v 0.400464 1.329918 0.246888
v 0.205968 1.285997 0.031003
v 0.399662 1.357979 -0.096461
v 0.809117 1.600117 0.397858
v 0.884532 1.714398 0.208415
v 0.905032 1.849243 0.394869
v 0.834348 1.714078 0.519193
v 0.898847 2.162068 0.387721
v 0.872765 2.324421 0.189620
v 0.793763 2.477928 0.378401
v 0.823391 2.321787 0.508024
v 0.388763 2.674162 -0.186779
v 0.199797 2.760375 -0.052372
v 0.388685 2.757188 0.192992
v 0.555555 2.677930 -0.012121
v -0.556445 2.691126 0.398708
v -0.390720 2.690124 0.583043
v -0.200121 2.767582 0.450878
v -0.792526 2.466742 0.003734
v -0.819468 2.303513 -0.146208
v -0.897481 2.152230 -0.021633
v -0.903652 1.841596 -0.010197
v -0.830369 1.703020 -0.117812
v -0.807860 1.593512 0.043689
v 0.796379 1.995196 0.639909
v -0.728402 2.297697 0.605651
v 0.753905 2.306428 0.606130
v 0.000000 2.453961 0.881041
v -0.607205 2.295332 -0.365557
v -0.409386 2.454574 -0.386617
v -0.223949 2.306583 -0.514922
v -0.457980 2.132303 -0.499094
v -0.615260 1.665558 -0.324793
v -0.461013 1.790749 -0.474835
v -0.226982 1.617034 -0.463156
v -0.417441 1.510014 -0.315967
v 0.392462 1.431136 0.681053
v -0.620518 1.557739 0.575499
v -0.382582 2.600186 0.710416
v -0.607503 2.505665 0.571509
v -0.206319 1.300324 0.464942
v -0.401690 1.376177 0.577433
v -0.571812 1.413072 0.423373
v -0.399662 1.357979 -0.096461
v -0.205968 1.285997 0.031003
v -0.400464 1.329918 0.246888
v -0.570889 1.403496 0.058004
v -0.834348 1.714078 0.519193
v -0.905032 1.849243 0.394869
v -0.884532 1.714398 0.208415
v -0.809117 1.600117 0.397858
v -0.823391 2.321786 0.508024
v -0.793763 2.477928 0.378401
v -0.872765 2.324421 0.189620
v -0.898847 2.162068 0.387721
v -0.555555 2.677930 -0.012121
v -0.388685 2.757188 0.192992
v -0.199797 2.760375 -0.052372
v -0.388763 2.674162 -0.186779
v 0.549611 1.460289 0.593103
v 0.210010 1.373080 0.700846
v 0.628773 2.521663 0.570963
v 0.369640 2.581518 0.706423
v 0.000000 1.320136 0.629938
v 0.211465 1.375727 -0.241521
v 0.557827 1.466050 -0.164832
v 0.871665 1.996962 0.530581
v 0.727866 2.442491 0.551308
v 0.813395 2.157899 0.599244
v 0.688636 1.511988 0.503364
v 0.536438 2.605738 0.597142
v 0.204419 2.606705 0.763153
v 0.000000 1.467132 -0.378093
v 0.000000 1.772391 -0.552773
v 0.000000 2.680141 0.673851
v 0.206181 2.599752 -0.333400
v 0.545201 2.549375 -0.238839
v 0.247747 1.952916 -0.566288
v 0.652595 1.965822 -0.407604
v 0.703051 1.582814 -0.171605
v 0.777212 1.822757 -0.266198
v 0.673082 2.574620 0.491739
v 0.771929 2.137241 -0.282850
v 0.690425 2.426749 -0.221143
v -0.796379 1.995196 0.639909
v -0.737947 1.729679 0.616407
v 0.000000 2.132741 -0.579708
v 0.000000 2.469670 -0.454595
v 0.818983 1.844127 0.605475
v 0.741037 1.609104 0.561236
v 0.642245 1.540561 0.574514
v 0.737947 1.729679 0.616407
v 0.000000 1.296944 -0.133940
v 0.000000 1.265012 0.249116
v 0.867531 1.982159 -0.174077
v 0.925717 1.995058 0.184550
v 0.685300 1.500566 -0.058958
v 0.717900 1.492190 0.236509
v 0.000000 2.704387 -0.229797
v 0.000000 2.795468 0.196309
v 0.669813 2.554558 -0.120450
v 0.700620 2.608394 0.195777
v -0.549611 1.460289 0.593103
v -0.210010 1.373080 0.700846
v -0.211465 1.375727 -0.241521
v -0.557827 1.466050 -0.164832
v -0.871665 1.996962 0.530581
v -0.727866 2.442491 0.551308
v -0.813395 2.157899 0.599244
v -0.688636 1.511988 0.503364
v -0.536438 2.605738 0.597142
v -0.204419 2.606705 0.763154
v -0.206181 2.599752 -0.333400
v -0.545201 2.549375 -0.238839
v -0.247747 1.952916 -0.566288
v -0.652595 1.965822 -0.407604
v -0.703051 1.582814 -0.171605
v -0.777212 1.822757 -0.266198
v -0.673082 2.574620 0.491739
v -0.771929 2.137241 -0.282850
v -0.690425 2.426749 -0.221143
v -0.392462 1.431136 0.681053
v 0.000000 1.405754 0.750969
v -0.818983 1.844127 0.605475
v -0.741037 1.609104 0.561236
v -0.867531 1.982159 -0.174077
v -0.925717 1.995058 0.184549
v -0.685300 1.500566 -0.058958
v -0.717900 1.492190 0.236509
v -0.669813 2.554559 -0.120450
v -0.700620 2.608394 0.195777
v 0.393565 1.567626 0.757998
v 0.577491 1.709754 0.726211
v 0.419177 1.832884 0.862157
v 0.211422 1.673189 0.897422
v 0.416318 2.154926 0.863155
v 0.569897 2.305614 0.723278
v 0.385970 2.449968 0.772868
v 0.208562 2.313493 0.911391
v -0.211422 1.673189 0.897422
v -0.419177 1.832885 0.862157
v -0.577491 1.709754 0.726211
v -0.393565 1.567626 0.757998
v -0.208562 2.313493 0.911391
v -0.385970 2.449969 0.772868
v -0.569897 2.305614 0.723278
v -0.416318 2.154926 0.863155
v 0.000000 2.427028 0.894864
v 0.000000 2.158399 0.969048
v 0.599801 1.993745 0.759921
v 0.218109 1.988016 0.946350
v 0.000000 1.820091 0.964283
v 0.000000 1.533140 0.843699
v -0.599801 1.993745 0.759921
v -0.218109 1.988016 0.946350
v 0.769438 1.996990 0.638433
v -0.753905 2.306428 0.606130
v 0.728402 2.297697 0.605651
v 0.000000 2.473927 0.887725
v 0.379185 1.452021 0.678766
v -0.642245 1.540561 0.574514
v -0.369640 2.581518 0.706423
v -0.628773 2.521663 0.570963
v 0.607503 2.505665 0.571509
v 0.382582 2.600186 0.710416
v -0.769438 1.996990 0.638433
v -0.763784 1.718517 0.616605
v 0.620518 1.557739 0.575499
v 0.763784 1.718517 0.616605
v -0.379185 1.452021 0.678766
v 0.000000 1.383247 0.755714
v 0.389263 2.744667 0.423738
v 0.859271 2.316165 -0.007682
v 0.870817 1.709566 0.016602
v 0.431738 2.301480 -0.458004
v 0.437543 1.638398 -0.410017
v 0.400852 1.345270 0.445778
v 0.400182 1.333146 0.044796
v 0.872161 1.716306 0.396365
v 0.860591 2.326791 0.382565
v 0.388635 2.732187 -0.035185
v -0.389263 2.744667 0.423738
v -0.859271 2.316166 -0.007682
v -0.870817 1.709566 0.016602
v -0.431738 2.301480 -0.458004
v -0.437543 1.638398 -0.410017
v -0.400852 1.345270 0.445778
v -0.400182 1.333147 0.044796
v -0.872161 1.716306 0.396365
v -0.860591 2.326791 0.382565
v -0.388635 2.732187 -0.035185
v 0.399915 1.409260 0.652356
v 0.000000 1.283566 0.473714
v 0.403788 1.413806 -0.206757
v 0.912378 1.998104 0.392333
v 0.781162 2.313601 0.578409
v 0.710726 1.499448 0.404982
v 0.389633 2.629862 0.676678
v 0.000000 1.607802 -0.481704
v 0.000000 2.771382 0.464975
v 0.394027 2.581997 -0.293390
v 0.472833 1.958306 -0.506000
v 0.749685 1.689954 -0.222414
v 0.693876 2.603399 0.381644
v 0.739924 2.294043 -0.255614
v 0.000000 2.308874 -0.534498
v 0.791440 1.713040 0.588679
v 0.000000 1.268223 0.023960
v 0.910996 1.989263 -0.026383
v 0.709608 1.491975 0.060883
v 0.000000 2.767951 -0.059497
v 0.692777 2.591487 0.004844
v -0.399915 1.409260 0.652356
v -0.403788 1.413806 -0.206757
v -0.912378 1.998104 0.392333
v -0.781162 2.313601 0.578409
v -0.710726 1.499448 0.404982
v -0.389633 2.629862 0.676678
v -0.394027 2.581997 -0.293390
v -0.472833 1.958306 -0.506000
v -0.749685 1.689954 -0.222414
v -0.693876 2.603399 0.381644
v -0.739924 2.294043 -0.255614
v -0.791440 1.713040 0.588679
v -0.910996 1.989263 -0.026383
v -0.709608 1.491975 0.060883
v -0.692777 2.591487 0.004844
v 0.652165 1.514849 -0.131061
v 0.662264 1.526721 0.552820
v 0.825643 1.994902 0.609653
v 0.648095 2.541044 0.547650
v 0.638411 2.512727 -0.193007
v 0.784879 1.974196 -0.290496
v 0.000000 1.360230 -0.257113
v 0.000000 1.358704 0.722401
v -0.652165 1.514849 -0.131061
v -0.662264 1.526721 0.552820
v -0.825643 1.994902 0.609653
v -0.648095 2.541044 0.547650
v 0.000000 2.583306 0.808126
v 0.000000 1.950753 -0.586905
v 0.000000 2.604913 -0.349770
v -0.638411 2.512727 -0.193007
v -0.784879 1.974196 -0.290496
v 0.408650 1.689437 0.827588
v 0.422587 1.990528 0.870934
v 0.000000 1.666083 0.924453
v 0.403177 2.312575 0.832554
v 0.000000 2.312441 0.943200
v -0.408650 1.689437 0.827588
v -0.422587 1.990528 0.870934
v -0.403177 2.312575 0.832554
v 0.000000 1.986937 0.975159
v -0.553414 2.136685 0.863364
v -0.556868 2.053631 0.862254
v -0.510624 2.134870 0.877463
v -0.543736 2.218767 0.852188
v -0.589980 2.137527 0.836980
v -0.590413 2.060132 0.837286
v -0.516557 2.057658 0.874962
v -0.504334 2.211350 0.865594
v -0.577038 2.216643 0.821930
v -0.490656 2.370243 0.758762
v -0.452084 2.352465 0.779894
v -0.522198 2.357509 0.743946
v -0.510249 2.357329 0.796137
v -0.473080 2.340387 0.813284
v -0.538627 2.345171 0.780389
v -0.523553 1.888775 0.785124
v -0.562126 1.906553 0.763993
v -0.482770 1.903348 0.804484
v -0.540935 1.908212 0.820728
v -0.575541 1.924702 0.798523
v -0.501685 1.921719 0.836208
v -0.407713 2.125495 0.822658
v -0.420958 2.029661 0.824512
v -0.407825 2.221868 0.813988
v -0.432879 2.129026 0.855740
v -0.443994 2.039611 0.854901
v -0.431772 2.218496 0.845106
v -0.606496 2.133523 0.721228
v -0.594109 2.223151 0.719494
v -0.606384 2.037150 0.729898
v -0.618305 2.136515 0.761126
v -0.605512 2.219717 0.757180
v -0.616849 2.046592 0.766701
v -0.612102 2.065529 0.804041
v -0.613789 2.137184 0.801758
v -0.598883 2.213221 0.794688
v -0.515716 1.992218 0.860307
v -0.553057 1.983304 0.848114
v -0.584072 1.994507 0.825436
v -0.458952 2.206109 0.860858
v -0.455589 2.131100 0.868174
v -0.470436 2.056965 0.869740
v -0.552667 2.279104 0.814027
v -0.528969 2.286190 0.829652
v -0.493286 2.274258 0.843115
v -0.581611 2.300762 0.759199
v -0.569866 2.310287 0.724548
v -0.422285 2.302839 0.799426
v -0.444048 2.293718 0.828966
v -0.466477 1.965444 0.846940
v -0.446373 1.950301 0.818728
v -0.591924 1.956180 0.744460
v -0.602011 1.970918 0.777784
v -0.582695 2.268345 0.792323
v -0.601104 2.015672 0.802857
v -0.466797 2.251615 0.847026
v -0.485868 2.011813 0.861643
v 0.553414 2.136685 0.863364
v 0.556868 2.053631 0.862254
v 0.510624 2.134870 0.877463
v 0.543736 2.218767 0.852188
v 0.589980 2.137527 0.836980
v 0.590413 2.060132 0.837286
v 0.516557 2.057658 0.874962
v 0.504334 2.211350 0.865594
v 0.577038 2.216643 0.821930
v 0.490656 2.370243 0.758762
v 0.452084 2.352465 0.779894
v 0.522198 2.357509 0.743946
v 0.510249 2.357329 0.796137
v 0.473080 2.340387 0.813284
v 0.538627 2.345171 0.780389
v 0.523553 1.888775 0.785124
v 0.562126 1.906553 0.763993
v 0.482770 1.903348 0.804484
v 0.540935 1.908212 0.820728
v 0.575541 1.924702 0.798523
v 0.501685 1.921719 0.836208
v 0.407713 2.125495 0.822658
v 0.420958 2.029661 0.824512
v 0.407825 2.221868 0.813988
v 0.432879 2.129026 0.855740
v 0.443994 2.039611 0.854901
v 0.431772 2.218496 0.845106
v 0.606496 2.133523 0.721228
v 0.594109 2.223151 0.719494
v 0.606384 2.037150 0.729898
v 0.618305 2.136515 0.761126
v 0.605512 2.219717 0.757180
v 0.616849 2.046592 0.766701
v 0.612102 2.065529 0.804041
v 0.613789 2.137184 0.801758
v 0.598883 2.213221 0.794688
v 0.515716 1.992218 0.860307
v 0.553057 1.983304 0.848114
v 0.584072 1.994507 0.825436
v 0.458952 2.206109 0.860858
v 0.455589 2.131100 0.868174
v 0.470436 2.056965 0.869740
v 0.552667 2.279104 0.814027
v 0.528969 2.286190 0.829652
v 0.493286 2.274258 0.843115
v 0.581611 2.300762 0.759199
v 0.569866 2.310287 0.724548
v 0.422285 2.302839 0.799426
v 0.444048 2.293718 0.828966
v 0.466477 1.965444 0.846940
v 0.446373 1.950301 0.818728
v 0.591924 1.956180 0.744460
v 0.602011 1.970918 0.777784
v 0.582695 2.268345 0.792323
v 0.601104 2.015672 0.802857
v 0.466797 2.251615 0.847026
v 0.485868 2.011813 0.861643
vn -0.2772 0.0127 -0.9607
vn -0.0462 0.1858 -0.9815
vn 0.1666 0.1890 -0.9677
vn -0.0490 0.0572 -0.9972
vn -0.5238 -0.8427 -0.1247
vn -0.8726 -0.4712 -0.1284
vn -0.8857 -0.4549 0.0924
vn -0.5071 -0.8494 0.1465
vn -0.3958 -0.2028 -0.8956
vn -0.6028 -0.2638 -0.7530
vn -0.8438 -0.4291 -0.3223
vn -0.9167 -0.3816 -0.1186
vn 0.0106 -0.0612 0.9981
vn -0.0879 -0.0696 0.9937
vn 0.1151 0.1872 0.9756
vn 0.1411 0.1814 0.9732
vn -0.8929 -0.3109 0.3257
vn -0.6824 -0.4482 0.5774
vn -0.3953 0.0140 0.9184
vn -0.1836 0.2018 0.9621
vn 0.4885 0.8686 0.0824
vn 0.6278 0.7675 0.1297
vn 0.6067 0.7744 -0.1794
vn 0.4482 0.8730 -0.1921
vn 0.1481 0.4977 0.8546
vn 0.4133 0.4886 0.7684
vn 0.6197 0.7346 0.2761
vn 0.6577 0.7528 -0.0271
vn 0.3475 0.5565 0.7547
vn 0.6008 0.6802 0.4199
vn 0.4735 0.7999 0.3687
vn 0.6055 0.6091 -0.5123
vn 0.4787 0.6320 -0.6094
vn 0.9509 -0.1185 0.2859
vn 0.9624 -0.1335 0.2366
vn 0.8662 -0.0968 0.4901
vn 0.8570 -0.0989 0.5057
vn 0.9706 -0.2394 -0.0260
vn 0.9672 -0.2494 -0.0475
vn 0.1570 -0.4605 0.8737
vn 0.2004 -0.4369 0.8769
vn -0.0005 -0.5771 0.8167
vn -0.0081 -0.5858 0.8104
vn 0.4477 -0.3113 0.8382
vn 0.4747 -0.2974 0.8284
vn -0.1476 -0.9846 0.0936
vn -0.1508 -0.9813 0.1192
vn -0.0765 -0.9902 -0.1167
vn -0.0769 -0.9903 -0.1162
vn -0.1500 -0.9041 0.4001
vn -0.1497 -0.9028 0.4032
vn 0.5841 -0.6494 -0.4869
vn 0.5587 -0.6721 -0.4860
vn 0.7389 -0.5061 -0.4449
vn 0.7447 -0.5007 -0.4412
vn 0.3336 -0.8405 -0.4270
vn 0.3280 -0.8438 -0.4247
vn 0.6576 0.6251 -0.4205
vn 0.6486 0.7580 0.0689
vn -0.5777 0.1377 0.8045
vn -0.4302 0.2873 0.8558
vn -0.0217 0.5625 0.8265
vn -0.7926 -0.4433 -0.4187
vn -0.8960 -0.4000 -0.1929
vn -0.9286 -0.2512 0.2731
vn 0.3020 0.1863 -0.9349
vn 0.1074 0.0628 -0.9922
vn -0.2920 -0.2053 -0.9341
vn -0.6510 -0.4162 -0.6348
vn -0.7181 -0.4125 -0.5606
vn 0.3943 0.7213 0.5695
vn 0.5062 0.6701 0.5429
vn 0.5611 0.7535 0.3428
vn 0.4773 0.3409 -0.8100
vn 0.3800 0.3412 -0.8597
vn 0.0731 -0.9574 -0.2792
vn 0.0921 -0.9516 -0.2933
vn 0.7100 -0.1660 0.6844
vn 0.7059 -0.1683 0.6880
vn -0.4147 -0.4567 -0.7871
vn -0.8145 -0.4597 -0.3539
vn -0.5262 -0.7620 -0.3774
vn -0.3552 -0.6603 0.6617
vn -0.3230 -0.2866 0.9019
vn -0.1190 -0.3049 0.9449
vn -0.7312 -0.0115 0.6821
vn -0.5828 -0.1847 0.7914
vn 0.8740 -0.3805 -0.3023
vn 0.8794 -0.3750 -0.2933
vn -0.0962 -0.7342 0.6720
vn -0.1013 -0.7476 0.6564
vn 0.1956 0.3800 -0.9041
vn 0.0880 0.4017 -0.9115
vn 0.3147 0.7306 -0.6060
vn -0.0755 0.1475 -0.9862
vn -0.2055 -0.0776 -0.9756
vn -0.0736 -0.9849 -0.1569
vn -0.1141 -0.9034 -0.4134
vn 0.0562 -0.1092 0.9924
vn 0.0426 -0.3755 0.9258
vn 0.2098 0.7581 -0.6175
vn 0.3350 0.9252 -0.1781
vn 0.0990 0.1153 0.9884
vn 0.2416 0.5310 0.8122
vn -0.0335 -0.9906 0.1323
vn 0.0318 0.3663 -0.9300
vn 0.3616 0.8529 0.3766
vn 0.0121 -0.7868 0.6171
vn -0.0579 0.0958 -0.9937
vn -0.1027 -0.1659 -0.9808
vn 0.3744 0.9239 0.0792
vn -0.1334 -0.6019 -0.7874
vn 0.2772 0.0127 -0.9607
vn 0.0490 0.0572 -0.9972
vn -0.1666 0.1890 -0.9677
vn 0.0462 0.1858 -0.9815
vn 0.5238 -0.8427 -0.1247
vn 0.5071 -0.8494 0.1465
vn 0.8857 -0.4549 0.0924
vn 0.8726 -0.4712 -0.1284
vn 0.6028 -0.2638 -0.7530
vn 0.3958 -0.2028 -0.8956
vn 0.9167 -0.3816 -0.1186
vn 0.8438 -0.4291 -0.3223
vn -0.0106 -0.0612 0.9981
vn -0.1411 0.1814 0.9732
vn -0.1151 0.1872 0.9756
vn 0.0879 -0.0696 0.9937
vn 0.6824 -0.4482 0.5774
vn 0.8929 -0.3109 0.3257
vn 0.1836 0.2018 0.9621
vn 0.3953 0.0140 0.9184
vn -0.4885 0.8686 0.0824
vn -0.4482 0.8730 -0.1921
vn -0.6067 0.7744 -0.1794
vn -0.6278 0.7675 0.1297
vn -0.4133 0.4886 0.7684
vn -0.1481 0.4977 0.8546
vn -0.6577 0.7528 -0.0271
vn -0.6197 0.7346 0.2761
vn -0.3475 0.5565 0.7547
vn -0.4735 0.7999 0.3687
vn -0.6008 0.6802 0.4199
vn -0.4787 0.6320 -0.6094
vn -0.6055 0.6091 -0.5123
vn -0.9509 -0.1185 0.2859
vn -0.8570 -0.0989 0.5057
vn -0.8662 -0.0968 0.4901
vn -0.9624 -0.1335 0.2366
vn -0.9672 -0.2494 -0.0475
vn -0.9706 -0.2394 -0.0260
vn -0.1570 -0.4605 0.8737
vn 0.0081 -0.5858 0.8104
vn 0.0005 -0.5771 0.8167
vn -0.2004 -0.4369 0.8769
vn -0.4747 -0.2974 0.8284
vn -0.4477 -0.3113 0.8382
vn 0.1476 -0.9846 0.0936
vn 0.0769 -0.9903 -0.1162
vn 0.0765 -0.9902 -0.1167
vn 0.1508 -0.9813 0.1192
vn 0.1497 -0.9028 0.4032
vn 0.1500 -0.9041 0.4001
vn -0.5841 -0.6494 -0.4869
vn -0.7447 -0.5007 -0.4412
vn -0.7389 -0.5061 -0.4449
vn -0.5587 -0.6721 -0.4860
vn -0.3280 -0.8438 -0.4247
vn -0.3336 -0.8405 -0.4270
vn -0.6576 0.6251 -0.4205
vn -0.6486 0.7580 0.0689
vn 0.4302 0.2873 0.8558
vn 0.5777 0.1377 0.8045
vn 0.0217 0.5625 0.8265
vn 0.8960 -0.4000 -0.1929
vn 0.7926 -0.4433 -0.4187
vn 0.9286 -0.2512 0.2731
vn -0.1074 0.0628 -0.9922
vn -0.3020 0.1863 -0.9349
vn 0.2920 -0.2053 -0.9341
vn 0.7181 -0.4125 -0.5606
vn 0.6510 -0.4162 -0.6348
vn -0.5062 0.6701 0.5429
vn -0.3943 0.7213 0.5695
vn -0.5611 0.7535 0.3428
vn -0.3800 0.3412 -0.8597
vn -0.4773 0.3409 -0.8100
vn -0.0731 -0.9574 -0.2792
vn -0.0921 -0.9516 -0.2933
vn -0.7100 -0.1660 0.6844
vn -0.7059 -0.1683 0.6880
vn 0.4147 -0.4567 -0.7871
vn 0.5262 -0.7620 -0.3774
vn 0.8145 -0.4597 -0.3539
vn 0.3552 -0.6603 0.6617
vn 0.1190 -0.3049 0.9449
vn 0.3230 -0.2866 0.9019
vn 0.5828 -0.1847 0.7914
vn 0.7312 -0.0115 0.6821
vn -0.8740 -0.3805 -0.3023
vn -0.8794 -0.3750 -0.2933
vn 0.0962 -0.7342 0.6720
vn 0.1013 -0.7476 0.6564
vn -0.3147 0.7306 -0.6060
vn -0.0880 0.4017 -0.9115
vn -0.1956 0.3800 -0.9041
vn 0.0755 0.1475 -0.9862
vn 0.2055 -0.0776 -0.9756
vn 0.1141 -0.9034 -0.4134
vn 0.0736 -0.9849 -0.1569
vn -0.0426 -0.3755 0.9258
vn -0.0562 -0.1092 0.9924
vn -0.3350 0.9252 -0.1781
vn -0.2098 0.7581 -0.6175
vn -0.0990 0.1153 0.9884
vn -0.2416 0.5310 0.8122
vn 0.0335 -0.9906 0.1323
vn -0.0318 0.3663 -0.9300
vn -0.3616 0.8529 0.3766
vn -0.0121 -0.7868 0.6171
vn 0.0579 0.0958 -0.9937
vn 0.1027 -0.1659 -0.9808
vn -0.3744 0.9239 0.0792
vn 0.1334 -0.6019 -0.7874
vn 0.4341 0.5176 -0.7373
vn 0.4466 0.5296 -0.7211
vn 0.2971 0.5114 -0.8064
vn 0.3388 0.5254 -0.7805
vn 0.3830 0.6053 -0.6978
vn 0.4302 0.5651 -0.7040
vn 0.5873 0.4448 -0.6762
vn 0.6459 0.4644 -0.6060
vn 0.6788 0.4998 -0.5379
vn 0.8126 0.2371 0.5325
vn 0.8935 0.2577 0.3678
vn 0.9499 0.3123 0.0143
vn 0.9669 0.2540 -0.0254
vn 0.9350 0.3541 -0.0201
vn 0.7355 0.1836 0.6522
vn 0.4759 0.1604 0.8648
vn 0.6103 0.2946 0.7354
vn 0.7181 0.2608 0.6452
vn 0.2960 0.5789 0.7598
vn 0.4332 0.4867 0.7586
vn 0.4916 0.8603 0.1345
vn 0.2942 0.9371 0.1880
vn -0.0000 0.9760 0.2179
vn -0.0000 0.6238 0.7816
vn -0.0000 0.3526 0.9358
vn 0.3287 0.2949 0.8972
vn 0.3912 0.2179 0.8941
vn 0.9102 0.3235 0.2587
vn 0.9239 0.2658 0.2752
vn 0.9407 0.3198 -0.1133
vn 0.9132 0.4004 -0.0759
vn 0.9315 0.3628 -0.0280
vn 0.9227 0.2882 0.2561
vn 0.7825 0.2131 0.5851
vn 0.7752 0.2491 0.5806
vn 0.7636 0.0534 0.6434
vn 0.3659 0.2114 -0.9063
vn 0.2486 0.0128 -0.9685
vn 0.1746 -0.0252 -0.9843
vn 0.2411 0.1540 -0.9582
vn 0.2710 0.3144 -0.9098
vn 0.4275 0.3329 -0.8405
vn 0.6711 0.3661 -0.6447
vn 0.5879 0.2936 -0.7538
vn 0.5054 0.0970 -0.8574
vn 0.3000 0.8785 -0.3718
vn 0.4362 0.7880 -0.4346
vn 0.3100 0.6411 -0.7020
vn -0.0000 0.6864 -0.7273
vn -0.0000 0.9341 -0.3571
vn 0.8283 0.3607 -0.4287
vn 0.8531 0.4153 -0.3157
vn 0.7584 0.4131 -0.5042
vn 0.7965 0.3798 -0.4705
vn 0.7989 0.2319 -0.5550
vn 0.8443 0.3908 -0.3668
vn 0.8422 0.0488 -0.5369
vn 0.8731 -0.1536 -0.4628
vn 0.4860 -0.4667 -0.7389
vn 0.4794 -0.1962 -0.8554
vn 0.9671 0.2413 -0.0805
vn 0.9709 0.2345 -0.0493
vn 0.1218 -0.3288 -0.9365
vn 0.0687 -0.5920 -0.8030
vn -0.0901 -0.6694 -0.7374
vn 0.0612 -0.3506 -0.9345
vn 0.9105 0.2628 0.3194
vn 0.8656 0.3796 0.3264
vn 0.8471 0.0774 0.5257
vn 0.6996 0.2552 0.6675
vn 0.1857 -0.2127 0.9593
vn 0.2263 -0.6396 0.7346
vn 0.2799 -0.4985 0.8204
vn 0.2725 -0.1446 0.9512
vn 0.5996 0.1432 0.7874
vn 0.5960 0.1321 0.7920
vn 0.4662 0.1076 0.8781
vn 0.4749 0.1124 0.8729
vn -0.0000 0.3745 0.9272
vn 0.3405 0.3443 0.8749
vn -0.0000 -0.2493 0.9684
vn -0.0000 -0.6542 0.7563
vn 0.5421 -0.0628 0.8379
vn 0.4388 -0.0288 0.8981
vn 0.0868 -0.3577 -0.9298
vn 0.0480 -0.7235 -0.6886
vn -0.0000 -0.7140 -0.7001
vn -0.0000 -0.3588 -0.9334
vn -0.0000 -0.0621 -0.9981
vn 0.1234 -0.0515 -0.9910
vn 0.0935 -0.9140 -0.3947
vn -0.0000 -0.9066 -0.4220
vn -0.1461 -0.8840 -0.4440
vn 0.0075 -0.9961 -0.0874
vn 0.1850 -0.9779 -0.0970
vn -0.0000 -0.9929 -0.1186
vn 0.5550 0.6762 -0.4845
vn 0.7227 0.6882 0.0642
vn 0.1486 0.1255 -0.9809
vn -0.0000 0.1133 -0.9936
vn -0.0000 0.2911 -0.9567
vn 0.1581 0.3008 -0.9405
vn 0.5289 0.3519 0.7723
vn 0.5674 0.2606 0.7811
vn 0.3998 0.1643 0.9017
vn 0.4386 0.3267 0.8372
vn 0.4202 0.3105 0.8527
vn 0.4379 0.2049 0.8754
vn 0.5614 0.3656 0.7424
vn 0.2283 -0.9385 0.2591
vn -0.0000 -0.9624 0.2715
vn 0.0808 -0.9431 0.3225
vn 0.2699 0.5154 -0.8133
vn 0.2017 0.4950 -0.8452
vn -0.0000 0.4887 -0.8724
vn -0.0000 0.5216 -0.8532
vn -0.8717 -0.2355 0.4298
vn -0.9044 -0.0986 0.4151
vn -0.9915 -0.1235 -0.0413
vn -0.9972 -0.0743 -0.0033
vn 0.6227 -0.7805 0.0553
vn 0.9354 0.1137 -0.3348
vn 0.4364 -0.6734 -0.5967
vn 0.1963 -0.9776 -0.0760
vn 0.9943 0.0295 0.1025
vn 0.9981 0.0478 -0.0378
vn 0.7551 0.3115 -0.5769
vn 0.3260 0.3982 -0.8574
vn 0.9943 0.0960 0.0468
vn 0.0391 0.0937 0.9948
vn 0.0462 -0.2724 0.9611
vn 0.4416 -0.1744 0.8801
vn 0.4804 0.2547 0.8392
vn -0.4478 -0.3403 0.8268
vn -0.4564 -0.3598 0.8138
vn 0.0603 -0.4041 0.9127
vn 0.4350 -0.3865 0.8133
vn -0.5015 -0.0528 0.8635
vn -0.8059 -0.2736 -0.5251
vn -0.8832 0.0456 -0.4668
vn -0.4447 0.0476 -0.8944
vn -0.3916 0.2563 -0.8837
vn -0.8306 0.1430 -0.5383
vn -0.9986 0.0143 -0.0509
vn -0.2781 -0.6168 -0.7363
vn 0.8220 0.2474 0.5129
vn 0.7931 -0.1455 0.5914
vn 0.8308 -0.2347 0.5046
vn 0.0290 -0.9228 -0.3843
vn 0.0091 -0.1879 -0.9821
vn -0.0043 0.3544 -0.9351
vn -0.6629 -0.5744 0.4802
vn -0.1707 -0.3658 0.9149
vn -0.2419 -0.9701 -0.0184
vn 0.0586 -0.7154 -0.6963
vn -0.2622 -0.6737 -0.6909
vn 0.4434 -0.6532 -0.6138
vn 0.8748 -0.2900 -0.3881
vn 0.9886 0.1503 -0.0096
vn 0.1308 0.2217 0.9663
vn 0.5754 0.3904 0.7187
vn 0.8446 0.3926 0.3640
vn -0.5258 -0.6800 -0.5109
vn -0.9744 -0.1717 -0.1451
vn 0.1648 0.4510 -0.8772
vn -0.0000 0.4422 -0.8969
vn 0.2759 0.4615 -0.8432
vn 0.5766 0.1589 0.8014
vn 0.1921 -0.1221 0.9737
vn -0.0000 -0.1402 0.9901
vn 0.5041 0.0748 0.8604
vn 0.4757 0.1345 0.8692
vn 0.4421 0.0545 0.8953
vn 0.8697 0.3840 -0.3102
vn 0.6972 0.4332 -0.5712
vn 0.9530 0.3027 -0.0137
vn 0.4369 0.3467 0.8300
vn 0.3866 -0.0537 0.9207
vn 0.3556 -0.0459 0.9335
vn 0.2683 -0.0886 0.9593
vn 0.9378 0.2143 0.2732
vn 0.7817 0.1648 0.6014
vn 0.4386 0.4593 -0.7724
vn -0.9021 -0.1587 0.4012
vn -0.4341 0.5176 -0.7373
vn -0.3388 0.5254 -0.7805
vn -0.2971 0.5114 -0.8064
vn -0.4466 0.5296 -0.7211
vn -0.4302 0.5651 -0.7040
vn -0.3830 0.6053 -0.6978
vn -0.6459 0.4644 -0.6060
vn -0.5873 0.4448 -0.6762
vn -0.6788 0.4998 -0.5379
vn -0.8126 0.2371 0.5325
vn -0.9669 0.2540 -0.0254
vn -0.9499 0.3123 0.0143
vn -0.8935 0.2577 0.3678
vn -0.7355 0.1836 0.6522
vn -0.9350 0.3541 -0.0201
vn -0.6103 0.2946 0.7354
vn -0.4759 0.1604 0.8648
vn -0.7181 0.2608 0.6452
vn -0.2960 0.5789 0.7598
vn -0.2942 0.9371 0.1880
vn -0.4916 0.8603 0.1345
vn -0.4332 0.4867 0.7586
vn -0.3287 0.2949 0.8972
vn -0.3912 0.2179 0.8941
vn -0.9102 0.3235 0.2587
vn -0.9132 0.4004 -0.0759
vn -0.9407 0.3198 -0.1133
vn -0.9239 0.2658 0.2752
vn -0.9227 0.2882 0.2561
vn -0.9315 0.3628 -0.0280
vn -0.7752 0.2491 0.5806
vn -0.7825 0.2131 0.5851
vn -0.7636 0.0534 0.6434
vn -0.3659 0.2114 -0.9063
vn -0.2411 0.1540 -0.9582
vn -0.1746 -0.0252 -0.9843
vn -0.2486 0.0128 -0.9685
vn -0.4275 0.3329 -0.8405
vn -0.2710 0.3144 -0.9098
vn -0.5879 0.2936 -0.7538
vn -0.6711 0.3661 -0.6447
vn -0.5054 0.0970 -0.8574
vn -0.3000 0.8785 -0.3718
vn -0.3100 0.6411 -0.7020
vn -0.4362 0.7880 -0.4346
vn -0.8283 0.3607 -0.4287
vn -0.8531 0.4153 -0.3157
vn -0.7584 0.4131 -0.5042
vn -0.7965 0.3798 -0.4705
vn -0.7989 0.2319 -0.5550
vn -0.8443 0.3908 -0.3668
vn -0.8422 0.0488 -0.5369
vn -0.4794 -0.1962 -0.8554
vn -0.4860 -0.4667 -0.7389
vn -0.8731 -0.1536 -0.4628
vn -0.9671 0.2413 -0.0805
vn -0.9709 0.2345 -0.0493
vn -0.1218 -0.3289 -0.9365
vn -0.0612 -0.3506 -0.9345
vn 0.0901 -0.6694 -0.7374
vn -0.0687 -0.5920 -0.8030
vn -0.9105 0.2628 0.3194
vn -0.8656 0.3796 0.3264
vn -0.8471 0.0774 0.5257
vn -0.6996 0.2552 0.6675
vn -0.1857 -0.2127 0.9593
vn -0.2725 -0.1446 0.9512
vn -0.2799 -0.4985 0.8204
vn -0.2263 -0.6396 0.7346
vn -0.5996 0.1432 0.7874
vn -0.4749 0.1124 0.8728
vn -0.4662 0.1076 0.8781
vn -0.5960 0.1321 0.7920
vn -0.3405 0.3443 0.8749
vn -0.5421 -0.0628 0.8379
vn -0.4388 -0.0288 0.8981
vn -0.0868 -0.3577 -0.9298
vn -0.0480 -0.7235 -0.6886
vn -0.1234 -0.0515 -0.9910
vn -0.0935 -0.9140 -0.3947
vn 0.1461 -0.8840 -0.4440
vn -0.1850 -0.9779 -0.0970
vn -0.0075 -0.9961 -0.0874
vn -0.5550 0.6762 -0.4845
vn -0.7227 0.6882 0.0642
vn -0.1486 0.1255 -0.9809
vn -0.1581 0.3008 -0.9405
vn -0.5289 0.3519 0.7723
vn -0.5674 0.2606 0.7811
vn -0.3998 0.1643 0.9017
vn -0.4386 0.3267 0.8372
vn -0.4379 0.2049 0.8754
vn -0.4202 0.3105 0.8527
vn -0.5614 0.3656 0.7424
vn -0.2283 -0.9385 0.2591
vn -0.0808 -0.9431 0.3225
vn -0.2699 0.5154 -0.8133
vn -0.2017 0.4950 -0.8452
vn 0.8717 -0.2355 0.4298
vn 0.9972 -0.0743 -0.0033
vn 0.9915 -0.1235 -0.0413
vn 0.9044 -0.0986 0.4151
vn -0.6226 -0.7806 0.0553
vn -0.1963 -0.9776 -0.0760
vn -0.4364 -0.6734 -0.5967
vn -0.9354 0.1137 -0.3348
vn -0.7551 0.3115 -0.5769
vn -0.9981 0.0478 -0.0378
vn -0.9943 0.0295 0.1025
vn -0.3260 0.3982 -0.8574
vn -0.9943 0.0960 0.0468
vn -0.0391 0.0937 0.9948
vn -0.4804 0.2547 0.8392
vn -0.4416 -0.1744 0.8801
vn -0.0462 -0.2724 0.9611
vn -0.0603 -0.4041 0.9127
vn 0.4564 -0.3598 0.8138
vn 0.4478 -0.3403 0.8268
vn -0.4350 -0.3865 0.8133
vn 0.5015 -0.0528 0.8635
vn 0.8059 -0.2736 -0.5251
vn 0.8832 0.0456 -0.4668
vn 0.8306 0.1430 -0.5383
vn 0.3916 0.2563 -0.8837
vn 0.4447 0.0476 -0.8944
vn 0.9986 0.0143 -0.0509
vn 0.2781 -0.6168 -0.7363
vn -0.8220 0.2474 0.5129
vn -0.7931 -0.1455 0.5914
vn -0.8308 -0.2347 0.5046
vn -0.0290 -0.9228 -0.3843
vn -0.0091 -0.1879 -0.9821
vn 0.0043 0.3544 -0.9351
vn 0.6629 -0.5744 0.4802
vn 0.1707 -0.3658 0.9149
vn 0.2419 -0.9701 -0.0184
vn -0.0586 -0.7154 -0.6963
vn 0.2622 -0.6737 -0.6909
vn -0.4434 -0.6532 -0.6138
vn -0.8748 -0.2900 -0.3881
vn -0.9886 0.1503 -0.0096
vn -0.1308 0.2217 0.9663
vn -0.5754 0.3904 0.7187
vn -0.8446 0.3926 0.3640
vn 0.5258 -0.6800 -0.5109
vn 0.9744 -0.1717 -0.1451
vn -0.1648 0.4510 -0.8772
vn -0.2759 0.4615 -0.8432
vn -0.5766 0.1589 0.8014
vn -0.1921 -0.1221 0.9737
vn -0.5041 0.0748 0.8604
vn -0.4421 0.0545 0.8953
vn -0.4757 0.1345 0.8692
vn -0.8697 0.3840 -0.3102
vn -0.6972 0.4332 -0.5712
vn -0.9530 0.3027 -0.0137
vn -0.4369 0.3467 0.8300
vn -0.2683 -0.0886 0.9593
vn -0.3556 -0.0459 0.9335
vn -0.3866 -0.0537 0.9207
vn -0.9378 0.2143 0.2732
vn -0.7817 0.1648 0.6014
vn -0.4386 0.4593 -0.7724
vn 0.9021 -0.1587 0.4012
vn 0.2573 -0.0991 -0.9612
vn 0.7289 -0.2160 -0.6497
vn 0.6113 -0.4397 -0.6580
vn 0.2007 -0.4211 -0.8845
vn -0.2620 -0.3400 -0.9032
vn -0.3219 -0.0971 -0.9418
vn 0.2427 0.8085 -0.5360
vn -0.3245 0.7817 -0.5326
vn -0.2761 0.9039 -0.3266
vn 0.1808 0.9510 -0.2510
vn 0.5887 0.8039 -0.0846
vn 0.7073 0.6631 -0.2449
vn 0.0451 0.9653 0.2572
vn -0.4534 0.8894 -0.0579
vn -0.1994 0.8811 0.4289
vn -0.0201 0.8691 0.4943
vn 0.1542 0.8166 0.5562
vn 0.5997 0.7617 0.2455
vn 0.0867 -0.7771 -0.6234
vn 0.6433 -0.6106 -0.4619
vn 0.2785 -0.7105 -0.6463
vn 0.1108 -0.7041 -0.7014
vn -0.0695 -0.6650 -0.7436
vn -0.4231 -0.4910 -0.7615
vn -0.6561 -0.1835 -0.7320
vn -0.7235 -0.1916 -0.6632
vn -0.7234 -0.1921 -0.6631
vn -0.6774 0.6735 -0.2957
vn -0.7973 0.5994 -0.0710
vn -0.7917 0.6048 -0.0864
vn 0.8605 0.4867 0.1504
vn 0.8303 0.3563 0.4286
vn 0.8213 0.3369 0.4604
vn 0.8810 -0.3659 -0.2999
vn 0.8839 -0.4306 -0.1825
vn 0.8836 -0.4326 -0.1791
vn 0.6621 0.0266 0.7490
vn 0.4190 0.3637 0.8319
vn 0.2862 -0.0059 0.9582
vn 0.5312 -0.2731 0.8020
vn 0.8698 -0.4816 -0.1068
vn 0.8127 -0.5823 0.0217
vn 0.7823 -0.6218 0.0373
vn 0.8522 -0.5210 -0.0474
vn -0.7399 -0.1142 -0.6630
vn -0.7449 -0.0929 -0.6606
vn -0.8000 0.0110 -0.5999
vn -0.7810 -0.0129 -0.6244
vn -0.8823 0.4390 0.1698
vn -0.9148 0.2687 0.3015
vn -0.6750 0.3531 0.6478
vn -0.6173 0.6329 0.4673
vn 0.1851 -0.4258 -0.8857
vn 0.3313 -0.4836 -0.8102
vn 0.3581 -0.3156 -0.8787
vn 0.1937 -0.2609 -0.9457
vn 0.0048 -0.1881 -0.9821
vn 0.0066 -0.3939 -0.9191
vn -0.1004 0.6361 0.7650
vn -0.1739 0.2887 0.9415
vn -0.1089 0.2063 0.9724
vn -0.3808 0.2859 0.8794
vn -0.0585 0.1899 0.9801
vn 0.1907 0.1015 0.9764
vn -0.1966 0.1427 0.9700
vn 0.2856 -0.1747 0.9423
vn -0.7214 0.2432 0.6484
vn -0.0468 -0.5239 -0.8505
vn 0.2523 -0.5629 -0.7870
vn -0.0398 -0.5254 -0.8499
vn -0.3588 -0.4282 -0.8294
vn 0.1269 -0.2180 -0.9677
vn -0.0365 -0.1414 -0.9893
vn 0.3564 -0.3164 -0.8792
vn -0.9864 -0.1541 0.0565
vn -0.9236 -0.2806 -0.2610
vn -0.9847 -0.1739 0.0102
vn -0.9520 -0.0407 0.3033
vn -0.9212 0.2232 0.3186
vn -0.8232 0.0426 -0.5662
vn 0.7353 -0.5901 0.3334
vn 0.6791 -0.4625 0.5701
vn 0.7420 -0.6249 0.2430
vn 0.7172 -0.6948 -0.0537
vn 0.7622 -0.6456 0.0470
vn 0.5165 -0.3626 0.7757
vn 0.9850 0.0962 0.1429
vn 0.9936 0.0817 -0.0785
vn 0.6950 0.1673 -0.6993
vn 0.7815 0.1369 -0.6087
vn 0.8973 0.1080 0.4280
vn -0.5750 0.7641 -0.2925
vn -0.5318 0.7378 -0.4156
vn -0.6337 0.7736 -0.0032
vn -0.1801 0.5450 -0.8188
vn -0.1687 0.5393 -0.8251
vn 0.2926 0.3100 -0.9046
vn 0.2610 0.3238 -0.9094
vn 0.0147 0.5286 0.8488
vn -0.0066 0.5388 0.8424
vn 0.2317 0.4061 0.8840
vn -0.2245 0.6243 0.7482
vn -0.2573 -0.0991 -0.9612
vn -0.2007 -0.4211 -0.8845
vn -0.6113 -0.4397 -0.6580
vn -0.7289 -0.2160 -0.6497
vn 0.3219 -0.0971 -0.9418
vn 0.2620 -0.3400 -0.9032
vn -0.2427 0.8085 -0.5360
vn -0.1808 0.9510 -0.2510
vn 0.2761 0.9039 -0.3266
vn 0.3245 0.7817 -0.5326
vn -0.7073 0.6631 -0.2449
vn -0.5887 0.8039 -0.0846
vn -0.0451 0.9653 0.2572
vn 0.0201 0.8691 0.4943
vn 0.1994 0.8811 0.4289
vn 0.4534 0.8894 -0.0579
vn -0.5997 0.7617 0.2455
vn -0.1542 0.8166 0.5563
vn -0.0867 -0.7771 -0.6234
vn -0.1109 -0.7041 -0.7014
vn -0.2785 -0.7105 -0.6463
vn -0.6433 -0.6106 -0.4619
vn 0.4231 -0.4910 -0.7615
vn 0.0695 -0.6650 -0.7436
vn 0.6561 -0.1835 -0.7320
vn 0.7234 -0.1921 -0.6631
vn 0.7235 -0.1916 -0.6632
vn 0.6774 0.6735 -0.2957
vn 0.7917 0.6048 -0.0864
vn 0.7973 0.5994 -0.0710
vn -0.8605 0.4867 0.1504
vn -0.8213 0.3369 0.4604
vn -0.8303 0.3563 0.4286
vn -0.8810 -0.3659 -0.2999
vn -0.8836 -0.4326 -0.1791
vn -0.8839 -0.4306 -0.1825
vn -0.6621 0.0266 0.7490
vn -0.5312 -0.2731 0.8020
vn -0.2862 -0.0059 0.9582
vn -0.4190 0.3637 0.8319
vn -0.8698 -0.4816 -0.1068
vn -0.8522 -0.5210 -0.0474
vn -0.7823 -0.6218 0.0373
vn -0.8127 -0.5823 0.0217
vn 0.7399 -0.1142 -0.6630
vn 0.7810 -0.0129 -0.6244
vn 0.8000 0.0110 -0.5999
vn 0.7449 -0.0929 -0.6606
vn 0.8823 0.4390 0.1698
vn 0.6173 0.6329 0.4673
vn 0.6750 0.3531 0.6478
vn 0.9148 0.2687 0.3015
vn -0.1851 -0.4258 -0.8857
vn -0.1937 -0.2609 -0.9457
vn -0.3581 -0.3156 -0.8787
vn -0.3313 -0.4836 -0.8102
vn -0.0066 -0.3939 -0.9191
vn -0.0048 -0.1881 -0.9821
vn 0.1004 0.6361 0.7650
vn 0.1739 0.2887 0.9415
vn 0.1089 0.2063 0.9724
vn 0.0585 0.1899 0.9801
vn 0.3808 0.2859 0.8794
vn -0.1907 0.1015 0.9764
vn 0.1966 0.1427 0.9700
vn -0.2856 -0.1747 0.9423
vn 0.7214 0.2432 0.6484
vn 0.0468 -0.5239 -0.8505
vn 0.0398 -0.5254 -0.8499
vn -0.2523 -0.5629 -0.7870
vn 0.3588 -0.4282 -0.8294
vn -0.1269 -0.2180 -0.9677
vn 0.0365 -0.1414 -0.9893
vn -0.3564 -0.3164 -0.8792
vn 0.9864 -0.1541 0.0565
vn 0.9847 -0.1739 0.0102
vn 0.9236 -0.2806 -0.2610
vn 0.9520 -0.0407 0.3033
vn 0.9212 0.2232 0.3186
vn 0.8232 0.0426 -0.5662
vn -0.7353 -0.5901 0.3334
vn -0.7420 -0.6249 0.2430
vn -0.6790 -0.4625 0.5701
vn -0.7172 -0.6948 -0.0537
vn -0.7622 -0.6456 0.0470
vn -0.5165 -0.3626 0.7757
vn -0.9850 0.0962 0.1429
vn -0.7815 0.1369 -0.6087
vn -0.6950 0.1673 -0.6993
vn -0.9936 0.0817 -0.0785
vn -0.8973 0.1080 0.4280
vn 0.5750 0.7641 -0.2925
vn 0.6337 0.7736 -0.0032
vn 0.5319 0.7378 -0.4156
vn 0.1687 0.5393 -0.8251
vn 0.1801 0.5450 -0.8188
vn -0.2926 0.3100 -0.9046
vn -0.2610 0.3238 -0.9094
vn -0.0147 0.5286 0.8488
vn -0.2317 0.4061 0.8840
vn 0.0066 0.5388 0.8424
vn 0.2245 0.6243 0.7482
vn -0.9998 0.0208 0.0001
vn -0.6181 -0.7811 -0.0889
vn -0.5704 -0.6754 0.4674
vn -0.5390 -0.5811 -0.6097
vn -0.3922 -0.1966 -0.8986
vn -0.2428 0.2363 -0.9409
vn -0.1194 0.6323 -0.7655
vn -0.0375 0.9145 -0.4029
vn -0.0150 0.9967 0.0799
vn -0.0610 0.8382 0.5419
vn -0.1596 0.5015 0.8503
vn -0.2909 0.0813 0.9533
vn -0.4387 -0.3420 0.8310
vn -0.9032 -0.4266 -0.0476
vn -0.7970 -0.3790 0.4703
vn -0.7798 -0.2968 -0.5512
vn -0.4949 -0.0373 -0.8682
vn -0.1566 0.2832 -0.9462
vn 0.1593 0.5953 -0.7876
vn 0.3922 0.8213 -0.4143
vn 0.4724 0.8759 0.0987
vn 0.3647 0.7263 0.5826
vn 0.1182 0.4419 0.8893
vn -0.1985 0.1155 0.9733
vn -0.5280 -0.1792 0.8301
vn -0.9830 -0.1731 0.0616
vn -0.7963 -0.2494 0.5511
vn -0.8958 0.0051 -0.4444
vn -0.5735 0.2200 -0.7891
vn -0.1399 0.4253 -0.8942
vn 0.2930 0.5854 -0.7559
vn 0.6368 0.6585 -0.4012
vn 0.7926 0.6016 0.0993
vn 0.6957 0.4199 0.5828
vn 0.3969 0.1826 0.8995
vn -0.0076 -0.0404 0.9992
vn -0.4340 -0.1977 0.8790
vn -0.9842 -0.1739 0.0325
vn -0.7868 -0.3174 0.5293
vn -0.8863 0.0241 -0.4625
vn -0.5614 0.2052 -0.8017
vn -0.1163 0.3355 -0.9348
vn 0.3585 0.3976 -0.8447
vn 0.7633 0.3718 -0.5283
vn 0.9687 0.2455 -0.0360
vn 0.8816 0.0517 0.4692
vn 0.5565 -0.1409 0.8188
vn 0.1051 -0.2858 0.9525
vn -0.3779 -0.3533 0.8558
vn -0.9510 -0.3091 0.0109
vn -0.7538 -0.4161 0.5087
vn -0.8513 -0.1492 -0.5031
vn -0.5165 0.0036 -0.8563
vn -0.0675 0.1098 -0.9917
vn 0.4016 0.1500 -0.9034
vn 0.7979 0.1122 -0.5923
vn 0.9949 -0.0037 -0.1011
vn 0.8980 -0.1598 0.4099
vn 0.5657 -0.3014 0.7676
vn 0.1161 -0.3998 0.9092
vn -0.3553 -0.4427 0.8233
vn -0.5380 0.8248 -0.1741
vn -0.9534 -0.1377 -0.2684
vn -0.9699 -0.0534 0.2375
vn -0.6986 -0.0883 -0.7101
vn -0.3147 0.0708 -0.9466
vn 0.0797 0.2921 -0.9531
vn 0.4016 0.5293 -0.7474
vn 0.5820 0.7279 -0.3627
vn 0.5574 0.8208 0.1249
vn 0.3215 0.7639 0.5595
vn -0.0388 0.5890 0.8072
vn -0.4272 0.3594 0.8297
vn -0.7649 0.1295 0.6310
vn -0.9605 -0.0270 -0.2770
vn -0.9668 0.0392 0.2526
vn -0.6820 -0.0124 -0.7313
vn -0.2554 0.0781 -0.9637
vn 0.1890 0.2216 -0.9566
vn 0.5614 0.3881 -0.7309
vn 0.7815 0.5360 -0.3192
vn 0.7662 0.6125 0.1943
vn 0.5024 0.5822 0.6392
vn 0.0948 0.4672 0.8791
vn -0.3431 0.3144 0.8851
vn -0.7266 0.1623 0.6676
vn -0.9540 0.1740 -0.2441
vn -0.9413 0.1584 0.2980
vn -0.6747 0.1825 -0.7151
vn -0.2225 0.1898 -0.9563
vn 0.2624 0.2097 -0.9419
vn 0.6776 0.2397 -0.6953
vn 0.9297 0.2638 -0.2568
vn 0.9237 0.2652 0.2766
vn 0.6461 0.2391 0.7249
vn 0.2113 0.1997 0.9568
vn -0.2589 0.1661 0.9515
vn -0.6740 0.1515 0.7230
vn -0.9395 0.2828 -0.1935
vn -0.9143 0.2109 0.3457
vn -0.6690 0.3125 -0.6744
vn -0.2136 0.2967 -0.9308
vn 0.2857 0.2599 -0.9224
vn 0.7135 0.2154 -0.6667
vn 0.9628 0.1630 -0.2157
vn 0.9437 0.1083 0.3124
vn 0.6675 0.0678 0.7415
vn 0.2462 0.0555 0.9676
vn -0.2166 0.0772 0.9732
vn -0.6362 0.1327 0.7600
vn 0.2108 0.9680 -0.1363
vn 0.9124 -0.2077 -0.3527
vn 0.6284 -0.1724 -0.7585
vn 0.9854 -0.1128 0.1278
vn 0.8439 0.0715 0.5317
vn 0.5505 0.2965 0.7804
vn 0.1641 0.5301 0.8319
vn -0.2510 0.7259 0.6403
vn -0.5746 0.7954 0.1929
vn -0.6502 0.6752 -0.3485
vn -0.4782 0.4411 -0.7594
vn -0.1561 0.1907 -0.9692
vn 0.2372 -0.0252 -0.9711
vn 0.8571 -0.4435 -0.2620
vn 0.6013 -0.3336 -0.7260
vn 0.8958 -0.3587 0.2624
vn 0.7344 -0.1255 0.6670
vn 0.4497 0.1819 0.8744
vn 0.1115 0.4977 0.8602
vn -0.2144 0.7534 0.6216
vn -0.4488 0.8727 0.1924
vn -0.5122 0.8020 -0.3073
vn -0.3928 0.5702 -0.7216
vn -0.1266 0.2517 -0.9595
vn 0.2328 -0.0750 -0.9696
vn 0.9203 -0.3236 -0.2197
vn 0.7082 -0.1372 -0.6925
vn 0.8769 -0.3580 0.3209
vn 0.6301 -0.2384 0.7390
vn 0.2779 -0.0145 0.9605
vn -0.1066 0.2618 0.9592
vn -0.4500 0.5308 0.7182
vn -0.6525 0.7106 0.2634
vn -0.6308 0.7295 -0.2643
vn -0.4084 0.6002 -0.6878
vn -0.0617 0.3813 -0.9224
vn 0.3386 0.1209 -0.9331
vn 0.8838 -0.3940 -0.2523
vn 0.6604 -0.2337 -0.7136
vn 0.8475 -0.4453 0.2890
vn 0.5789 -0.3677 0.7277
vn 0.1726 -0.1998 0.9645
vn -0.2780 0.0077 0.9605
vn -0.6784 0.2112 0.7037
vn -0.9063 0.3571 0.2260
vn -0.8629 0.3919 -0.3192
vn -0.5855 0.3156 -0.7467
vn -0.1767 0.1636 -0.9706
vn 0.2699 -0.0309 -0.9624
vn 0.7816 -0.5811 -0.2267
vn 0.5448 -0.4734 -0.6921
vn 0.7615 -0.5735 0.3022
vn 0.5171 -0.4667 0.7175
vn 0.1294 -0.3168 0.9396
vn -0.3228 -0.1653 0.9319
vn -0.7375 -0.0372 0.6743
vn -0.9778 0.0405 0.2057
vn -0.9475 0.0440 -0.3168
vn -0.6888 -0.0240 -0.7245
vn -0.2973 -0.1474 -0.9433
vn 0.1444 -0.3082 -0.9403
vn -0.4595 -0.8879 0.0230
vn -0.4623 -0.8822 -0.0897
vn -0.3121 -0.9457 -0.0908
vn -0.3078 -0.9510 0.0284
vn -0.3100 -0.9396 0.1450
vn -0.4626 -0.8755 0.1397
vn -0.6311 -0.7625 0.1428
vn -0.6316 -0.7751 0.0168
vn -0.6261 -0.7733 -0.0996
vn 0.4321 0.9014 -0.0279
vn 0.4363 0.8736 -0.2158
vn 0.2468 0.9420 -0.2275
vn 0.2344 0.9718 -0.0251
vn 0.2328 0.9535 0.1912
vn 0.4383 0.8826 0.1700
vn 0.6667 0.7268 0.1651
vn 0.6695 0.7424 -0.0237
vn 0.6590 0.7250 -0.2004
vn 0.0941 0.8759 0.4732
vn 0.2577 0.8632 0.4342
vn 0.0859 0.9704 0.2258
vn -0.0000 0.9696 0.2447
vn -0.0000 0.8689 0.4949
vn -0.0000 0.7191 0.6949
vn 0.1270 0.7531 0.6455
vn 0.3206 0.7248 0.6099
vn 0.4624 0.7823 0.4174
vn 0.5027 0.6041 0.6183
vn 0.5744 0.5127 0.6381
vn 0.6364 0.6483 0.4180
vn 0.8541 0.5198 -0.0170
vn 0.8418 0.5134 0.1667
vn 0.9328 0.3182 0.1694
vn 0.9473 0.3203 -0.0110
vn 0.9276 0.3255 -0.1835
vn 0.8347 0.5170 -0.1894
vn 0.8813 0.1696 -0.4412
vn 0.8381 0.3290 -0.4353
vn 0.9697 0.1625 -0.1826
vn 0.9832 0.0089 -0.1822
vn 0.8960 -0.0074 -0.4439
vn 0.7396 -0.0280 -0.6724
vn 0.7233 0.1744 -0.6681
vn 0.6818 0.3319 -0.6520
vn 0.7568 0.4926 -0.4296
vn 0.6219 0.4699 -0.6264
vn 0.5595 0.5738 -0.5981
vn 0.6174 0.6565 -0.4335
vn 0.0933 0.9955 -0.0167
vn 0.1049 0.9670 -0.2323
vn -0.0000 0.9723 -0.2337
vn -0.0000 0.9999 -0.0118
vn 0.9889 -0.1486 -0.0008
vn 0.9746 -0.1401 0.1750
vn 0.9205 -0.3528 0.1682
vn 0.9312 -0.3644 0.0043
vn 0.9115 -0.3825 -0.1514
vn 0.9705 -0.1684 -0.1723
vn 0.9999 0.0164 -0.0046
vn 0.9843 0.0204 0.1752
vn 0.7271 -0.6049 -0.3247
vn 0.8259 -0.4127 -0.3841
vn 0.7899 -0.6007 -0.1234
vn 0.6261 -0.7733 -0.0996
vn 0.5975 -0.7526 -0.2769
vn 0.5509 -0.7131 -0.4336
vn 0.6079 -0.6088 -0.5098
vn 0.6719 -0.4450 -0.5920
vn 0.8810 -0.2068 -0.4255
vn 0.7200 -0.2492 -0.6476
vn 0.9875 0.1576 -0.0071
vn 0.9722 0.1580 0.1726
vn -0.0602 -0.0830 0.9947
vn -0.0589 -0.0749 0.9954
vn -0.0908 -0.1856 0.9784
vn -0.0934 -0.1919 0.9770
vn -0.0517 0.0164 0.9985
vn -0.0518 0.0213 0.9984
vn -0.2645 0.2648 0.9273
vn -0.2774 0.2752 0.9205
vn -0.1224 0.0943 0.9880
vn -0.0819 0.0426 0.9957
vn -0.2698 0.2745 0.9230
vn -0.2553 0.2651 0.9298
vn 0.0581 0.1004 0.9932
vn 0.0582 0.1007 0.9932
vn 0.0768 0.1690 0.9826
vn 0.0774 0.1704 0.9823
vn 0.0517 0.0164 0.9985
vn 0.0518 0.0213 0.9984
vn -0.0581 0.1004 0.9932
vn -0.0582 0.1007 0.9932
vn 0.5594 0.1764 -0.8099
vn 0.3679 0.1674 -0.9147
vn 0.3483 0.3515 -0.8690
vn 0.5257 0.3435 -0.7782
vn 0.5734 -0.0467 -0.8180
vn 0.3759 -0.0626 -0.9246
vn 0.1734 0.1528 -0.9729
vn 0.1680 0.3510 -0.9212
vn 0.1754 -0.0720 -0.9819
vn -0.0000 -0.0746 -0.9972
vn -0.0000 0.1463 -0.9892
vn -0.0000 0.3493 -0.9370
vn 0.1582 0.5259 -0.8357
vn 0.3227 0.5106 -0.7969
vn -0.0000 0.5302 -0.8479
vn -0.0000 0.6922 -0.7217
vn 0.1433 0.6854 -0.7139
vn 0.2947 0.6615 -0.6896
vn 0.4839 0.4856 -0.7280
vn 0.4477 0.6193 -0.6450
vn 0.4779 -0.6318 -0.6103
vn 0.3327 -0.6589 -0.6746
vn 0.3469 -0.4971 -0.7953
vn 0.5157 -0.4756 -0.7126
vn 0.4559 -0.7545 -0.4721
vn 0.3242 -0.7936 -0.5149
vn 0.1764 -0.6738 -0.7175
vn 0.1741 -0.5024 -0.8469
vn 0.1770 -0.8174 -0.5482
vn -0.0000 -0.8266 -0.5628
vn -0.0000 -0.6783 -0.7348
vn -0.0000 -0.5019 -0.8649
vn 0.1739 -0.2991 -0.9382
vn 0.3644 -0.2996 -0.8818
vn -0.0000 -0.2964 -0.9551
vn 0.5534 -0.2828 -0.7835
vn -0.0774 0.1704 0.9823
vn -0.0768 0.1690 0.9826
vn 0.0504 0.1279 0.9905
vn 0.0484 0.1241 0.9911
vn -0.1529 -0.1680 0.9739
vn -0.1140 -0.1158 0.9867
vn -0.0504 0.1279 0.9905
vn -0.0484 0.1241 0.9911
vn 0.1140 -0.1158 0.9867
vn 0.1529 -0.1680 0.9739
vn 0.1632 0.2256 0.9604
vn 0.1516 0.2223 0.9631
vn -0.0000 0.2063 0.9785
vn 0.2698 0.2745 0.9230
vn 0.2553 0.2651 0.9298
vn -0.4826 -0.4439 0.7550
vn -0.4946 -0.4168 0.7627
vn -0.5114 -0.3763 0.7726
vn 0.1602 -0.9866 0.0322
vn 0.1641 -0.9818 -0.0960
vn 0.3121 -0.9457 -0.0908
vn 0.3078 -0.9510 0.0284
vn 0.3100 -0.9396 0.1450
vn 0.1620 -0.9748 0.1532
vn -0.0000 -0.9876 0.1572
vn -0.0000 -0.9994 0.0335
vn -0.0000 -0.9951 -0.0988
vn 0.4797 -0.8160 0.3224
vn 0.3297 -0.8927 0.3073
vn 0.4626 -0.8755 0.1397
vn 0.6311 -0.7625 0.1428
vn 0.6099 -0.7152 0.3415
vn 0.5488 -0.6019 0.5801
vn 0.5033 -0.6592 0.5587
vn 0.3734 -0.7681 0.5202
vn 0.1739 -0.9350 0.3090
vn 0.1994 -0.8411 0.5028
vn -0.0000 -0.8651 0.5017
vn -0.0000 -0.9499 0.3126
vn 0.8055 -0.5925 0.0102
vn 0.7993 -0.5807 0.1545
vn 0.6316 -0.7751 0.0168
vn 0.4591 -0.8448 -0.2750
vn 0.4623 -0.8822 -0.0897
vn 0.3189 -0.9009 -0.2945
vn 0.1719 -0.9337 -0.3142
vn -0.0000 -0.9462 -0.3237
vn 0.7427 -0.5630 0.3625
vn 0.8541 -0.3504 0.3845
vn 0.7146 -0.3581 0.6009
vn 0.6090 -0.5306 0.5896
vn 0.9074 -0.1398 0.3964
vn 0.9167 0.0225 0.3990
vn 0.7945 0.0227 0.6068
vn 0.7816 -0.1458 0.6064
vn 0.9026 0.1624 0.3987
vn 0.8570 0.3190 0.4047
vn 0.7155 0.3214 0.6203
vn 0.7759 0.1677 0.6082
vn 0.7673 0.4875 0.4166
vn 0.6278 0.4446 0.6389
vn 0.4382 0.7709 -0.4623
vn 0.2688 0.8295 -0.4895
vn 0.1236 0.8557 -0.5024
vn -0.0000 0.8620 -0.5069
vn -0.4624 0.7823 0.4174
vn -0.2577 0.8632 0.4342
vn -0.2328 0.9535 0.1912
vn -0.4383 0.8826 0.1700
vn -0.6667 0.7268 0.1651
vn -0.6364 0.6483 0.4180
vn -0.5744 0.5127 0.6381
vn -0.5027 0.6041 0.6183
vn -0.3206 0.7248 0.6099
vn -0.0941 0.8759 0.4732
vn -0.0859 0.9704 0.2258
vn -0.1270 0.7531 0.6455
vn -0.4321 0.9014 -0.0279
vn -0.2344 0.9718 -0.0251
vn -0.2468 0.9420 -0.2275
vn -0.4363 0.8736 -0.2158
vn -0.6590 0.7250 -0.2004
vn -0.6695 0.7424 -0.0237
vn -0.8541 0.5198 -0.0170
vn -0.9473 0.3203 -0.0110
vn -0.9328 0.3182 0.1694
vn -0.8418 0.5134 0.1667
vn -0.8347 0.5170 -0.1894
vn -0.9276 0.3255 -0.1835
vn -0.0933 0.9955 -0.0167
vn -0.1049 0.9670 -0.2323
vn -0.7568 0.4926 -0.4296
vn -0.8381 0.3290 -0.4353
vn -0.6174 0.6565 -0.4335
vn -0.5595 0.5738 -0.5981
vn -0.6219 0.4699 -0.6264
vn -0.6818 0.3319 -0.6520
vn -0.8813 0.1696 -0.4412
vn -0.9697 0.1625 -0.1826
vn -0.7233 0.1744 -0.6681
vn -0.7396 -0.0280 -0.6724
vn -0.8960 -0.0074 -0.4439
vn -0.9832 0.0089 -0.1822
vn -0.9889 -0.1486 -0.0008
vn -0.9312 -0.3644 0.0043
vn -0.9205 -0.3528 0.1682
vn -0.9746 -0.1401 0.1750
vn -0.9843 0.0204 0.1752
vn -0.9999 0.0164 -0.0046
vn -0.9705 -0.1684 -0.1723
vn -0.9115 -0.3825 -0.1514
vn -0.9875 0.1576 -0.0071
vn -0.9722 0.1580 0.1726
vn -0.8810 -0.2068 -0.4255
vn -0.8259 -0.4127 -0.3841
vn -0.7200 -0.2492 -0.6476
vn -0.6719 -0.4450 -0.5920
vn -0.7271 -0.6049 -0.3247
vn -0.7899 -0.6007 -0.1234
vn -0.6079 -0.6088 -0.5098
vn -0.5509 -0.7131 -0.4336
vn -0.5975 -0.7526 -0.2769
vn -0.4349 -0.4674 0.7697
vn -0.4479 -0.4732 0.7586
vn 0.4826 -0.4439 0.7550
vn 0.4946 -0.4168 0.7627
vn 0.4479 -0.4732 0.7586
vn 0.4349 -0.4674 0.7697
vn 0.5114 -0.3763 0.7726
vn 0.2645 0.2648 0.9273
vn 0.2774 0.2752 0.9205
vn 0.0819 0.0426 0.9957
vn 0.1224 0.0943 0.9880
vn 0.0774 -0.1794 0.9807
vn 0.0744 -0.1741 0.9819
vn 0.0908 -0.1856 0.9784
vn 0.0934 -0.1919 0.9770
vn -0.3283 -0.3796 0.8649
vn -0.3629 -0.4107 0.8365
vn -0.5594 0.1764 -0.8099
vn -0.5257 0.3435 -0.7782
vn -0.3483 0.3515 -0.8690
vn -0.3679 0.1674 -0.9147
vn -0.3759 -0.0626 -0.9246
vn -0.5734 -0.0467 -0.8180
vn -0.4839 0.4856 -0.7280
vn -0.3227 0.5106 -0.7969
vn -0.4477 0.6193 -0.6450
vn -0.2947 0.6615 -0.6896
vn -0.1582 0.5259 -0.8357
vn -0.1680 0.3510 -0.9212
vn -0.1433 0.6854 -0.7139
vn -0.1734 0.1528 -0.9729
vn -0.1754 -0.0720 -0.9819
vn -0.4779 -0.6318 -0.6103
vn -0.5157 -0.4756 -0.7126
vn -0.3469 -0.4971 -0.7953
vn -0.3327 -0.6589 -0.6746
vn -0.3242 -0.7936 -0.5149
vn -0.4559 -0.7545 -0.4721
vn -0.5534 -0.2828 -0.7835
vn -0.3644 -0.2996 -0.8818
vn -0.1739 -0.2991 -0.9382
vn -0.1741 -0.5024 -0.8469
vn -0.1764 -0.6738 -0.7175
vn -0.1770 -0.8174 -0.5482
vn 0.3283 -0.3796 0.8649
vn 0.3629 -0.4107 0.8365
vn 0.0602 -0.0830 0.9947
vn 0.0589 -0.0749 0.9954
vn -0.0774 -0.1794 0.9807
vn -0.0744 -0.1741 0.9819
vn -0.1632 0.2256 0.9604
vn -0.1516 0.2223 0.9631
vn -0.1602 -0.9866 0.0322
vn -0.1641 -0.9818 -0.0960
vn -0.1620 -0.9748 0.1532
vn -0.8055 -0.5925 0.0102
vn -0.7993 -0.5807 0.1545
vn -0.1739 -0.9350 0.3090
vn -0.3297 -0.8927 0.3073
vn -0.1994 -0.8411 0.5028
vn -0.3734 -0.7681 0.5202
vn -0.4797 -0.8160 0.3224
vn -0.5033 -0.6592 0.5587
vn -0.5488 -0.6019 0.5801
vn -0.6099 -0.7152 0.3415
vn -0.4591 -0.8448 -0.2750
vn -0.3189 -0.9009 -0.2945
vn -0.1719 -0.9337 -0.3142
vn -0.7427 -0.5630 0.3625
vn -0.8541 -0.3504 0.3845
vn -0.6090 -0.5306 0.5896
vn -0.7146 -0.3581 0.6009
vn -0.9074 -0.1398 0.3964
vn -0.7816 -0.1458 0.6064
vn -0.7945 0.0227 0.6068
vn -0.9167 0.0225 0.3990
vn -0.9026 0.1624 0.3987
vn -0.8570 0.3190 0.4047
vn -0.7759 0.1677 0.6082
vn -0.7155 0.3214 0.6203
vn -0.7673 0.4875 0.4166
vn -0.6278 0.4446 0.6389
vn -0.4382 0.7709 -0.4623
vn -0.2688 0.8295 -0.4895
vn -0.1236 0.8557 -0.5024
vn -0.2002 -0.7715 0.6039
vn -0.3714 -0.6855 0.6262
vn -0.0000 -0.8002 0.5998
vn 0.5069 -0.4964 0.7047
vn 0.5054 -0.4846 0.7140
vn 0.6230 -0.3488 0.7001
vn -0.6997 -0.1418 0.7002
vn -0.7157 0.0241 0.6980
vn -0.6230 -0.3488 0.7001
vn 0.5104 0.5143 0.6892
vn 0.5380 0.4190 0.7314
vn 0.3095 0.6731 0.6717
vn -0.5104 0.5143 0.6892
vn -0.3095 0.6731 0.6717
vn -0.5380 0.4190 0.7314
vn -0.5069 -0.4964 0.7047
vn -0.5054 -0.4846 0.7140
vn 0.4982 -0.5482 0.6718
vn 0.3714 -0.6855 0.6262
vn 0.1122 0.6638 0.7395
vn -0.0000 0.6357 0.7719
vn -0.1122 0.6638 0.7395
vn 0.2002 -0.7715 0.6039
vn 0.5371 0.4176 0.7328
vn 0.6289 0.3139 0.7113
vn -0.5371 0.4176 0.7328
vn -0.6289 0.3139 0.7113
vn 0.6949 0.1665 0.6996
vn 0.7157 0.0241 0.6980
vn -0.6949 0.1665 0.6996
vn -0.4982 -0.5482 0.6718
vn 0.6997 -0.1418 0.7002
vn 0.4595 -0.8879 0.0230
vn 0.4921 -0.3823 0.7821
vn 0.2396 -0.7351 0.6343
vn 0.5376 -0.7955 0.2796
vn 0.7931 -0.4064 0.4536
vn 0.0596 -0.1867 0.9806
vn -0.1836 -0.4516 0.8731
vn 0.5331 0.0480 0.8447
vn 0.2720 0.1184 0.9550
vn 0.8630 -0.0979 0.4956
vn 0.4400 0.8958 0.0620
vn 0.6157 0.7873 0.0330
vn 0.7832 0.5372 -0.3131
vn 0.7244 0.6057 -0.3292
vn 0.8060 0.5919 0.0043
vn 0.9833 0.1444 0.1105
vn 0.9719 0.1851 -0.1457
vn 0.8001 0.5224 -0.2950
vn -0.3540 0.1508 0.9230
vn -0.5424 -0.0346 0.8394
vn 0.0475 0.4472 0.8932
vn -0.8043 -0.5565 -0.2084
vn -0.6699 -0.5890 -0.4519
vn -0.2931 -0.9234 -0.2477
vn -0.4801 -0.8757 0.0525
vn -0.6360 -0.6868 0.3519
vn -0.8808 -0.3962 0.2593
vn 0.3038 -0.0887 -0.9486
vn 0.5216 0.0594 -0.8511
vn 0.7276 -0.3565 -0.5861
vn 0.4480 -0.5254 -0.7233
vn 0.0758 -0.6090 -0.7896
vn -0.1309 -0.3359 -0.9328
vn -0.5094 -0.5363 -0.6730
vn -0.1096 -0.8354 -0.5386
vn 0.3236 0.5442 0.7740
vn 0.8554 -0.2519 0.4525
vn 0.8001 0.3383 0.4953
vn 0.4953 0.3786 0.7819
vn 0.3139 0.0156 0.9493
vn 0.9440 -0.3238 0.0627
vn 0.7168 -0.6850 -0.1303
vn 0.9200 -0.0925 -0.3808
vn 0.3759 -0.8676 -0.3254
vn 0.1834 -0.9820 0.0451
vn 0.6731 0.2436 -0.6982
vn -0.7151 -0.1780 0.6760
vn -0.4205 -0.6187 0.6637
vn -0.0761 -0.9169 0.3918
vn -0.6590 0.1755 0.7314
vn -0.7994 0.0546 0.5982
vn -0.9680 -0.1751 0.1800
vn 0.3752 0.2392 -0.8956
vn 0.5086 0.3908 -0.7673
vn 0.6383 0.6720 -0.3754
vn -0.0128 0.5367 0.8437
vn 0.0207 0.4236 0.9056
vn 0.2490 0.7399 0.6249
vn 0.1962 0.8703 0.4518
vn 0.2054 0.7382 0.6425
vn -0.0838 0.6215 0.7789
vn -0.7821 -0.3705 -0.5011
vn -0.6421 -0.3379 -0.6882
vn -0.2573 -0.1471 -0.9551
vn 0.1829 0.1095 -0.9770
vn -0.8936 -0.3373 -0.2962
vn -0.4986 0.3262 0.8031
vn 0.6223 0.7823 -0.0281
vn 0.9790 0.1147 -0.1686
vn 0.8926 0.4349 0.1192
vn 0.4409 0.8323 0.3360
vn 0.2925 0.9245 0.2444
vn -0.1800 0.1716 0.9686
vn 0.7848 0.2979 -0.5435
vn 0.9287 -0.3699 0.0267
vn 0.8008 -0.4320 0.4149
vn 0.5617 -0.4240 0.7104
vn -0.4921 -0.3823 0.7821
vn -0.7931 -0.4064 0.4536
vn -0.5376 -0.7955 0.2796
vn -0.2396 -0.7351 0.6343
vn 0.1836 -0.4516 0.8731
vn -0.0596 -0.1867 0.9806
vn -0.2720 0.1184 0.9550
vn -0.5331 0.0480 0.8447
vn -0.8630 -0.0979 0.4956
vn -0.4400 0.8958 0.0620
vn -0.7244 0.6057 -0.3292
vn -0.7832 0.5372 -0.3131
vn -0.6157 0.7873 0.0330
vn -0.8060 0.5919 0.0043
vn -0.8001 0.5224 -0.2950
vn -0.9719 0.1851 -0.1457
vn -0.9833 0.1444 0.1105
vn 0.3540 0.1508 0.9230
vn 0.5424 -0.0346 0.8394
vn -0.0475 0.4472 0.8932
vn 0.8043 -0.5565 -0.2084
vn 0.4801 -0.8757 0.0525
vn 0.2931 -0.9234 -0.2477
vn 0.6699 -0.5890 -0.4519
vn 0.8808 -0.3962 0.2593
vn 0.6360 -0.6868 0.3519
vn -0.3038 -0.0887 -0.9486
vn -0.4480 -0.5254 -0.7233
vn -0.7276 -0.3565 -0.5861
vn -0.5216 0.0594 -0.8511
vn 0.1309 -0.3359 -0.9328
vn -0.0758 -0.6090 -0.7896
vn 0.5094 -0.5363 -0.6730
vn 0.1096 -0.8354 -0.5386
vn -0.3236 0.5442 0.7740
vn -0.8554 -0.2519 0.4525
vn -0.3139 0.0156 0.9493
vn -0.4953 0.3786 0.7819
vn -0.8001 0.3383 0.4953
vn -0.9440 -0.3238 0.0627
vn -0.9200 -0.0925 -0.3808
vn -0.7168 -0.6850 -0.1303
vn -0.3759 -0.8676 -0.3254
vn -0.1834 -0.9820 0.0451
vn -0.6731 0.2436 -0.6982
vn 0.7151 -0.1780 0.6760
vn 0.4205 -0.6187 0.6637
vn 0.0761 -0.9169 0.3918
vn 0.7994 0.0546 0.5982
vn 0.6590 0.1755 0.7314
vn 0.9680 -0.1751 0.1800
vn -0.5086 0.3908 -0.7673
vn -0.3752 0.2392 -0.8956
vn -0.6383 0.6720 -0.3754
vn 0.0128 0.5367 0.8437
vn -0.1962 0.8703 0.4518
vn -0.2490 0.7399 0.6249
vn -0.0207 0.4236 0.9056
vn 0.0838 0.6215 0.7789
vn -0.2054 0.7382 0.6425
vn 0.6421 -0.3379 -0.6882
vn 0.7821 -0.3705 -0.5011
vn 0.2572 -0.1471 -0.9551
vn -0.1829 0.1095 -0.9770
vn 0.8936 -0.3373 -0.2962
vn 0.4986 0.3262 0.8031
vn -0.6223 0.7823 -0.0281
vn -0.9790 0.1147 -0.1686
vn -0.8926 0.4349 0.1192
vn -0.4409 0.8323 0.3360
vn -0.2925 0.9245 0.2444
vn 0.1801 0.1716 0.9686
vn -0.7848 0.2979 -0.5435
vn -0.9287 -0.3699 0.0267
vn -0.8008 -0.4320 0.4149
vn -0.5618 -0.4240 0.7104
vn -0.9008 -0.0811 0.4267
vn -0.4854 -0.2169 0.8469
vn -0.9998 -0.0077 -0.0185
vn -0.2989 -0.9505 0.0843
vn -0.3198 -0.9442 -0.0789
vn -0.1814 -0.9803 -0.0777
vn -0.1759 -0.9800 0.0926
vn -0.0907 -0.9544 0.2845
vn -0.1955 -0.9230 0.3315
vn -0.0106 0.0522 -0.9986
vn -0.4330 -0.0163 -0.9013
vn 0.3498 0.1383 -0.9265
vn 0.0127 -0.6579 -0.7530
vn 0.2556 -0.6632 -0.7034
vn 0.1285 -0.7940 -0.5942
vn 0.0185 -0.8242 -0.5659
vn -0.0908 -0.8611 -0.5003
vn -0.2013 -0.8090 -0.5523
vn 0.0375 -0.9990 0.0223
vn 0.0264 -0.9956 -0.0897
vn 0.2378 -0.9655 -0.1060
vn 0.2068 -0.9707 0.1220
vn 0.1812 -0.9417 0.2835
vn 0.0602 -0.9506 0.3044
vn 0.0241 -0.9747 -0.2220
vn -0.1714 -0.9475 -0.2698
vn 0.2371 -0.8811 -0.4091
vn 0.8612 -0.1496 0.4858
vn 0.9992 0.0115 -0.0382
vn 0.4819 -0.2609 0.8365
vn 0.3097 -0.9422 0.1280
vn 0.2385 -0.8978 0.3702
vn 0.3631 -0.9260 -0.1038
vn -0.8680 -0.0127 -0.4965
vn -0.3028 -0.9157 -0.2643
vn 0.0479 -0.2832 0.9578
vn 0.0626 -0.8769 0.4765
vn 0.7835 0.1371 -0.6061
vn 0.3810 -0.8455 -0.3741
vn 0.9008 -0.0812 0.4267
vn 0.4854 -0.2169 0.8469
vn 0.9998 -0.0077 -0.0185
vn 0.2989 -0.9505 0.0843
vn 0.1759 -0.9800 0.0926
vn 0.1814 -0.9803 -0.0777
vn 0.3198 -0.9442 -0.0789
vn 0.1955 -0.9230 0.3315
vn 0.0907 -0.9544 0.2845
vn 0.0106 0.0522 -0.9986
vn 0.4330 -0.0163 -0.9013
vn -0.3498 0.1383 -0.9265
vn -0.0127 -0.6579 -0.7530
vn -0.0185 -0.8242 -0.5659
vn -0.1285 -0.7940 -0.5942
vn -0.2556 -0.6632 -0.7034
vn 0.2013 -0.8090 -0.5523
vn 0.0908 -0.8611 -0.5003
vn -0.0375 -0.9990 0.0223
vn -0.0264 -0.9956 -0.0897
vn -0.2068 -0.9707 0.1220
vn -0.2378 -0.9655 -0.1060
vn -0.0602 -0.9506 0.3044
vn -0.1812 -0.9417 0.2835
vn -0.0241 -0.9747 -0.2220
vn 0.1714 -0.9475 -0.2698
vn -0.2371 -0.8811 -0.4091
vn -0.8612 -0.1496 0.4858
vn -0.9992 0.0115 -0.0382
vn -0.4819 -0.2609 0.8365
vn -0.3097 -0.9422 0.1280
vn -0.2385 -0.8978 0.3702
vn -0.3631 -0.9260 -0.1038
vn 0.8680 -0.0127 -0.4965
vn 0.3028 -0.9157 -0.2643
vn -0.0479 -0.2832 0.9578
vn -0.0626 -0.8769 0.4765
vn -0.7835 0.1371 -0.6061
vn -0.3810 -0.8455 -0.3741
vn 0.5528 -0.1442 0.8207
vn 0.5350 -0.3563 0.7660
vn 0.5606 -0.3370 0.7564
vn 0.5778 -0.1366 0.8046
vn 0.5155 -0.5105 0.6883
vn 0.5392 -0.4982 0.6790
vn -0.2246 -0.5440 0.8085
vn -0.4064 -0.5208 0.7507
vn -0.3979 -0.5524 0.7324
vn -0.2220 -0.5774 0.7857
vn -0.5155 -0.5105 0.6883
vn -0.5068 -0.5420 0.6703
vn -0.5401 0.4250 0.7264
vn -0.5349 0.4464 0.7174
vn -0.5694 0.4586 0.6823
vn -0.5637 0.4219 0.7101
vn -0.5615 0.1496 0.8139
vn -0.5856 0.1565 0.7954
vn -0.5842 0.0195 0.8114
vn -0.5591 0.0125 0.8290
vn 0.5615 0.1496 0.8139
vn 0.5591 0.0125 0.8290
vn 0.5842 0.0195 0.8114
vn 0.5856 0.1565 0.7954
vn 0.5401 0.4250 0.7264
vn 0.5637 0.4219 0.7101
vn 0.5694 0.4586 0.6823
vn 0.5349 0.4464 0.7174
vn -0.5517 0.3110 0.7739
vn -0.5754 0.3076 0.7578
vn 0.5517 0.3110 0.7739
vn 0.5754 0.3076 0.7578
vn 0.2246 -0.5440 0.8085
vn -0.0000 -0.5549 0.8319
vn -0.0000 -0.5895 0.8077
vn 0.2220 -0.5774 0.7857
vn -0.2466 0.4306 0.8682
vn -0.0000 0.4309 0.9024
vn -0.0000 0.4678 0.8838
vn -0.2742 0.4597 0.8447
vn -0.5528 -0.1442 0.8207
vn -0.5778 -0.1366 0.8046
vn 0.2466 0.4306 0.8682
vn 0.2742 0.4597 0.8447
vn 0.4064 -0.5208 0.7507
vn 0.3979 -0.5524 0.7324
vn 0.5068 -0.5420 0.6703
vn -0.5392 -0.4982 0.6790
vn -0.5419 -0.5540 0.6320
vn -0.4326 0.4253 0.7950
vn -0.4385 0.4469 0.7797
vn 0.4326 0.4253 0.7950
vn 0.4385 0.4469 0.7797
vn -0.5350 -0.3563 0.7660
vn -0.5606 -0.3370 0.7564
vn 0.5419 -0.5540 0.6320
vn 0.4239 -0.3669 0.8280
vn 0.2326 -0.3817 0.8945
vn -0.0000 -0.3885 0.9215
vn 0.4375 -0.1499 0.8866
vn 0.4432 0.0004 0.8964
vn 0.2385 -0.1558 0.9586
vn 0.2417 -0.0092 0.9703
vn -0.0000 -0.0131 0.9999
vn -0.0000 -0.1585 0.9874
vn 0.2476 0.1144 0.9621
vn 0.4480 0.1316 0.8843
vn 0.4437 0.3034 0.8433
vn 0.2504 0.2925 0.9229
vn -0.0000 0.2855 0.9584
vn -0.0000 0.1066 0.9943
vn -0.2326 -0.3817 0.8945
vn -0.4239 -0.3669 0.8280
vn -0.2385 -0.1558 0.9586
vn -0.4375 -0.1499 0.8866
vn -0.2417 -0.0092 0.9703
vn -0.4432 0.0004 0.8964
vn -0.2476 0.1144 0.9621
vn -0.2504 0.2925 0.9229
vn -0.4437 0.3034 0.8433
vn -0.4480 0.1316 0.8843
vn 0.2933 0.2239 0.9294
vn 0.2293 0.1367 0.9637
vn 0.3139 0.1759 0.9330
vn 0.3807 0.2695 0.8846
vn -0.0000 0.2098 0.9778
vn -0.0000 0.1174 0.9931
vn 0.2097 0.0933 0.9733
vn 0.2021 0.0089 0.9793
vn 0.2894 0.0282 0.9568
vn 0.3103 0.1055 0.9448
vn 0.3129 0.0822 0.9462
vn 0.2093 0.0884 0.9738
vn -0.0000 0.0943 0.9955
vn -0.0000 0.0906 0.9959
vn -0.0000 0.0053 1.0000
vn 0.2045 0.1007 0.9737
vn 0.3000 0.0957 0.9491
vn -0.0000 0.0995 0.9950
vn -0.2933 0.2239 0.9294
vn -0.3807 0.2695 0.8846
vn -0.3139 0.1759 0.9330
vn -0.2293 0.1367 0.9637
vn -0.2097 0.0933 0.9733
vn -0.3103 0.1055 0.9448
vn -0.2894 0.0282 0.9568
vn -0.2021 0.0089 0.9793
vn -0.2093 0.0884 0.9738
vn -0.3129 0.0822 0.9462
vn -0.2045 0.1007 0.9737
vn -0.3000 0.0957 0.9491
vn -0.1226 0.9521 0.2800
vn -0.2617 0.7966 0.5448
vn 0.1986 0.6434 0.7393
vn 0.3787 0.7701 0.5134
vn 0.4700 0.3887 0.7925
vn 0.6622 0.4386 0.6076
vn -0.4102 0.4255 0.8066
vn -0.0490 0.3790 0.9241
vn 0.2029 0.3097 0.9289
vn -0.5560 0.8306 0.0307
vn -0.6366 0.7009 0.3218
vn -0.6446 0.4053 0.6482
vn -0.2348 -0.8905 0.3896
vn -0.3457 -0.7004 0.6245
vn -0.7552 -0.5569 0.3458
vn -0.6915 -0.7149 0.1039
vn -0.9424 -0.3134 0.1172
vn -0.9116 -0.3946 -0.1153
vn -0.4444 -0.2955 0.8457
vn -0.7443 -0.2533 0.6179
vn -0.8973 -0.1982 0.3944
vn 0.2746 -0.7539 0.5968
vn 0.1253 -0.5889 0.7984
vn -0.0830 -0.2736 0.9582
vn 0.6011 -0.4557 0.6565
vn 0.4286 -0.3643 0.8268
vn 0.1779 -0.2329 0.9561
vn 0.7900 -0.0204 0.6127
vn 0.6444 -0.0020 0.7647
vn 0.5802 -0.1775 0.7949
vn 0.7476 -0.1985 0.6338
vn 0.3224 0.0316 0.9461
vn 0.2675 -0.1192 0.9561
vn 0.7723 0.1630 0.6141
vn 0.5997 0.1840 0.7787
vn 0.2833 0.1895 0.9401
vn -0.9587 0.0502 -0.2799
vn -0.9949 0.0693 -0.0729
vn -0.9746 0.2197 -0.0438
vn -0.9413 0.2093 -0.2649
vn -0.9282 0.0999 0.3585
vn -0.8826 0.2458 0.4008
vn -0.9624 -0.1294 -0.2387
vn -0.9930 -0.1153 -0.0236
vn -0.9303 -0.0765 0.3588
vn 0.1226 0.9521 0.2800
vn -0.3787 0.7701 0.5134
vn -0.1986 0.6434 0.7393
vn 0.2617 0.7966 0.5448
vn -0.6622 0.4386 0.6076
vn -0.4700 0.3887 0.7925
vn 0.0490 0.3790 0.9241
vn 0.4102 0.4255 0.8066
vn -0.2029 0.3097 0.9289
vn 0.6366 0.7009 0.3218
vn 0.5560 0.8306 0.0307
vn 0.6446 0.4053 0.6482
vn 0.2348 -0.8905 0.3896
vn 0.6915 -0.7149 0.1039
vn 0.7552 -0.5569 0.3458
vn 0.3457 -0.7004 0.6245
vn 0.9116 -0.3946 -0.1153
vn 0.9424 -0.3134 0.1172
vn 0.7443 -0.2533 0.6179
vn 0.4444 -0.2955 0.8457
vn 0.8973 -0.1982 0.3944
vn -0.1253 -0.5889 0.7984
vn -0.2746 -0.7539 0.5968
vn 0.0830 -0.2736 0.9582
vn -0.4286 -0.3643 0.8268
vn -0.6011 -0.4557 0.6565
vn -0.1779 -0.2329 0.9561
vn -0.7900 -0.0204 0.6127
vn -0.7476 -0.1985 0.6338
vn -0.5802 -0.1775 0.7949
vn -0.6444 -0.0020 0.7647
vn -0.2675 -0.1192 0.9561
vn -0.3224 0.0316 0.9461
vn -0.5997 0.1840 0.7788
vn -0.7723 0.1630 0.6141
vn -0.2833 0.1895 0.9401
vn 0.9587 0.0502 -0.2799
vn 0.9413 0.2093 -0.2649
vn 0.9746 0.2197 -0.0438
vn 0.9949 0.0693 -0.0729
vn 0.8826 0.2458 0.4008
vn 0.9282 0.0999 0.3585
vn 0.9930 -0.1153 -0.0236
vn 0.9624 -0.1294 -0.2387
vn 0.9303 -0.0765 0.3588
vn -0.6883 0.2702 0.6733
vn -0.8076 0.3509 0.4740
vn -0.8263 0.5444 -0.1442
vn -0.8675 0.4837 0.1164
vn 0.6883 0.2702 0.6733
vn 0.8076 0.3509 0.4740
vn 0.8675 0.4837 0.1164
vn 0.8263 0.5444 -0.1442
vn -0.4619 0.0976 0.8815
vn -0.7207 0.1128 0.6840
vn -0.7340 -0.0907 0.6731
vn -0.4546 -0.1079 0.8842
vn -0.0907 -0.1103 0.9898
vn -0.0802 0.0666 0.9946
vn -0.0695 0.2411 0.9680
vn -0.4513 0.2816 0.8467
vn 0.4619 0.0976 0.8815
vn 0.4546 -0.1079 0.8842
vn 0.7340 -0.0907 0.6731
vn 0.7207 0.1128 0.6840
vn 0.0802 0.0666 0.9946
vn 0.0907 -0.1103 0.9898
vn 0.4513 0.2816 0.8467
vn 0.0695 0.2411 0.9680
vt 0.847416 0.608830
vt 0.862798 0.607967
vt 0.860406 0.637459
vt 0.844422 0.636542
vt 0.241429 0.808227
vt 0.255969 0.849435
vt 0.241498 0.854438
vt 0.229789 0.810835
vt 0.831741 0.636386
vt 0.834820 0.610180
vt 0.270321 0.868574
vt 0.255426 0.871777
vt 0.628733 0.543905
vt 0.631254 0.609028
vt 0.618046 0.612943
vt 0.618552 0.537150
vt 0.240795 0.872052
vt 0.229297 0.856043
vt 0.640913 0.627432
vt 0.628291 0.627014
vt 0.756104 0.738734
vt 0.733518 0.813012
vt 0.718167 0.811336
vt 0.744497 0.735215
vt 0.615489 0.629923
vt 0.606860 0.616151
vt 0.736698 0.837271
vt 0.719374 0.838809
vt 0.776928 0.743358
vt 0.759384 0.820351
vt 0.747806 0.818222
vt 0.767673 0.741629
vt 0.703647 0.835281
vt 0.705867 0.808592
vt 0.588317 0.562467
vt 0.580624 0.561412
vt 0.589782 0.545205
vt 0.596649 0.548096
vt 0.583785 0.579041
vt 0.575939 0.579687
vt 0.649309 0.678333
vt 0.647410 0.672971
vt 0.667042 0.670687
vt 0.667014 0.676349
vt 0.632456 0.681576
vt 0.628749 0.676660
vt 0.583707 0.698350
vt 0.577316 0.700449
vt 0.575939 0.678870
vt 0.582834 0.678925
vt 0.589842 0.713793
vt 0.584498 0.717554
vt 0.603938 0.625623
vt 0.598541 0.631265
vt 0.589742 0.615997
vt 0.596366 0.611723
vt 0.604215 0.636243
vt 0.589902 0.643950
vt 0.583595 0.639999
vt 0.599296 0.631265
vt 0.706893 0.894791
vt 0.726603 0.896086
vt 0.273719 0.923227
vt 0.254679 0.924721
vt 0.235884 0.922554
vt 0.855284 0.704127
vt 0.835202 0.699258
vt 0.817120 0.692932
vt 0.803654 0.687099
vt 0.822633 0.631338
vt 0.282728 0.866074
vt 0.290940 0.917802
vt 0.763487 0.832066
vt 0.781707 0.877192
vt 0.768596 0.885986
vt 0.752420 0.835467
vt 0.748786 0.893138
vt 0.888036 0.704130
vt 0.874672 0.705468
vt 0.876104 0.641288
vt 0.888036 0.644536
vt 0.583854 0.659466
vt 0.576959 0.657291
vt 0.619639 0.688528
vt 0.614531 0.683961
vt 0.603938 0.537415
vt 0.598168 0.533122
vt 0.260506 0.795912
vt 0.282462 0.842235
vt 0.271201 0.846800
vt 0.252576 0.803311
vt 0.292555 0.861049
vt 0.644284 0.556452
vt 0.658823 0.608585
vt 0.646845 0.608971
vt 0.637772 0.551269
vt 0.219500 0.916925
vt 0.228074 0.866125
vt 0.658593 0.622730
vt 0.684830 0.666923
vt 0.588088 0.595791
vt 0.580607 0.598333
vt 0.604215 0.721417
vt 0.600518 0.725808
vt 0.682643 0.672940
vt 0.669424 0.621843
vt 0.886732 0.617378
vt 0.876668 0.612294
vt 0.877383 0.537172
vt 0.885595 0.534667
vt 0.866974 0.541395
vt 0.734796 0.732705
vt 0.608148 0.534311
vt 0.219500 0.809253
vt 0.848592 0.552884
vt 0.856668 0.547147
vt 0.200275 0.853069
vt 0.200328 0.841352
vt 0.215860 0.840500
vt 0.215467 0.852128
vt 0.638742 0.531150
vt 0.648147 0.538614
vt 0.739551 0.718366
vt 0.749340 0.720889
vt 0.627205 0.524024
vt 0.613994 0.520418
vt 0.200105 0.829467
vt 0.215873 0.828675
vt 0.872057 0.523055
vt 0.880776 0.520417
vt 0.772522 0.727306
vt 0.781707 0.729005
vt 0.199224 0.819499
vt 0.215147 0.818748
vt 0.860797 0.527489
vt 0.849354 0.533516
vt 0.760970 0.724418
vt 0.840527 0.539436
vt 0.199224 0.861947
vt 0.214076 0.860918
vt 0.654574 0.543773
vt 0.844172 0.795073
vt 0.846753 0.823001
vt 0.830831 0.823682
vt 0.828797 0.794069
vt 0.374062 0.788542
vt 0.385532 0.789863
vt 0.373393 0.834353
vt 0.358922 0.830961
vt 0.856901 0.796361
vt 0.859509 0.822872
vt 0.360515 0.853080
vt 0.344716 0.851496
vt 0.703171 0.027044
vt 0.712770 0.019487
vt 0.719372 0.095025
vt 0.705890 0.092177
vt 0.384496 0.834597
vt 0.374618 0.851754
vt 0.710285 0.109870
vt 0.697756 0.111317
vt 0.911676 0.688079
vt 0.899665 0.686284
vt 0.901293 0.644342
vt 0.916180 0.647947
vt 0.730815 0.097364
vt 0.723280 0.111747
vt 0.749274 0.553006
vt 0.747856 0.569592
vt 0.731988 0.574593
vt 0.734138 0.556296
vt 0.722938 0.015849
vt 0.728696 0.013696
vt 0.739426 0.094166
vt 0.763086 0.554240
vt 0.764525 0.568368
vt 0.741388 0.615481
vt 0.724112 0.623147
vt 0.721849 0.616048
vt 0.741248 0.607660
vt 0.760811 0.604332
vt 0.759170 0.612177
vt 0.693310 0.162573
vt 0.675561 0.162071
vt 0.675058 0.156408
vt 0.694746 0.157049
vt 0.713634 0.159222
vt 0.710360 0.164447
vt 0.299957 0.826641
vt 0.299834 0.846159
vt 0.292555 0.846217
vt 0.293171 0.824562
vt 0.298225 0.806365
vt 0.304119 0.810195
vt 0.798016 0.637981
vt 0.787723 0.628401
vt 0.792410 0.622222
vt 0.803654 0.633230
vt 0.315560 0.884290
vt 0.309650 0.888786
vt 0.297307 0.882551
vt 0.304185 0.878789
vt 0.363191 0.905539
vt 0.342197 0.906073
vt 0.381939 0.901353
vt 0.855466 0.885700
vt 0.835587 0.890078
vt 0.873609 0.879542
vt 0.869029 0.817460
vt 0.887528 0.873344
vt 0.322177 0.902493
vt 0.331012 0.850330
vt 0.734368 0.113312
vt 0.728464 0.165435
vt 0.742473 0.115284
vt 0.740025 0.172535
vt 0.803654 0.888768
vt 0.803654 0.829863
vt 0.815276 0.827144
vt 0.816529 0.890817
vt 0.300109 0.864828
vt 0.292811 0.866957
vt 0.723757 0.170415
vt 0.709797 0.630325
vt 0.705782 0.624270
vt 0.354280 0.778381
vt 0.362823 0.784873
vt 0.343237 0.829987
vt 0.330314 0.826641
vt 0.721490 0.565679
vt 0.718950 0.582713
vt 0.318525 0.846349
vt 0.688747 0.040868
vt 0.694775 0.035134
vt 0.690376 0.093402
vt 0.678475 0.094045
vt 0.384385 0.844429
vt 0.395201 0.893923
vt 0.657117 0.154171
vt 0.679822 0.108112
vt 0.774645 0.618171
vt 0.777975 0.610903
vt 0.315560 0.800641
vt 0.310899 0.795912
vt 0.659792 0.160009
vt 0.669043 0.108184
vt 0.805082 0.802879
vt 0.807364 0.719726
vt 0.815378 0.722523
vt 0.814967 0.798168
vt 0.825690 0.726914
vt 0.714322 0.520418
vt 0.703647 0.525968
vt 0.888036 0.645780
vt 0.889245 0.686903
vt 0.395201 0.787165
vt 0.844116 0.738385
vt 0.835958 0.732741
vt 0.606307 0.759543
vt 0.590479 0.759578
vt 0.590911 0.747886
vt 0.606860 0.747756
vt 0.683414 0.023343
vt 0.692165 0.015124
vt 0.898595 0.697023
vt 0.888036 0.697848
vt 0.703085 0.007087
vt 0.715984 0.002454
vt 0.590692 0.736047
vt 0.606726 0.735853
vt 0.812361 0.705468
vt 0.820877 0.708404
vt 0.722570 0.000000
vt 0.589670 0.726175
vt 0.605759 0.725939
vt 0.832036 0.713017
vt 0.843436 0.719133
vt 0.923053 0.691820
vt 0.922003 0.702500
vt 0.910680 0.698607
vt 0.852343 0.724969
vt 0.605376 0.768522
vt 0.589670 0.768463
vt 0.677468 0.029048
vt 0.391963 0.328024
vt 0.393101 0.351206
vt 0.376227 0.344054
vt 0.378716 0.318725
vt 0.383414 0.296654
vt 0.395870 0.309819
vt 0.404708 0.322130
vt 0.402905 0.336907
vt 0.661023 0.243230
vt 0.675022 0.250492
vt 0.675640 0.268487
vt 0.661023 0.262080
vt 0.310104 0.589579
vt 0.308353 0.610262
vt 0.289582 0.602819
vt 0.293769 0.582662
vt 0.298551 0.564469
vt 0.312614 0.571850
vt 0.273452 0.054563
vt 0.275417 0.036512
vt 0.284616 0.040184
vt 0.281101 0.055053
vt 0.160677 0.693749
vt 0.169019 0.688933
vt 0.169019 0.706470
vt 0.155326 0.709022
vt 0.982502 0.048664
vt 0.981969 0.064828
vt 0.965019 0.064584
vt 0.963136 0.048187
vt 0.961142 0.035361
vt 0.981939 0.035532
vt 0.317525 0.006294
vt 0.330864 0.004571
vt 0.330845 0.021235
vt 0.318155 0.023111
vt 0.305232 0.027516
vt 0.302918 0.011811
vt 0.287156 0.665943
vt 0.282414 0.680202
vt 0.257884 0.684632
vt 0.262846 0.663712
vt 0.270914 0.642494
vt 0.292756 0.649741
vt 0.314370 0.654688
vt 0.313476 0.670870
vt 0.314740 0.688218
vt 0.388159 0.421805
vt 0.385718 0.453284
vt 0.366543 0.440908
vt 0.369420 0.412799
vt 0.372020 0.386923
vt 0.390446 0.394529
vt 0.404823 0.401695
vt 0.403901 0.431374
vt 0.403536 0.464236
vt 0.946041 0.049215
vt 0.949181 0.063022
vt 0.934902 0.066414
vt 0.930843 0.054922
vt 0.928171 0.047466
vt 0.943521 0.039185
vt 0.277136 0.580093
vt 0.270764 0.598274
vt 0.255222 0.594958
vt 0.265626 0.577819
vt 0.272632 0.564333
vt 0.283318 0.562979
vt 0.242353 0.662501
vt 0.236438 0.689527
vt 0.219500 0.690535
vt 0.225388 0.660259
vt 0.234826 0.633382
vt 0.251042 0.637600
vt 0.239830 0.710315
vt 0.247728 0.726239
vt 0.232460 0.730480
vt 0.223000 0.713597
vt 0.260266 0.702445
vt 0.267061 0.717079
vt 0.385455 0.480981
vt 0.385472 0.499548
vt 0.359031 0.488737
vt 0.364080 0.467874
vt 0.405256 0.488637
vt 0.407389 0.505631
vt 0.282525 0.694238
vt 0.286681 0.707850
vt 0.303603 0.695557
vt 0.305399 0.707504
vt 0.313873 0.193656
vt 0.315636 0.209242
vt 0.295484 0.203540
vt 0.295496 0.188241
vt 0.270827 0.119853
vt 0.274721 0.100050
vt 0.282236 0.101485
vt 0.278834 0.118750
vt 0.330822 0.032101
vt 0.320679 0.033750
vt 0.330834 0.195688
vt 0.330867 0.211707
vt 0.266135 0.178514
vt 0.268628 0.186383
vt 0.246115 0.175262
vt 0.246943 0.163302
vt 0.342930 0.459519
vt 0.337420 0.478950
vt 0.316967 0.473773
vt 0.321989 0.453122
vt 0.328603 0.427348
vt 0.347533 0.432968
vt 0.528219 0.822219
vt 0.542687 0.823153
vt 0.541113 0.846402
vt 0.520390 0.845661
vt 0.498232 0.843530
vt 0.517600 0.819170
vt 0.525916 0.794108
vt 0.533729 0.795802
vt 0.542817 0.796255
vt 0.406637 0.302829
vt 0.413395 0.322152
vt 0.951941 0.085321
vt 0.938482 0.083990
vt 0.967026 0.088800
vt 0.966894 0.105542
vt 0.951829 0.103018
vt 0.351968 0.406439
vt 0.335248 0.402009
vt 0.341421 0.378891
vt 0.355900 0.382286
vt 0.287489 0.054881
vt 0.280234 0.078034
vt 0.272480 0.077483
vt 0.290868 0.034552
vt 0.309632 0.037697
vt 0.293702 0.061824
vt 0.287107 0.082142
vt 0.982316 0.085316
vt 0.982502 0.100837
vt 0.285480 0.021835
vt 0.529047 0.761127
vt 0.539733 0.759582
vt 0.520024 0.763047
vt 0.499504 0.739199
vt 0.520251 0.736538
vt 0.535472 0.733474
vt 0.368461 0.312781
vt 0.363317 0.339716
vt 0.352965 0.336966
vt 0.360536 0.309568
vt 0.367532 0.284598
vt 0.374481 0.288464
vt 0.831431 0.471888
vt 0.839844 0.469612
vt 0.841420 0.492239
vt 0.834834 0.492378
vt 0.356102 0.906992
vt 0.357961 0.906073
vt 0.350909 0.924754
vt 0.349190 0.925506
vt 0.276963 0.758355
vt 0.293126 0.761745
vt 0.274948 0.779942
vt 0.258390 0.775577
vt 0.661023 0.265614
vt 0.643091 0.262542
vt 0.643091 0.243230
vt 0.660263 0.246820
vt 0.274898 0.758162
vt 0.291488 0.754640
vt 0.265723 0.225465
vt 0.264477 0.238276
vt 0.237163 0.235305
vt 0.238974 0.216265
vt 0.290495 0.244592
vt 0.290006 0.260743
vt 0.263692 0.259798
vt 0.236275 0.256517
vt 0.291237 0.233115
vt 0.843685 0.510496
vt 0.838168 0.509510
vt 0.334991 0.519764
vt 0.348813 0.521317
vt 0.344475 0.536196
vt 0.330801 0.534583
vt 0.824065 0.519607
vt 0.820743 0.502490
vt 0.336473 0.514596
vt 0.350827 0.518266
vt 0.307550 0.750023
vt 0.307909 0.767858
vt 0.220255 0.237795
vt 0.219656 0.256577
vt 0.291041 0.785764
vt 0.221830 0.219803
vt 0.348715 0.952531
vt 0.350896 0.953065
vt 0.357961 0.978544
vt 0.355352 0.977274
vt 0.375095 0.524928
vt 0.402442 0.528192
vt 0.397360 0.545879
vt 0.370571 0.540300
vt 0.515476 0.764468
vt 0.498232 0.746309
vt 0.521399 0.791928
vt 0.841127 0.451204
vt 0.864855 0.450165
vt 0.857551 0.470431
vt 0.381990 0.510811
vt 0.357568 0.502115
vt 0.329895 0.951903
vt 0.318812 0.951647
vt 0.318525 0.928853
vt 0.329552 0.926674
vt 0.257899 0.736530
vt 0.274904 0.728697
vt 0.268000 0.196069
vt 0.242424 0.186754
vt 0.292948 0.719856
vt 0.170755 0.829769
vt 0.170389 0.818748
vt 0.199224 0.819287
vt 0.197438 0.827933
vt 0.292412 0.209375
vt 0.861472 0.520418
vt 0.857656 0.498389
vt 0.514986 0.814859
vt 0.340793 0.498751
vt 0.338572 0.493780
vt 0.199224 0.847981
vt 0.176382 0.852399
vt 0.376141 0.524915
vt 0.242702 0.742553
vt 0.829708 0.454975
vt 0.359430 0.361338
vt 0.346967 0.358595
vt 0.374109 0.365566
vt 0.266934 0.137335
vt 0.254178 0.137495
vt 0.260615 0.120698
vt 0.316966 0.183489
vt 0.330817 0.185158
vt 0.266715 0.154240
vt 0.275415 0.134207
vt 0.275239 0.149521
vt 0.251124 0.155080
vt 0.260325 0.617136
vt 0.244130 0.613212
vt 0.279289 0.622580
vt 0.297151 0.043761
vt 0.274925 0.174092
vt 0.282445 0.167015
vt 0.300639 0.178889
vt 0.299850 0.630633
vt 0.318525 0.612753
vt 0.316759 0.634720
vt 0.392285 0.372899
vt 0.405438 0.357791
vt 0.405945 0.379197
vt 0.265468 0.100167
vt 0.259743 0.760870
vt 0.817096 0.483135
vt 0.813848 0.467776
vt 0.318525 0.713018
vt 0.324478 0.310336
vt 0.340433 0.308691
vt 0.329486 0.331803
vt 0.311554 0.329832
vt 0.330639 0.292721
vt 0.347939 0.287356
vt 0.310968 0.312809
vt 0.316936 0.299124
vt 0.298008 0.329632
vt 0.628098 0.310933
vt 0.646660 0.306378
vt 0.650159 0.327003
vt 0.629429 0.331757
vt 0.627142 0.292991
vt 0.643249 0.287654
vt 0.388462 0.054563
vt 0.380745 0.055053
vt 0.377252 0.040184
vt 0.386470 0.036512
vt 0.617051 0.332753
vt 0.621486 0.311555
vt 0.978105 0.024600
vt 0.958697 0.023893
vt 0.955573 0.012890
vt 0.972753 0.014395
vt 0.344224 0.006294
vt 0.343568 0.023111
vt 0.358875 0.011810
vt 0.356545 0.027516
vt 0.649768 0.390095
vt 0.676018 0.391293
vt 0.680954 0.412811
vt 0.654606 0.404954
vt 0.643892 0.373178
vt 0.667786 0.369045
vt 0.619814 0.391240
vt 0.619242 0.375013
vt 0.617237 0.408292
vt 0.279983 0.393451
vt 0.300452 0.394722
vt 0.289153 0.420624
vt 0.266554 0.422050
vt 0.291628 0.368628
vt 0.311099 0.370954
vt 0.261970 0.394172
vt 0.276099 0.367955
vt 0.245991 0.422941
vt 0.360753 0.271061
vt 0.359645 0.284575
vt 0.346950 0.274262
vt 0.371318 0.271917
vt 0.942596 0.030365
vt 0.941600 0.021535
vt 0.662373 0.306070
vt 0.672291 0.305324
vt 0.682797 0.323829
vt 0.668679 0.325051
vt 0.657490 0.288226
vt 0.666225 0.290966
vt 0.249476 0.391835
vt 0.232458 0.417207
vt 0.695440 0.392862
vt 0.687140 0.366882
vt 0.701698 0.364845
vt 0.709800 0.392858
vt 0.700687 0.420566
vt 0.696411 0.440770
vt 0.709800 0.446216
vt 0.699676 0.461705
vt 0.687799 0.455517
vt 0.220879 0.435688
vt 0.232787 0.443431
vt 0.677565 0.430185
vt 0.669822 0.443788
vt 0.253463 0.446384
vt 0.278350 0.445403
vt 0.273286 0.466262
vt 0.244912 0.462706
vt 0.223141 0.457338
vt 0.653785 0.418890
vt 0.648834 0.431845
vt 0.628724 0.417148
vt 0.625700 0.428751
vt 0.347817 0.193656
vt 0.366224 0.188241
vt 0.366277 0.203540
vt 0.346116 0.209242
vt 0.390970 0.119853
vt 0.382902 0.118750
vt 0.379480 0.101485
vt 0.387054 0.100050
vt 0.340994 0.033750
vt 0.395669 0.178514
vt 0.415072 0.163302
vt 0.415879 0.175262
vt 0.393199 0.186383
vt 0.300676 0.448444
vt 0.296717 0.468282
vt 0.309430 0.422980
vt 0.556483 0.820205
vt 0.561498 0.842732
vt 0.566805 0.815663
vt 0.584832 0.837358
vt 0.551076 0.794566
vt 0.557758 0.791838
vt 0.325362 0.281526
vt 0.309814 0.295002
vt 0.938099 0.009569
vt 0.950800 -0.000000
vt 0.653314 0.272479
vt 0.639229 0.271061
vt 0.318583 0.397688
vt 0.327209 0.374766
vt 0.374294 0.054881
vt 0.389339 0.077483
vt 0.381523 0.078034
vt 0.370970 0.034552
vt 0.352089 0.037697
vt 0.374596 0.082142
vt 0.368025 0.061824
vt 0.623752 0.278975
vt 0.376361 0.021835
vt 0.359654 -0.000000
vt 0.380260 0.012878
vt 0.549739 0.759653
vt 0.557957 0.760343
vt 0.550018 0.734416
vt 0.568643 0.734271
vt 0.352128 0.308500
vt 0.342666 0.334303
vt 0.836928 0.909418
vt 0.833156 0.928593
vt 0.826584 0.928213
vt 0.828571 0.906950
vt 0.244250 0.999057
vt 0.237209 0.981561
vt 0.239229 0.981302
vt 0.246097 1.000000
vt 0.655114 0.483347
vt 0.672032 0.502988
vt 0.656010 0.505080
vt 0.639550 0.484525
vt 0.982050 0.627514
vt 0.981753 0.643520
vt 0.963350 0.643675
vt 0.961928 0.627514
vt 0.657145 0.483438
vt 0.641808 0.477699
vt 0.396061 0.225465
vt 0.422882 0.216265
vt 0.424695 0.235305
vt 0.397328 0.238276
vt 0.398268 0.259798
vt 0.372003 0.260743
vt 0.371385 0.244592
vt 0.425749 0.256517
vt 0.370607 0.233115
vt 0.823805 0.947233
vt 0.829357 0.946251
vt 0.843268 0.956124
vt 0.840528 0.970733
vt 0.826723 0.959654
vt 0.847052 0.938518
vt 0.488927 0.266508
vt 0.483553 0.266754
vt 0.485472 0.252398
vt 0.488927 0.251078
vt 0.624400 0.470838
vt 0.622330 0.488484
vt 0.441756 0.237795
vt 0.442531 0.256577
vt 0.637553 0.508572
vt 0.440185 0.219803
vt 0.236986 0.954660
vt 0.243894 0.929974
vt 0.246097 0.930130
vt 0.239128 0.954299
vt 0.978828 0.670500
vt 0.962813 0.670806
vt 0.976491 0.696921
vt 0.961004 0.697336
vt 0.563114 0.761073
vt 0.573447 0.740948
vt 0.562138 0.789024
vt 0.810855 0.907286
vt 0.803654 0.890817
vt 0.827373 0.892189
vt 0.243001 0.474381
vt 0.268653 0.478809
vt 0.219500 0.467218
vt 0.676844 0.464337
vt 0.661273 0.454254
vt 0.393826 0.196069
vt 0.419542 0.186754
vt 0.642045 0.442920
vt 0.622063 0.439557
vt 0.369426 0.209375
vt 0.805764 0.956957
vt 0.810231 0.933711
vt 0.570606 0.810895
vt 0.588421 0.825132
vt 0.823039 0.961730
vt 0.803654 0.975739
vt 0.609038 0.467551
vt 0.220044 0.948801
vt 0.229496 0.924721
vt 0.688173 0.472272
vt 0.838714 0.896082
vt 0.219500 0.973788
vt 0.334838 0.354892
vt 0.320170 0.351428
vt 0.394868 0.137335
vt 0.401265 0.120698
vt 0.407722 0.137495
vt 0.344687 0.183489
vt 0.395080 0.154240
vt 0.386497 0.149521
vt 0.386326 0.134207
vt 0.410764 0.155080
vt 0.678547 0.345251
vt 0.693433 0.343517
vt 0.659824 0.348075
vt 0.364623 0.043761
vt 0.361049 0.178889
vt 0.379277 0.167015
vt 0.386842 0.174092
vt 0.637380 0.353194
vt 0.617973 0.354840
vt 0.301026 0.348979
vt 0.286550 0.347903
vt 0.396380 0.100167
vt 0.668467 0.488066
vt 0.851039 0.920503
vt 0.854314 0.908746
vt 0.606860 0.432211
vt 0.795100 0.952018
vt 0.795100 0.980228
vt 0.776319 0.977314
vt 0.771820 0.955499
vt 0.768798 0.928799
vt 0.785773 0.920525
vt 0.594184 0.798456
vt 0.607299 0.771681
vt 0.622196 0.776306
vt 0.614343 0.797187
vt 0.616077 0.824312
vt 0.599704 0.830817
vt 0.647518 0.803749
vt 0.648088 0.768522
vt 0.682092 0.770495
vt 0.681392 0.813302
vt 0.670923 0.858989
vt 0.638915 0.841916
vt 0.439661 0.917463
vt 0.442594 0.878451
vt 0.473681 0.877070
vt 0.469842 0.923784
vt 0.473681 0.965510
vt 0.442813 0.952084
vt 0.749552 0.953013
vt 0.750588 0.914055
vt 0.413395 0.911663
vt 0.422895 0.886947
vt 0.878479 0.289980
vt 0.894748 0.307803
vt 0.879036 0.333626
vt 0.860011 0.314394
vt 0.835873 0.305293
vt 0.857824 0.280261
vt 0.875621 0.271061
vt 0.894563 0.272978
vt 0.768890 0.896086
vt 0.625450 0.858661
vt 0.654592 0.878357
vt 0.036995 0.744984
vt 0.060898 0.775254
vt 0.035449 0.788904
vt 0.015394 0.758354
vt 0.000000 0.734566
vt 0.008711 0.718590
vt 0.742473 0.018411
vt 0.766065 0.000000
vt 0.772727 0.035965
vt 0.751393 0.052398
vt 0.067596 0.800033
vt 0.057692 0.829197
vt 0.027210 0.837885
vt 0.038179 0.812611
vt 0.073009 0.755401
vt 0.083986 0.780220
vt 0.851483 0.334851
vt 0.875039 0.352906
vt 0.879290 0.375675
vt 0.852942 0.362225
vt 0.823786 0.359633
vt 0.823429 0.327971
vt 0.132049 0.764769
vt 0.170389 0.739231
vt 0.170118 0.770352
vt 0.134656 0.791093
vt 0.091295 0.800306
vt 0.084764 0.777265
vt 0.083986 0.758566
vt 0.128886 0.744871
vt 0.165170 0.718590
vt 0.814003 -0.000000
vt 0.856766 0.013540
vt 0.853573 0.044460
vt 0.815403 0.034443
vt 0.703647 0.821003
vt 0.691083 0.867310
vt 0.703647 0.776704
vt 0.818288 0.105315
vt 0.850225 0.108889
vt 0.838841 0.136588
vt 0.816841 0.138883
vt 0.793119 0.144887
vt 0.783717 0.107905
vt 0.817154 0.096767
vt 0.786177 0.098961
vt 0.845626 0.100535
vt 0.135195 0.840917
vt 0.168101 0.828782
vt 0.161999 0.857308
vt 0.138008 0.861645
vt 0.114502 0.862322
vt 0.101336 0.847405
vt 0.133219 0.831222
vt 0.103123 0.837264
vt 0.162642 0.819939
vt 0.867387 0.412066
vt 0.894748 0.416210
vt 0.892246 0.440145
vt 0.872732 0.438657
vt 0.845510 0.447932
vt 0.839985 0.417883
vt 0.864431 0.407393
vt 0.840235 0.411618
vt 0.888320 0.411965
vt 0.246097 0.951192
vt 0.254873 0.928706
vt 0.281782 0.924721
vt 0.276247 0.950296
vt 0.281782 0.969514
vt 0.256929 0.977544
vt 0.031788 0.872621
vt 0.006164 0.873134
vt 0.771618 0.107989
vt 0.029091 0.882293
vt 0.000000 0.881770
vt 0.051414 0.865539
vt 0.051769 0.875307
vt 0.087304 0.830254
vt 0.083986 0.839993
vt 0.703647 0.953015
vt 0.726910 0.956653
vt 0.722445 0.977587
vt 0.703647 0.980298
vt 0.713278 0.921549
vt 0.730210 0.929859
vt 0.772084 0.144887
vt 0.786201 0.156354
vt 0.765559 0.172721
vt 0.749924 0.165806
vt 0.405820 0.567604
vt 0.392702 0.579951
vt 0.376138 0.575839
vt 0.382763 0.562979
vt 0.800416 0.187752
vt 0.811405 0.224424
vt 0.769336 0.239054
vt 0.765127 0.200370
vt 0.827644 0.174000
vt 0.844050 0.207707
vt 0.806462 0.155319
vt 0.617880 0.924245
vt 0.645645 0.925534
vt 0.650349 0.971786
vt 0.621675 0.962387
vt 0.621757 0.885077
vt 0.650349 0.878357
vt 0.749552 0.953106
vt 0.748762 0.914532
vt 0.603836 0.947215
vt 0.594184 0.921792
vt 0.877538 -0.000000
vt 0.895841 0.029576
vt 0.871697 0.044030
vt 0.856766 0.013779
vt 0.742473 0.202994
vt 0.742473 0.241002
vt 0.730712 0.896086
vt 0.368633 0.607892
vt 0.346923 0.640368
vt 0.329112 0.623458
vt 0.353337 0.592183
vt 0.389486 0.620155
vt 0.371259 0.652745
vt 0.401521 0.595672
vt 0.823429 0.314523
vt 0.812245 0.347848
vt 0.791862 0.330085
vt 0.800966 0.294624
vt 0.340886 0.666324
vt 0.369199 0.677234
vt 0.379102 0.702912
vt 0.349641 0.696162
vt 0.318525 0.649957
vt 0.903038 0.052421
vt 0.898689 0.080140
vt 0.868686 0.088065
vt 0.874666 0.065053
vt 0.928171 0.047530
vt 0.924557 0.079867
vt 0.742666 0.264385
vt 0.772821 0.265525
vt 0.451165 0.779142
vt 0.449007 0.805604
vt 0.414120 0.785746
vt 0.413395 0.754547
vt 0.498232 0.790918
vt 0.492272 0.814238
vt 0.453600 0.758878
vt 0.498232 0.771836
vt 0.417809 0.733474
vt 0.753188 0.291423
vt 0.749398 0.325725
vt 0.710812 0.333138
vt 0.709800 0.302043
vt 0.757173 0.271061
vt 0.803789 0.273018
vt 0.815840 0.251714
vt 0.741769 0.396259
vt 0.740933 0.429862
vt 0.719255 0.426078
vt 0.709800 0.397667
vt 0.776127 0.401132
vt 0.764266 0.437413
vt 0.743509 0.387795
vt 0.774297 0.392036
vt 0.714970 0.389630
vt 0.448954 0.855407
vt 0.446830 0.876468
vt 0.423467 0.872817
vt 0.416658 0.844093
vt 0.483007 0.861623
vt 0.470608 0.877070
vt 0.451013 0.845811
vt 0.481268 0.851600
vt 0.422139 0.835266
vt 0.281782 0.949572
vt 0.308635 0.951519
vt 0.312864 0.971705
vt 0.289736 0.977576
vt 0.282302 0.924721
vt 0.312864 0.925363
vt 0.882354 0.124340
vt 0.903178 0.130646
vt 0.856766 0.124285
vt 0.376183 0.749532
vt 0.387553 0.777295
vt 0.359729 0.778381
vt 0.349584 0.746080
vt 0.403879 0.747036
vt 0.405820 0.771239
vt 0.372310 0.740286
vt 0.396766 0.739069
vt 0.788425 0.401957
vt 0.349106 0.736309
vt 0.402255 0.864841
vt 0.395201 0.839826
vt 0.404632 0.838338
vt 0.411984 0.867051
vt 0.403685 0.887856
vt 0.395201 0.882576
vt 0.169019 0.708995
vt 0.172031 0.690159
vt 0.175445 0.690579
vt 0.667482 0.892156
vt 0.665575 0.894096
vt 0.670093 0.889558
vt 0.672652 0.887055
vt 0.674421 0.885367
vt 0.958033 0.834440
vt 0.964996 0.852851
vt 0.961865 0.854142
vt 0.968133 0.851883
vt 0.217765 0.718591
vt 0.196244 0.728421
vt 0.194177 0.726307
vt 0.198895 0.731056
vt 0.201358 0.733442
vt 0.178258 0.690104
vt 0.988161 0.276266
vt 0.982612 0.288428
vt 0.976937 0.284780
vt 0.985367 0.274199
vt 0.991585 0.276591
vt 0.989082 0.289552
vt 0.672711 0.907572
vt 0.667719 0.909302
vt 0.679562 0.905340
vt 0.686286 0.903257
vt 0.967352 0.876782
vt 0.962218 0.877031
vt 0.959644 0.855370
vt 0.973766 0.875016
vt 0.979580 0.872198
vt 0.183502 0.745431
vt 0.178193 0.743354
vt 0.190437 0.747745
vt 0.196979 0.749608
vt 0.973663 0.279769
vt 0.983985 0.271061
vt 0.975684 0.304432
vt 0.967010 0.301366
vt 0.984948 0.305566
vt 0.671495 0.924768
vt 0.664269 0.925685
vt 0.681559 0.924893
vt 0.691550 0.926066
vt 0.972749 0.902109
vt 0.964745 0.899221
vt 0.982314 0.901835
vt 0.990621 0.898343
vt 0.178077 0.774090
vt 0.170389 0.772661
vt 0.188296 0.774126
vt 0.198075 0.772699
vt 0.961410 0.297336
vt 0.974563 0.325572
vt 0.963025 0.323626
vt 0.986574 0.326713
vt 0.992101 0.304523
vt 0.995566 0.326752
vt 0.676451 0.944953
vt 0.664013 0.942012
vt 0.688670 0.949875
vt 0.968359 0.926769
vt 0.958033 0.920781
vt 0.980700 0.927908
vt 0.907039 0.931391
vt 0.911217 0.957239
vt 0.899541 0.956594
vt 0.898025 0.931121
vt 0.181339 0.803124
vt 0.171658 0.802617
vt 0.194041 0.800469
vt 0.206065 0.795316
vt 0.204604 0.770281
vt 0.213964 0.789258
vt 0.971445 0.342622
vt 0.961410 0.340856
vt 0.981822 0.344174
vt 0.657927 0.960345
vt 0.650349 0.959394
vt 0.654960 0.941820
vt 0.668409 0.963799
vt 0.678760 0.968823
vt 0.697148 0.955272
vt 0.685995 0.973899
vt 0.902005 0.978196
vt 0.891553 0.979911
vt 0.887528 0.958485
vt 0.912121 0.978223
vt 0.919197 0.960129
vt 0.918991 0.979911
vt 0.200823 0.815573
vt 0.190087 0.818748
vt 0.211025 0.810371
vt 0.217765 0.804733
vt 0.944814 0.520418
vt 0.938065 0.553916
vt 0.931453 0.551747
vt 0.944017 0.554135
vt 0.887528 0.705468
vt 0.898956 0.736910
vt 0.893368 0.739036
vt 0.905644 0.733541
vt 0.911464 0.729891
vt 0.981791 0.705468
vt 0.969115 0.737286
vt 0.964721 0.733647
vt 0.975586 0.739482
vt 0.982273 0.739509
vt 0.215762 0.541829
vt 0.197675 0.566226
vt 0.191998 0.563676
vt 0.204346 0.569661
vt 0.210041 0.572985
vt 0.926117 0.548336
vt 0.931946 0.585025
vt 0.918784 0.581131
vt 0.943413 0.586281
vt 0.909030 0.768632
vt 0.897280 0.771038
vt 0.923180 0.764336
vt 0.935566 0.759363
vt 0.956256 0.773113
vt 0.947831 0.764702
vt 0.968951 0.777773
vt 0.982273 0.777113
vt 0.179563 0.594982
vt 0.167632 0.591763
vt 0.193684 0.599379
vt 0.205830 0.603680
vt 0.907801 0.575835
vt 0.927436 0.609799
vt 0.910160 0.607017
vt 0.941914 0.611999
vt 0.910807 0.796865
vt 0.895318 0.796790
vt 0.929658 0.796395
vt 0.946333 0.795497
vt 0.018215 0.883765
vt 0.023842 0.920299
vt 0.007192 0.921878
vt 0.005548 0.888240
vt 0.031452 0.882293
vt 0.040975 0.920558
vt 0.980220 0.808618
vt 0.963150 0.809833
vt 0.171462 0.633795
vt 0.155727 0.632852
vt 0.190302 0.634365
vt 0.206698 0.634375
vt 0.895194 0.604480
vt 0.927219 0.635675
vt 0.906223 0.638963
vt 0.944814 0.635563
vt 0.906169 0.821815
vt 0.887528 0.819991
vt 0.928459 0.827113
vt 0.947831 0.834439
vt 0.018928 0.965799
vt 0.000000 0.959357
vt 0.038720 0.972704
vt 0.053444 0.922658
vt 0.053444 0.978009
vt 0.174287 0.688375
vt 0.155326 0.688933
vt 0.196630 0.683296
vt 0.215762 0.675030
vt 0.888036 0.644342
vt 0.960256 0.361337
vt 0.965728 0.384190
vt 0.962600 0.384695
vt 0.968921 0.382854
vt 0.971253 0.381109
vt 0.956277 0.520418
vt 0.948097 0.539223
vt 0.944997 0.539529
vt 0.951822 0.539207
vt 0.955069 0.539476
vt 0.467667 0.251078
vt 0.461610 0.266204
vt 0.458744 0.266364
vt 0.464908 0.267217
vt 0.467667 0.269060
vt 0.964498 0.144887
vt 0.967966 0.166319
vt 0.964808 0.165751
vt 0.971702 0.166420
vt 0.974911 0.166045
vt 0.972489 0.402549
vt 0.966048 0.402606
vt 0.978797 0.400084
vt 0.983154 0.396025
vt 0.950702 0.556248
vt 0.944814 0.558401
vt 0.957771 0.554313
vt 0.444327 0.260468
vt 0.458744 0.263400
vt 0.455747 0.269475
vt 0.442531 0.263474
vt 0.444356 0.257057
vt 0.458454 0.256594
vt 0.442531 0.254253
vt 0.454820 0.251078
vt 0.955113 0.180124
vt 0.951903 0.177710
vt 0.963115 0.164900
vt 0.961085 0.182750
vt 0.968137 0.184804
vt 0.974187 0.185717
vt 0.974816 0.422995
vt 0.965558 0.421714
vt 0.983985 0.421624
vt 0.990419 0.418108
vt 0.955655 0.583510
vt 0.946885 0.584362
vt 0.965849 0.581852
vt 0.963929 0.553147
vt 0.974461 0.579902
vt 0.967865 0.552998
vt 0.979658 0.578075
vt 0.939256 0.460411
vt 0.938114 0.473588
vt 0.928546 0.473122
vt 0.932672 0.458811
vt 0.945295 0.201282
vt 0.940166 0.200469
vt 0.954215 0.202824
vt 0.964402 0.204662
vt 0.972857 0.206252
vt 0.972191 0.442437
vt 0.960256 0.441812
vt 0.984029 0.441167
vt 0.992352 0.438449
vt 0.956285 0.607131
vt 0.944814 0.605286
vt 0.969602 0.608090
vt 0.980838 0.607923
vt 0.931046 0.493553
vt 0.920042 0.496609
vt 0.920042 0.476197
vt 0.943378 0.493712
vt 0.938821 0.227890
vt 0.932082 0.228805
vt 0.950515 0.226909
vt 0.963853 0.226154
vt 0.974911 0.225834
vt 0.974444 0.453839
vt 0.965091 0.455526
vt 0.983864 0.451980
vt 0.476408 0.263237
vt 0.467667 0.264840
vt 0.467964 0.254944
vt 0.476408 0.251078
vt 0.954290 0.621190
vt 0.945506 0.617648
vt 0.964388 0.624831
vt 0.972825 0.627514
vt 0.930638 0.517587
vt 0.921839 0.517957
vt 0.940529 0.518515
vt 0.953418 0.496906
vt 0.948609 0.520418
vt 0.956016 0.247799
vt 0.947031 0.250668
vt 0.966161 0.244295
vt 0.974485 0.241195
vt 0.513542 0.511864
vt 0.481836 0.509047
vt 0.480779 0.482692
vt 0.515345 0.485140
vt 0.549498 0.486928
vt 0.544438 0.513010
vt 0.540523 0.533122
vt 0.511560 0.532667
vt 0.481579 0.529294
vt 0.546310 0.193651
vt 0.511647 0.200432
vt 0.502862 0.171513
vt 0.541038 0.163340
vt 0.580289 0.157688
vt 0.580934 0.187972
vt 0.582790 0.215693
vt 0.551430 0.221707
vt 0.519233 0.227065
vt 0.613831 0.126141
vt 0.608181 0.157024
vt 0.579991 0.125982
vt 0.577546 0.094222
vt 0.614403 0.094375
vt 0.638735 0.097031
vt 0.635605 0.128518
vt 0.625002 0.158221
vt 0.603182 0.185695
vt 0.615450 0.184922
vt 0.610821 0.208020
vt 0.601398 0.211249
vt 0.000667 0.606414
vt 0.003783 0.575960
vt 0.028646 0.574521
vt 0.025938 0.606312
vt 0.024531 0.639868
vt -0.000000 0.638708
vt 0.555706 0.246468
vt 0.523509 0.250954
vt 0.586721 0.239713
vt 0.051452 0.668690
vt 0.025141 0.664655
vt 0.051704 0.642687
vt 0.079203 0.644891
vt 0.078780 0.671281
vt 0.079536 0.693939
vt 0.052060 0.691229
vt 0.026217 0.686042
vt 0.002518 0.661781
vt 0.004836 0.680591
vt 0.501294 0.251078
vt 0.483713 0.244175
vt 0.485793 0.229531
vt 0.498112 0.229541
vt 0.536305 0.131813
vt 0.494986 0.140765
vt 0.488896 0.109407
vt 0.531701 0.100270
vt 0.106664 0.609506
vt 0.109556 0.576416
vt 0.132692 0.578974
vt 0.129979 0.609918
vt 0.128076 0.642526
vt 0.104710 0.644205
vt 0.081219 0.609040
vt 0.084054 0.574808
vt 0.147792 0.663804
vt 0.127718 0.666578
vt 0.149152 0.641748
vt 0.473012 0.275386
vt 0.494641 0.271061
vt 0.495855 0.291241
vt 0.475159 0.293664
vt 0.462588 0.297912
vt 0.456656 0.286572
vt 0.149182 0.681786
vt 0.129495 0.687248
vt 0.104458 0.669823
vt 0.105814 0.691955
vt 0.053550 0.607581
vt 0.056243 0.574157
vt 0.125775 0.278941
vt 0.125019 0.274265
vt 0.146263 0.271836
vt 0.147760 0.276426
vt 0.100495 0.277738
vt 0.100591 0.273103
vt 0.209059 0.058044
vt 0.205487 0.060841
vt 0.196279 0.042261
vt 0.199530 0.038814
vt 0.215831 0.083449
vt 0.212032 0.085387
vt 0.097972 0.005039
vt 0.098152 0.009628
vt 0.072456 0.012361
vt 0.071378 0.007868
vt 0.125537 0.005536
vt 0.124786 0.010109
vt 0.073301 0.273203
vt 0.074315 0.268721
vt 0.147771 0.519261
vt 0.139462 0.489095
vt 0.166698 0.477713
vt 0.173558 0.507467
vt 0.179514 0.529965
vt 0.154651 0.541829
vt 0.052799 0.715946
vt 0.081056 0.718590
vt 0.120466 0.528812
vt 0.111122 0.498902
vt 0.129915 0.452447
vt 0.158483 0.442750
vt 0.100415 0.461495
vt 0.089495 0.420318
vt 0.119792 0.412643
vt 0.149313 0.405345
vt 0.184923 0.434508
vt 0.191580 0.467762
vt 0.176463 0.398814
vt 0.199494 0.393449
vt 0.207421 0.428010
vt 0.212602 0.460134
vt 0.195710 0.495689
vt 0.213839 0.486839
vt 0.465416 0.227582
vt 0.475207 0.213897
vt 0.199669 0.516237
vt 0.049097 0.535170
vt 0.035229 0.509303
vt 0.056937 0.506895
vt 0.069394 0.535589
vt 0.155326 0.700099
vt 0.133999 0.709710
vt 0.441519 0.307152
vt 0.455502 0.315038
vt 0.446395 0.342204
vt 0.428541 0.335356
vt 0.021547 0.477195
vt 0.044225 0.472603
vt 0.418657 0.369412
vt 0.438232 0.375384
vt 0.433323 0.411212
vt 0.413395 0.406152
vt 0.010162 0.441489
vt 0.033016 0.435185
vt 0.071183 0.467792
vt 0.082924 0.504132
vt 0.060014 0.427980
vt 0.093762 0.533862
vt 0.108682 0.716193
vt 0.047671 0.265553
vt 0.049551 0.261329
vt 0.049214 0.014448
vt 0.051039 0.018718
vt 0.034638 0.029705
vt 0.032240 0.025819
vt 0.027082 0.255005
vt 0.029656 0.251138
vt 0.012468 0.240734
vt 0.015535 0.237349
vt 0.212998 0.186509
vt 0.209296 0.184961
vt 0.215031 0.151075
vt 0.218934 0.151436
vt 0.203490 0.217592
vt 0.200109 0.214993
vt 0.020814 0.098637
vt 0.023604 0.100060
vt 0.038535 0.135036
vt 0.035236 0.134740
vt 0.521394 0.385165
vt 0.484171 0.382490
vt 0.488830 0.348442
vt 0.523402 0.350795
vt 0.557562 0.352453
vt 0.558558 0.386852
vt 0.557862 0.422137
vt 0.519281 0.420233
vt 0.480764 0.417571
vt 0.574977 0.323225
vt 0.580332 0.352737
vt 0.555942 0.321183
vt 0.554821 0.294693
vt 0.571531 0.299080
vt 0.579838 0.303555
vt 0.585116 0.325200
vt 0.593380 0.352742
vt 0.584290 0.386891
vt 0.599506 0.386394
vt 0.600979 0.422361
vt 0.584870 0.422644
vt 0.151260 0.611213
vt 0.153403 0.582475
vt 0.525592 0.271061
vt 0.555326 0.274634
vt 0.526002 0.291832
vt 0.471445 0.317345
vt 0.493321 0.317530
vt 0.464826 0.346072
vt 0.458260 0.379486
vt 0.453945 0.414792
vt 0.154868 0.565809
vt 0.135479 0.559916
vt 0.137323 0.549945
vt 0.155326 0.557656
vt 0.573298 0.281029
vt 0.582673 0.287594
vt 0.112622 0.555624
vt 0.086932 0.553271
vt 0.089140 0.541829
vt 0.114856 0.544555
vt 0.059040 0.553198
vt 0.031937 0.555034
vt 0.035002 0.544971
vt 0.061387 0.542109
vt 0.008612 0.558406
vt 0.605391 0.232781
vt 0.614990 0.226913
vt 0.623002 0.243055
vt 0.611966 0.251078
vt 0.489282 0.206014
vt 0.478197 0.179741
vt 0.461834 0.189771
vt 0.468250 0.149971
vt 0.450296 0.160527
vt 0.442531 0.128602
vt 0.461157 0.118520
vt 0.577072 0.015291
vt 0.589571 0.035568
vt 0.561748 0.036685
vt 0.554430 0.014999
vt 0.549740 0.000000
vt 0.569338 0.002020
vt 0.008281 0.037475
vt 0.022733 0.017241
vt 0.028895 0.022162
vt 0.016869 0.040348
vt 0.011648 0.065242
vt 0.000000 0.063905
vt 0.604165 0.063057
vt 0.570459 0.063774
vt 0.606443 0.037102
vt 0.625868 0.064974
vt 0.519682 0.019867
vt 0.522525 0.042516
vt 0.484352 0.050704
vt 0.485186 0.027736
vt 0.486235 0.011713
vt 0.518059 0.003917
vt 0.493556 0.554020
vt 0.493492 0.579327
vt 0.460378 0.577698
vt 0.461845 0.552984
vt 0.461716 0.533122
vt 0.493643 0.533527
vt 0.526221 0.537940
vt 0.525989 0.557665
vt 0.527197 0.582399
vt 0.526820 0.069910
vt 0.485470 0.078657
vt 0.547796 0.563160
vt 0.550677 0.586208
vt 0.547340 0.545529
vt 0.559347 0.553702
vt 0.563804 0.567763
vt 0.569011 0.589889
vt 0.553306 0.612990
vt 0.528618 0.609885
vt 0.572732 0.616353
vt 0.572966 0.644041
vt 0.553433 0.640516
vt 0.528359 0.637529
vt 0.489643 0.660060
vt 0.486078 0.683153
vt 0.453816 0.681643
vt 0.455145 0.658436
vt 0.456648 0.632923
vt 0.492306 0.634758
vt 0.524523 0.662739
vt 0.518864 0.685604
vt 0.493332 0.607043
vt 0.458519 0.605178
vt 0.548809 0.665792
vt 0.541680 0.688350
vt 0.567712 0.669839
vt 0.559160 0.692628
vt 0.534292 0.707721
vt 0.513132 0.706217
vt 0.549496 0.711286
vt 0.541845 0.723399
vt 0.529534 0.724783
vt 0.509039 0.724984
vt 0.017095 0.066986
vt 0.020010 0.069480
vt 0.014481 0.167473
vt 0.017485 0.166567
vt 0.008386 0.195823
vt 0.005065 0.197753
vt 0.192205 0.241230
vt 0.189203 0.237830
vt 0.179334 0.258333
vt 0.176766 0.254354
vt 0.187593 0.024956
vt 0.184747 0.028873
vt 0.169468 0.019606
vt 0.171778 0.015365
vt 0.021219 0.043023
vt 0.023991 0.046327
vt 0.093955 0.307175
vt 0.122315 0.305519
vt 0.130262 0.334123
vt 0.100812 0.336777
vt 0.071218 0.341645
vt 0.065392 0.311768
vt 0.061809 0.289815
vt 0.089506 0.285096
vt 0.117070 0.283877
vt 0.147516 0.305757
vt 0.157031 0.331606
vt 0.141403 0.286611
vt 0.158039 0.291719
vt 0.167828 0.305513
vt 0.179349 0.329086
vt 0.166923 0.363569
vt 0.139584 0.368268
vt 0.190020 0.359437
vt 0.109758 0.373010
vt 0.079507 0.379098
vt -0.000000 0.341681
vt 0.017470 0.330962
vt 0.020012 0.361374
vt -0.000000 0.370468
vt 0.429816 0.502320
vt 0.420143 0.475396
vt 0.438272 0.477663
vt 0.444280 0.502173
vt 0.562418 0.719448
vt 0.546873 0.733474
vt 0.575939 0.699676
vt 0.039582 0.320344
vt 0.044018 0.350805
vt 0.016385 0.307924
vt 0.037078 0.297579
vt 0.050894 0.387834
vt 0.025069 0.397112
vt 0.003184 0.404825
vt 0.414279 0.442410
vt 0.433978 0.446324
vt 0.004761 0.221911
vt 0.008090 0.219164
vt 0.150616 0.008935
vt 0.149020 0.013393
vt 0.165066 0.269811
vt 0.162982 0.265444
vt 0.219500 0.115831
vt 0.215578 0.116674
vt 0.517262 0.454077
vt 0.480027 0.451586
vt 0.554407 0.456066
vt 0.482342 0.704241
vt 0.452470 0.702469
vt 0.478971 0.723526
vt 0.450109 0.721163
vt 0.580089 0.456955
vt 0.572251 0.487493
vt 0.595282 0.456846
vt 0.585335 0.486902
vt 0.563661 0.511927
vt 0.574059 0.509579
vt 0.426856 0.733474
vt 0.416868 0.729021
vt 0.424739 0.716190
vt 0.433232 0.718650
vt 0.557677 0.530098
vt 0.460185 0.505116
vt 0.456786 0.480147
vt 0.461373 0.523563
vt 0.449468 0.516695
vt 0.454080 0.449192
vt 0.434062 0.701577
vt 0.432576 0.681721
vt 0.424221 0.700814
vt 0.420465 0.682068
vt 0.432005 0.658550
vt 0.418622 0.659127
vt 0.418984 0.633249
vt 0.432759 0.632748
vt 0.435252 0.605002
vt 0.438671 0.578221
vt 0.421848 0.605690
vt 0.426359 0.579771
vt 0.442205 0.555316
vt 0.431664 0.558809
vt 0.043277 0.003597
vt 0.046982 0.010073
vt 0.442550 0.537556
vt 0.463301 0.036449
vt 0.459680 0.058893
vt 0.181523 0.302408
vt 0.195448 0.326425
vt 0.164045 0.284974
vt 0.466209 0.021328
vt 0.458633 0.087205
vt 0.207122 0.356390
vt 0.216655 0.389649
vt 0.600961 0.455841
vt 0.590482 0.485222
vt 0.606860 0.421891
vt 0.181050 0.261920
vt 0.165913 0.274118
vt 0.147838 0.281175
vt 0.413395 0.658897
vt 0.413669 0.633440
vt 0.415593 0.681366
vt 0.008515 0.243681
vt -0.000000 0.223703
vt 0.620130 0.183750
vt 0.631037 0.158150
vt 0.172725 0.010660
vt 0.189215 0.020832
vt 0.201875 0.035559
vt 0.589264 0.327137
vt 0.598377 0.353562
vt 0.194735 0.243795
vt 0.643091 0.129344
vt 0.007548 0.167323
vt 0.015420 0.132855
vt 0.013976 0.097453
vt 0.605121 0.386472
vt 0.045605 0.270036
vt 0.024094 0.258858
vt 0.070169 0.003035
vt 0.099630 0.282675
vt 0.071918 0.278018
vt 0.097496 -0.000000
vt 0.416629 0.606417
vt 0.212018 0.055938
vt 0.219242 0.082451
vt 0.125341 0.283877
vt 0.525105 0.319047
vt 0.909387 0.146173
vt 0.912580 0.166345
vt 0.886562 0.165910
vt 0.884269 0.144887
vt 0.658413 0.755789
vt 0.663257 0.733652
vt 0.685425 0.733499
vt 0.681954 0.756583
vt 0.634311 0.738319
vt 0.645656 0.728335
vt 0.647898 0.768522
vt 0.625827 0.754391
vt 0.870921 0.500941
vt 0.899780 0.487824
vt 0.904496 0.496179
vt 0.900039 0.500136
vt 0.895297 0.858082
vt 0.914728 0.862075
vt 0.910363 0.877111
vt 0.887528 0.875964
vt 0.657900 0.702492
vt 0.679314 0.701009
vt 0.637491 0.705430
vt 0.734984 0.475130
vt 0.735461 0.494927
vt 0.709800 0.486963
vt 0.710376 0.467096
vt 0.719820 0.453310
vt 0.738322 0.455377
vt 0.119515 0.917460
vt 0.121777 0.895864
vt 0.150810 0.901500
vt 0.147300 0.923328
vt 0.136400 0.937789
vt 0.115065 0.937603
vt 0.112562 0.953551
vt 0.142086 0.950397
vt 0.867540 0.238905
vt 0.866152 0.219552
vt 0.889838 0.217595
vt 0.890685 0.237864
vt 0.622451 0.714919
vt 0.616718 0.751077
vt 0.606860 0.743270
vt 0.614808 0.736111
vt 0.624828 0.737666
vt 0.942610 0.880213
vt 0.954207 0.901458
vt 0.929863 0.912834
vt 0.920054 0.892380
vt 0.859083 0.150082
vt 0.860130 0.170420
vt 0.936559 0.848730
vt 0.958033 0.864828
vt 0.863084 0.195150
vt 0.851804 0.219184
vt 0.844050 0.202800
vt 0.888441 0.191878
vt 0.958033 0.921603
vt 0.934490 0.931121
vt 0.891314 0.896212
vt 0.899622 0.916392
vt 0.742705 0.437413
vt 0.716167 0.438808
vt 0.697370 0.695887
vt 0.703647 0.726892
vt 0.913388 0.191242
vt 0.913237 0.215893
vt 0.932082 0.195960
vt 0.926716 0.213363
vt 0.932082 0.172911
vt 0.770300 0.445599
vt 0.765679 0.460515
vt 0.117718 0.875559
vt 0.090285 0.897336
vt 0.087808 0.880113
vt 0.083986 0.868708
vt 0.111838 0.862322
vt 0.619890 0.720925
vt 0.611097 0.717224
vt 0.844050 0.269341
vt 0.847245 0.241358
vt 0.861376 0.238905
vt 0.861376 0.265423
vt 0.742524 0.513024
vt 0.765067 0.494314
vt 0.770300 0.509704
vt 0.083986 0.945855
vt 0.086653 0.932839
vt 0.089301 0.915810
vt 0.763743 0.477353
vt 0.896602 0.520418
vt 0.868025 0.518748
vt 0.911838 0.853490
vt 0.910540 0.844464
vt 0.918959 0.834440
vt 0.929622 0.841355
vt 0.897964 0.475520
vt 0.920041 0.473742
vt 0.916618 0.486938
vt 0.895616 0.463866
vt 0.913692 0.462665
vt 0.870026 0.480922
vt 0.918400 0.495806
vt 0.864855 0.462665
vt 0.898789 0.853568
vt 0.713937 0.701375
vt 0.732806 0.695631
vt 0.748752 0.713122
vt 0.728454 0.718366
vt 0.690403 0.240475
vt 0.667078 0.243230
vt 0.661678 0.220405
vt 0.683720 0.218713
vt 0.700842 0.212009
vt 0.713001 0.221104
vt 0.703647 0.673200
vt 0.721332 0.671390
vt 0.737613 0.633031
vt 0.733044 0.635418
vt 0.724714 0.631606
vt 0.757682 0.628627
vt 0.756468 0.650643
vt 0.740103 0.652195
vt 0.686574 0.187235
vt 0.665178 0.187539
vt 0.707145 0.188522
vt 0.498232 0.879346
vt 0.525153 0.878300
vt 0.530018 0.901788
vt 0.501805 0.902370
vt 0.499830 0.859309
vt 0.520349 0.862934
vt 0.925331 0.324844
vt 0.898093 0.331525
vt 0.894748 0.310129
vt 0.923202 0.303633
vt 0.929907 0.344903
vt 0.908992 0.345754
vt 0.932975 0.361337
vt 0.903826 0.358894
vt 0.504345 0.924240
vt 0.531409 0.924242
vt 0.722973 0.196852
vt 0.731662 0.232516
vt 0.722393 0.219685
vt 0.732291 0.217366
vt 0.740847 0.223928
vt 0.753543 0.682775
vt 0.770010 0.663004
vt 0.785983 0.677238
vt 0.769750 0.698973
vt 0.556775 0.921737
vt 0.547781 0.939486
vt 0.530302 0.936027
vt 0.556448 0.897424
vt 0.577961 0.891266
vt 0.577420 0.916951
vt 0.784801 0.707785
vt 0.799267 0.686413
vt 0.776068 0.636509
vt 0.927477 0.283744
vt 0.900290 0.289466
vt 0.512807 0.846402
vt 0.536085 0.853593
vt 0.646872 0.183982
vt 0.643091 0.215384
vt 0.550092 0.872655
vt 0.554523 0.846402
vt 0.570451 0.865775
vt 0.385295 0.906073
vt 0.390130 0.921412
vt 0.362952 0.925583
vt 0.357961 0.912817
vt 0.957240 0.287836
vt 0.954587 0.304706
vt 0.933763 0.271061
vt 0.961409 0.276916
vt 0.734515 0.198282
vt 0.726003 0.202631
vt 0.385424 0.984501
vt 0.357961 0.979003
vt 0.363419 0.961506
vt 0.392756 0.963891
vt 0.958267 0.339891
vt 0.961409 0.353314
vt 0.955484 0.322893
vt 0.393471 0.941773
vt 0.364917 0.942757
vt 0.732598 0.647583
vt 0.715942 0.663007
vt 0.711030 0.651257
vt 0.723178 0.644775
vt 0.713853 0.634509
vt 0.742473 0.201130
vt 0.476012 0.897130
vt 0.496473 0.889251
vt 0.497945 0.901090
vt 0.473681 0.916300
vt 0.496055 0.913902
vt 0.722872 0.236573
vt 0.806913 0.486134
vt 0.803654 0.471657
vt 0.810416 0.504229
vt 0.196919 0.951996
vt 0.178579 0.954614
vt 0.179702 0.944017
vt 0.197284 0.942426
vt 0.207958 0.933660
vt 0.211742 0.939195
vt 0.367765 0.551101
vt 0.341706 0.546829
vt 0.394307 0.557573
vt 0.388344 0.560042
vt 0.367097 0.555775
vt 0.346707 0.551296
vt 0.194816 0.911446
vt 0.176550 0.909429
vt 0.176253 0.874626
vt 0.194152 0.879829
vt 0.205517 0.891274
vt 0.210077 0.913327
vt 0.161244 0.909144
vt 0.163251 0.940370
vt 0.154117 0.930278
vt 0.150810 0.909420
vt 0.153494 0.888120
vt 0.160584 0.877917
vt 0.285968 0.795912
vt 0.270175 0.791631
vt 0.219500 0.266997
vt 0.236140 0.267973
vt 0.195278 0.868936
vt 0.210818 0.885794
vt 0.177697 0.862322
vt 0.813394 0.520418
vt 0.328071 0.544962
vt 0.162260 0.949800
vt 0.150810 0.935285
vt 0.263594 0.270401
vt 0.290003 0.271061
vt 0.216509 0.913309
vt 0.410258 0.562979
vt 0.413395 0.551024
vt 0.254024 0.787309
vt 0.161925 0.866605
vt 0.151223 0.882120
vt 0.358425 0.269405
vt 0.358422 0.259113
vt 0.372045 0.271061
vt 0.861175 0.923458
vt 0.857360 0.940242
vt 0.945740 0.366966
vt 0.944749 0.377904
vt 0.927561 0.373578
vt 0.927949 0.361337
vt 0.958782 0.381879
vt 0.954246 0.387704
vt 0.951658 0.671115
vt 0.950023 0.697710
vt 0.951268 0.643965
vt 0.946959 0.670928
vt 0.947537 0.649371
vt 0.946788 0.692016
vt 0.938339 0.408554
vt 0.920039 0.407469
vt 0.933775 0.438667
vt 0.915402 0.441117
vt 0.953732 0.408456
vt 0.946514 0.428651
vt 0.904932 0.404677
vt 0.894748 0.401743
vt 0.900637 0.381901
vt 0.910857 0.374324
vt 0.900374 0.434882
vt 0.894748 0.422746
vt 0.641568 0.519336
vt 0.659519 0.517329
vt 0.625165 0.520418
vt 0.621615 0.508660
vt 0.933639 0.448265
vt 0.951194 0.433537
vt 0.915441 0.451757
vt 0.853940 0.956945
vt 0.851480 0.971422
vt 0.911233 0.363198
vt 0.898122 0.375207
vt 0.398411 0.270401
vt 0.425932 0.267973
vt 0.960256 0.407800
vt 0.949570 0.627760
vt 0.675117 0.515223
vt 0.900466 0.444230
vt 0.944814 0.638433
vt 0.131178 0.245937
vt 0.153826 0.244975
vt 0.172199 0.241613
vt 0.195860 0.114025
vt 0.193767 0.081308
vt 0.189447 0.054137
vt 0.046687 0.042808
vt 0.097156 0.038449
vt 0.124495 0.039427
vt 0.078574 0.240420
vt 0.105634 0.244438
vt 0.029756 0.226837
vt 0.070382 0.039594
vt 0.052461 0.234385
vt 0.189408 0.184146
vt 0.194736 0.149301
vt 0.043940 0.100853
vt 0.043327 0.135487
vt 0.149887 0.042579
vt 0.037617 0.169587
vt 0.408950 0.807663
vt 0.410758 0.838338
vt 0.395201 0.838338
vt 0.395968 0.811329
vt 0.181391 0.215829
vt 0.690951 0.243229
vt 0.708518 0.243229
vt 0.703568 0.256431
vt 0.691504 0.263631
vt 0.043659 0.068890
vt 0.031522 0.200815
vt 0.171985 0.047588
vt 0.397687 0.790847
vt 0.405692 0.778381
vt 0.161461 0.216667
vt 0.168376 0.183372
vt 0.173316 0.147413
vt 0.137394 0.216309
vt 0.110634 0.214455
vt 0.143197 0.181951
vt 0.115409 0.179720
vt 0.119455 0.142528
vt 0.147696 0.145103
vt 0.086554 0.176516
vt 0.082629 0.210804
vt 0.055538 0.206032
vt 0.059625 0.172937
vt 0.063560 0.137383
vt 0.090173 0.139842
vt 0.175025 0.111108
vt 0.174311 0.076990
vt 0.150000 0.108003
vt 0.150575 0.073034
vt 0.122268 0.105171
vt 0.123923 0.070015
vt 0.093310 0.103072
vt 0.066183 0.101651
vt 0.068216 0.068226
vt 0.095720 0.068507
vt 0.319231 0.058307
vt 0.316977 0.082471
vt 0.303038 0.081943
vt 0.307242 0.059651
vt 0.330796 0.057810
vt 0.330793 0.082924
vt 0.314816 0.132397
vt 0.315063 0.153264
vt 0.297904 0.151614
vt 0.297650 0.132863
vt 0.298799 0.115911
vt 0.315092 0.114416
vt 0.330792 0.113887
vt 0.330791 0.132352
vt 0.330792 0.154021
vt 0.315685 0.099589
vt 0.300370 0.100106
vt 0.330792 0.099569
vt 0.342388 0.058307
vt 0.354425 0.059651
vt 0.358613 0.081943
vt 0.344633 0.082471
vt 0.346789 0.132397
vt 0.364008 0.132863
vt 0.363749 0.151614
vt 0.346543 0.153264
vt 0.346515 0.114416
vt 0.362860 0.115911
vt 0.345921 0.099589
vt 0.361277 0.100106
vt 0.406381 0.623831
vt 0.413205 0.624744
vt 0.412754 0.632334
vt 0.406422 0.631972
vt 0.411900 0.640579
vt 0.406030 0.640806
vt 0.789442 0.437413
vt 0.791758 0.450270
vt 0.785484 0.452090
vt 0.782848 0.440125
vt 0.780678 0.455701
vt 0.777306 0.447981
vt 0.406030 0.619109
vt 0.412499 0.620358
vt 0.794190 0.439582
vt 0.795763 0.451521
vt 0.406801 0.612328
vt 0.413395 0.611806
vt 0.412191 0.618101
vt 0.797120 0.794805
vt 0.791011 0.791932
vt 0.794029 0.783364
vt 0.799896 0.785617
vt 0.787336 0.795586
vt 0.781707 0.782942
vt 0.785522 0.780241
vt 0.789156 0.776072
vt 0.406821 0.604239
vt 0.412926 0.604262
vt 0.789442 0.514744
vt 0.782848 0.512213
vt 0.786021 0.500716
vt 0.792335 0.502491
vt 0.406030 0.596085
vt 0.411702 0.596647
vt 0.777306 0.504505
vt 0.781135 0.497045
vt 0.408773 0.579510
vt 0.413395 0.579629
vt 0.412248 0.595048
vt 0.407955 0.596084
vt 0.770300 0.492681
vt 0.774301 0.491711
vt 0.773742 0.506427
vt 0.773433 0.476343
vt 0.777322 0.476443
vt 0.779001 0.489285
vt 0.407955 0.562979
vt 0.412248 0.564237
vt 0.774301 0.460910
vt 0.778781 0.463578
vt 0.770300 0.459586
vt 0.773742 0.445725
vt 0.801608 0.754870
vt 0.794773 0.754674
vt 0.794336 0.740656
vt 0.800710 0.739778
vt 0.787800 0.755148
vt 0.787985 0.742346
vt 0.801375 0.771402
vt 0.794982 0.770089
vt 0.788335 0.767413
vt 0.675781 0.249155
vt 0.677470 0.243229
vt 0.684351 0.244873
vt 0.683241 0.250385
vt 0.077139 0.882293
vt 0.082762 0.890748
vt 0.079130 0.892979
vt 0.073669 0.885079
vt 0.067125 0.882314
vt 0.070898 0.897026
vt 0.064661 0.895157
vt 0.075673 0.900674
vt 0.682751 0.256313
vt 0.675640 0.255520
vt 0.060675 0.896375
vt 0.062390 0.884445
vt 0.476408 0.259030
vt 0.483066 0.251197
vt 0.483553 0.258597
vt 0.783755 0.865092
vt 0.782374 0.855890
vt 0.788532 0.853858
vt 0.790292 0.862457
vt 0.066553 0.959642
vt 0.060452 0.956850
vt 0.058264 0.945437
vt 0.063694 0.947370
vt 0.793346 0.846717
vt 0.796146 0.850961
vt 0.483267 0.265309
vt 0.476624 0.266241
vt 0.069999 0.945646
vt 0.073137 0.957164
vt 0.076568 0.959620
vt 0.078712 0.949500
vt 0.082313 0.951447
vt 0.074907 0.942013
vt 0.583737 0.876637
vt 0.584298 0.893219
vt 0.578929 0.892176
vt 0.577962 0.876749
vt 0.585976 0.907116
vt 0.580938 0.905120
vt 0.082762 0.921372
vt 0.081790 0.936732
vt 0.077080 0.934271
vt 0.078850 0.921443
vt 0.578929 0.861368
vt 0.584298 0.860117
vt 0.077491 0.908567
vt 0.082018 0.905932
vt 0.580938 0.848584
vt 0.585976 0.846402
vt 0.781707 0.825100
vt 0.782287 0.809989
vt 0.788951 0.811110
vt 0.788851 0.825163
vt 0.794854 0.812992
vt 0.795462 0.825855
vt 0.788381 0.840582
vt 0.781707 0.841654
vt 0.794707 0.838109
vt 0.783222 0.742463
vt 0.783701 0.732117
vt 0.787632 0.733187
vt 0.794597 0.718366
vt 0.798652 0.725391
vt 0.792877 0.727262
vt 0.788563 0.720663
vt 0.057152 0.907406
vt 0.053444 0.907803
vt 0.055642 0.898193
vt 0.683241 0.266719
vt 0.676771 0.266670
vt 0.690951 0.260249
vt 0.689568 0.266719
vt 0.783510 0.795586
vt 0.789590 0.797683
vt 0.794668 0.803790
vt 0.794145 0.476564
vt 0.800467 0.476451
vt 0.799643 0.489662
vt 0.793776 0.490753
vt 0.797819 0.500602
vt 0.781707 0.755923
vt 0.782660 0.769107
vt 0.786896 0.489785
vt 0.786771 0.476584
vt 0.786603 0.463287
vt 0.793461 0.462282
vt 0.799197 0.462579
vt 0.062034 0.921433
vt 0.062308 0.935624
vt 0.056493 0.934484
vt 0.055760 0.921269
vt 0.800433 0.826764
vt 0.799343 0.839929
vt 0.069383 0.921512
vt 0.069172 0.934711
vt 0.062835 0.907157
vt 0.069663 0.908216
vt 0.798615 0.813204
s 1
usemtl Material.001
f 116/1/1 131/2/2 87/3/3 32/4/4
f 73/5/5 129/6/6 117/7/7 17/8/8
f 116/1/1 32/4/4 69/9/9 125/10/10
f 117/7/7 129/6/6 79/11/11 31/12/12
f 83/13/13 130/14/14 118/15/15 20/16/16
f 117/7/7 31/12/12 70/17/17 126/18/18
f 118/15/15 130/14/14 86/19/19 30/20/20
f 75/21/21 128/22/22 119/23/23 23/24/24
f 118/15/15 30/20/20 71/25/25 127/26/26
f 119/23/23 128/22/22 78/27/27 29/28/28
f 61/29/29 127/30/26 120/31/30 36/32/31
f 119/23/23 29/28/28 68/33/32 124/34/33
f 89/35/34 25/36/35 76/37/36 102/38/37
f 89/35/34 100/39/38 64/40/39 25/36/35
f 90/41/40 26/42/41 84/43/42 104/44/43
f 90/41/40 99/45/44 67/46/45 26/42/41
f 91/47/46 27/48/47 77/49/48 101/50/49
f 91/47/46 98/51/50 66/52/51 27/48/47
f 92/53/52 28/54/53 85/55/54 103/56/55
f 92/57/52 97/58/56 65/59/57 28/60/53
f 64/61/58 68/33/32 29/28/28 25/62/59
f 86/19/19 84/43/60 26/42/61 30/20/20
f 71/25/25 30/20/20 26/42/61 67/46/62
f 79/11/11 77/63/63 27/64/64 31/12/12
f 70/17/17 31/12/12 27/64/64 66/65/65
f 87/3/3 85/66/66 28/67/67 32/4/4
f 69/9/9 32/4/4 28/67/67 65/68/68
f 69/9/9 65/68/68 38/69/69 40/70/70
f 79/11/11 40/71/70 38/72/69 77/63/63
f 71/73/25 67/74/62 37/75/71 39/76/72
f 78/27/27 39/76/72 37/75/71 76/77/73
f 64/78/58 48/79/74 50/80/75 68/81/32
f 93/82/76 38/83/77 65/59/57 97/58/56
f 93/82/76 101/50/49 77/49/48 38/83/77
f 94/84/78 37/85/79 67/46/45 99/45/44
f 94/86/78 102/38/37 76/37/36 37/87/79
f 120/31/30 127/30/26 71/73/25 39/76/72
f 59/88/80 125/89/10 121/90/81 34/91/82
f 120/31/30 39/76/72 78/27/27 128/22/22
f 121/90/81 125/89/10 69/92/9 40/71/70
f 63/93/83 126/94/18 122/95/84 46/96/85
f 121/90/81 40/71/70 79/11/11 129/6/6
f 87/3/3 50/80/75 48/79/74 85/66/66
f 70/17/17 66/65/65 47/97/86 49/98/87
f 86/19/19 49/99/87 47/100/86 84/43/60
f 95/101/88 48/102/89 64/40/39 100/39/38
f 95/101/88 103/56/55 85/55/54 48/102/89
f 96/103/90 47/104/91 66/52/51 98/51/50
f 96/105/90 104/44/43 84/43/42 47/100/91
f 122/95/84 126/94/18 70/106/17 49/99/87
f 124/107/33 123/108/92 44/109/93 57/110/94
f 122/95/84 49/99/87 86/19/19 130/14/14
f 123/108/92 124/107/33 68/81/32 50/80/75
f 123/108/92 50/80/75 87/3/3 131/2/2
f 78/27/27 76/77/73 25/62/59 29/28/28
f 81/111/95 44/109/93 123/108/92 131/2/2
f 83/13/13 46/96/85 122/95/84 130/14/14
f 73/5/5 34/91/82 121/90/81 129/6/6
f 75/21/21 36/32/31 120/31/30 128/22/22
f 124/34/33 57/112/94 23/24/24 119/23/23
f 61/113/29 20/16/16 118/15/15 127/26/26
f 63/114/83 17/8/8 117/7/7 126/18/18
f 59/115/80 14/116/96 116/1/1 125/10/10
f 81/111/95 131/2/2 116/1/1 14/116/96
f 34/117/82 73/118/5 144/119/97 136/120/98
f 46/96/85 83/13/13 147/121/99 139/122/100
f 23/24/24 57/112/94 140/123/101 135/124/102
f 83/13/13 20/16/16 134/125/103 147/121/99
f 20/16/16 61/113/29 142/126/104 134/125/103
f 73/118/5 17/127/8 133/128/105 144/119/97
f 57/110/94 44/109/93 138/129/106 140/130/101
f 61/29/29 36/32/31 137/131/107 142/132/104
f 17/127/8 63/133/83 143/134/108 133/128/105
f 44/109/93 81/111/95 146/135/109 138/129/106
f 81/111/95 14/116/96 132/136/110 146/135/109
f 36/32/31 75/21/21 145/137/111 137/131/107
f 14/116/96 59/115/80 141/138/112 132/136/110
f 59/139/80 34/117/82 136/120/98 141/140/112
f 63/93/83 46/96/85 139/122/100 143/141/108
f 75/21/21 23/24/24 135/124/102 145/137/111
f 263/142/113 179/143/114 234/144/115 278/145/116
f 220/146/117 164/147/118 264/148/119 276/149/120
f 263/142/113 272/150/121 216/151/122 179/143/114
f 264/148/119 178/152/123 226/153/124 276/149/120
f 230/154/125 167/155/126 265/156/127 277/157/128
f 264/148/119 273/158/129 217/159/130 178/152/123
f 265/156/127 177/160/131 233/161/132 277/157/128
f 222/162/133 170/163/134 266/164/135 275/165/136
f 265/156/127 274/166/137 218/167/138 177/160/131
f 266/168/135 176/169/139 225/170/140 275/171/136
f 208/172/141 183/173/142 267/174/143 274/166/137
f 266/168/135 271/175/144 215/176/145 176/169/139
f 236/177/146 249/178/147 223/179/148 172/180/149
f 236/177/146 172/180/149 211/181/150 247/182/151
f 237/183/152 251/184/153 231/185/154 173/186/155
f 237/183/152 173/186/155 214/187/156 246/188/157
f 238/189/158 248/190/159 224/191/160 174/192/161
f 238/189/158 174/192/161 213/193/162 245/194/163
f 239/195/164 250/196/165 232/197/166 175/198/167
f 239/199/164 175/200/167 212/201/168 244/202/169
f 211/181/170 172/180/171 176/169/139 215/176/145
f 233/161/132 177/160/131 173/186/172 231/185/173
f 218/167/138 214/187/174 173/186/172 177/160/131
f 226/153/124 178/152/123 174/203/175 224/204/176
f 217/159/130 213/205/177 174/203/175 178/152/123
f 234/144/115 179/143/114 175/206/178 232/207/179
f 216/151/122 212/208/180 175/206/178 179/143/114
f 216/151/122 187/209/181 185/210/182 212/208/180
f 226/153/124 224/204/176 185/211/182 187/212/181
f 218/167/138 186/213/183 184/214/184 214/187/174
f 225/215/140 223/216/185 184/214/184 186/213/183
f 211/217/170 215/218/145 197/219/186 195/220/187
f 240/221/188 244/202/169 212/201/168 185/222/189
f 240/221/188 185/222/189 224/191/160 248/190/159
f 241/223/190 246/188/157 214/187/156 184/214/191
f 241/224/190 184/225/191 223/179/148 249/178/147
f 267/174/143 186/213/183 218/167/138 274/166/137
f 206/226/192 181/227/193 268/228/194 272/229/121
f 267/230/143 275/171/136 225/170/140 186/231/183
f 268/228/194 187/212/181 216/232/122 272/229/121
f 210/233/195 193/234/196 269/235/197 273/236/129
f 268/228/194 276/149/120 226/153/124 187/212/181
f 234/144/115 232/207/179 195/220/187 197/219/186
f 217/159/130 196/237/198 194/238/199 213/205/177
f 233/161/132 231/185/173 194/239/199 196/240/198
f 242/241/200 247/182/151 211/181/150 195/242/201
f 242/241/200 195/242/201 232/197/166 250/196/165
f 243/243/202 245/194/163 213/193/162 194/244/203
f 243/245/202 194/239/203 231/185/154 251/184/153
f 269/235/197 196/240/198 217/246/130 273/236/129
f 271/247/144 204/248/204 191/249/205 270/250/206
f 269/235/197 277/157/128 233/161/132 196/240/198
f 270/250/206 197/219/186 215/218/145 271/247/144
f 270/250/206 278/145/116 234/144/115 197/219/186
f 225/170/140 176/169/139 172/180/171 223/179/185
f 228/251/207 278/145/116 270/250/206 191/249/205
f 230/154/125 277/157/128 269/235/197 193/234/196
f 220/146/117 276/149/120 268/228/194 181/227/193
f 222/252/133 275/171/136 267/230/143 183/253/142
f 271/254/144 266/164/135 170/163/134 204/255/204
f 208/172/141 274/166/137 265/156/127 167/155/126
f 210/256/195 273/158/129 264/148/119 164/147/118
f 206/257/192 272/150/121 263/142/113 161/258/208
f 228/251/207 161/258/208 263/142/113 278/145/116
f 181/259/193 283/260/209 291/261/210 220/262/117
f 193/234/196 286/263/211 294/264/212 230/154/125
f 170/163/134 282/265/213 287/266/214 204/255/204
f 230/154/125 294/264/212 281/267/215 167/155/126
f 167/155/126 281/267/215 289/268/216 208/172/141
f 220/262/117 291/261/210 280/269/217 164/270/118
f 204/248/204 287/271/214 285/272/218 191/249/205
f 208/172/141 289/268/216 284/273/219 183/173/142
f 164/270/118 280/269/217 290/274/220 210/275/195
f 191/249/205 285/272/218 293/276/221 228/251/207
f 228/251/207 293/276/221 279/277/222 161/258/208
f 183/278/142 284/279/219 292/280/223 222/162/133
f 161/258/208 279/277/222 288/281/224 206/257/192
f 206/282/192 288/283/224 283/260/209 181/259/193
f 210/233/195 290/284/220 286/263/211 193/234/196
f 222/162/133 292/280/223 282/265/213 170/163/134
f 295/285/225 423/286/226 472/287/227 418/288/228
f 295/285/225 418/288/228 443/289/229 343/290/230
f 295/285/225 343/290/230 434/291/231 415/292/232
f 295/293/225 415/294/232 469/295/233 423/296/226
f 296/297/234 422/298/235 471/299/236 417/300/237
f 296/297/234 417/300/237 438/301/238 345/302/239
f 296/303/234 345/304/239 432/305/240 416/306/241
f 296/307/234 416/308/241 470/309/242 422/310/235
f 298/311/243 382/312/244 448/313/245 373/314/246
f 298/311/243 373/314/246 689/315/247 675/316/248
f 298/317/243 675/318/248 687/319/249 348/320/250
f 298/317/243 348/320/250 446/321/251 382/322/244
f 299/323/252 367/324/253 442/325/254 364/326/255
f 299/323/252 364/326/255 439/327/256 349/328/257
f 299/323/252 349/328/257 436/329/258 363/330/259
f 299/323/252 363/330/259 441/331/260 367/324/253
f 300/332/261 366/333/262 450/334/263 381/335/264
f 300/332/261 381/335/264 447/336/265 350/337/266
f 300/332/261 350/337/266 435/338/267 362/339/268
f 300/332/261 362/339/268 440/340/269 366/333/262
f 301/341/270 380/342/271 443/343/229 368/344/272
f 301/341/270 368/344/272 685/345/273 677/346/274
f 301/341/270 677/346/274 689/315/247 373/314/246
f 301/341/270 373/314/246 448/313/245 380/342/271
f 303/347/275 421/348/276 469/349/233 415/350/232
f 303/347/275 415/350/232 434/351/231 352/352/277
f 303/347/275 352/352/277 438/301/238 417/300/237
f 303/347/275 417/300/237 471/299/236 421/348/276
f 304/353/278 365/354/279 440/355/269 362/356/268
f 304/353/278 362/356/268 435/357/267 353/358/280
f 304/353/278 353/358/280 439/327/256 364/326/255
f 304/353/278 364/326/255 442/325/254 365/354/279
f 305/359/281 344/360/282 433/361/283 359/362/284
f 305/359/281 359/362/284 440/355/269 365/354/279
f 305/359/281 365/354/279 442/325/254 361/363/285
f 305/359/281 361/363/285 437/364/286 344/360/282
f 306/365/287 370/366/288 445/367/289 378/368/290
f 306/365/287 378/368/290 450/334/263 366/333/262
f 306/365/287 366/333/262 440/340/269 359/369/284
f 306/365/287 359/369/284 433/370/283 370/366/288
f 307/371/291 351/372/292 437/364/286 361/363/285
f 307/371/291 361/363/285 442/325/254 367/324/253
f 307/371/291 367/324/253 441/331/260 360/373/293
f 307/371/291 360/373/293 431/374/294 351/372/292
f 308/375/295 369/376/296 444/377/297 377/378/298
f 424/379/299 340/380/300 491/381/301 487/382/302
f 348/320/250 687/319/249 718/383/303 475/384/304
f 308/375/295 680/385/305 686/386/306 369/376/296
f 309/387/307 346/388/308 431/389/294 360/390/293
f 309/387/307 444/377/297 346/388/308
f 310/391/309 347/392/310 684/393/311 681/394/312
f 310/391/309 681/394/312 691/395/313 375/396/314
f 310/391/309 375/396/314 450/334/263 378/368/290
f 310/391/309 378/368/290 445/367/289 347/392/310
f 311/397/315 678/398/316 684/399/311 347/400/310
f 311/397/315 347/400/310 445/401/289 379/402/317
f 311/397/315 379/402/317 449/403/318 355/404/319
f 311/397/315 355/404/319 690/405/320 678/398/316
f 312/406/321 352/407/277 434/291/231 343/290/230
f 312/408/321 343/409/230 443/343/229 380/342/271
f 312/408/321 380/342/271 448/313/245 354/410/322
f 312/408/321 354/410/322 438/411/238 352/412/277
f 313/413/323 375/396/314 691/395/313 682/414/324
f 313/413/323 682/414/324 688/415/325 372/416/326
f 313/413/323 372/416/326 447/336/265 381/335/264
f 313/413/323 381/335/264 450/334/263 375/396/314
f 314/417/327 420/418/328 470/419/242 416/306/241
f 314/417/327 416/306/241 432/305/240 371/420/329
f 446/321/251 348/320/250 475/384/304 493/421/330
f 420/418/328 314/417/327 483/422/331 485/423/332
f 315/424/333 345/425/239 438/411/238 354/410/322
f 315/424/333 354/410/322 448/313/245 382/312/244
f 315/426/333 382/322/244 446/321/251 371/420/329
f 315/426/333 371/420/329 432/305/240 345/304/239
f 316/427/334 676/428/335 690/405/320 355/404/319
f 316/427/334 355/404/319 449/403/318 383/429/336
f 316/427/334 383/429/336 444/430/297 369/431/296
f 316/427/334 369/431/296 686/432/306 676/428/335
f 317/433/337 419/434/338 692/435/339 683/436/340
f 317/433/337 683/436/340 685/437/273 368/438/272
f 317/433/337 368/438/272 443/289/229 418/288/228
f 317/433/337 418/288/228 472/287/227 419/434/338
f 341/439/341 463/440/342 413/441/343 426/442/344
f 464/443/345 324/444/346 425/445/347 414/446/348
f 324/447/346 430/448/349 462/449/350 400/450/351
f 324/451/346 400/452/351 457/453/352 425/454/347
f 464/455/345 409/456/353 430/448/349 324/447/346
f 465/457/354 325/458/355 427/459/356 412/460/357
f 325/458/355 429/461/358 460/462/359 401/463/360
f 325/458/355 401/463/360 461/464/361 427/459/356
f 465/457/354 410/465/362 429/461/358 325/458/355
f 466/466/363 326/467/364 426/442/344 413/441/343
f 326/468/364 428/469/365 458/470/366 402/471/367
f 326/467/364 402/472/367 459/473/368 426/442/344
f 466/474/363 411/475/369 428/469/365 326/468/364
f 467/476/370 327/477/371 430/448/349 409/456/353
f 327/478/371 427/459/356 461/464/361 403/479/372
f 327/477/371 403/480/372 462/449/350 430/448/349
f 467/481/370 412/460/357 427/459/356 327/478/371
f 468/482/373 328/483/374 428/484/365 411/485/369
f 328/486/374 425/487/347 457/488/352 404/489/375
f 328/486/374 404/489/375 458/470/366 428/469/365
f 329/490/376 394/491/377 444/430/297 383/429/336
f 329/490/376 383/429/336 449/403/318 407/492/378
f 463/440/342 410/493/362 394/494/377 329/495/376
f 468/482/373 414/446/348 425/445/347 328/483/374
f 330/496/379 392/497/380 445/367/289 370/366/288
f 330/498/379 370/499/288 433/500/283 406/501/381
f 334/502/382 396/503/383 409/456/353 464/455/345
f 333/504/384 465/457/354 412/460/357 408/505/385
f 331/506/386 396/503/383 437/364/286 351/372/292
f 331/507/386 351/508/292 431/509/294 408/510/385
f 333/504/384 394/511/377 410/465/362 465/457/354
f 332/512/387 466/466/363 413/441/343 407/513/388
f 332/514/387 407/492/378 449/403/318 379/402/317
f 332/515/387 379/516/317 445/367/289 392/497/380
f 332/515/387 392/497/380 411/475/369 466/474/363
f 331/506/386 467/476/370 409/456/353 396/503/383
f 333/504/384 408/505/385 431/389/294 346/388/308
f 333/504/384 346/388/308 394/511/377
f 331/507/386 408/510/385 412/517/357 467/518/370
f 330/496/379 468/519/373 411/475/369 392/497/380
f 334/502/382 406/520/381 433/361/283 344/360/282
f 334/502/382 344/360/282 437/364/286 396/503/383
f 341/439/341 429/521/358 410/493/362 463/440/342
f 330/498/379 406/501/381 414/446/348 468/482/373
f 335/522/389 372/416/326 688/415/325 679/523/390
f 335/522/389 679/523/390 692/435/339 419/434/338
f 335/522/389 419/434/338 472/287/227 384/524/391
f 335/522/389 384/524/391 447/336/265 372/416/326
f 336/525/392 363/526/259 436/527/258 424/379/299
f 680/385/305 308/375/295 481/528/393 705/529/394
f 376/530/395 336/525/392 486/531/396 488/532/397
f 336/525/392 376/530/395 441/533/260 363/526/259
f 337/534/398 353/358/280 435/357/267 356/535/399
f 337/534/398 356/535/399 469/349/233 421/348/276
f 337/534/398 421/348/276 471/299/236 358/536/400
f 337/534/398 358/536/400 439/327/256 353/358/280
f 314/417/327 371/420/329 484/537/401 483/422/331
f 371/420/329 446/321/251 493/421/330 484/537/401
f 377/378/298 342/538/402 492/539/403 482/540/404
f 336/525/392 424/379/299 487/382/302 486/531/396
f 338/541/405 349/328/257 439/327/256 358/536/400
f 338/541/405 358/536/400 471/299/236 422/298/235
f 338/541/405 422/298/235 470/542/242 357/543/406
f 338/541/405 357/543/406 436/329/258 349/328/257
f 339/544/407 350/337/266 447/336/265 384/524/391
f 339/544/407 384/524/391 472/287/227 423/286/226
f 339/544/407 423/286/226 469/545/233 356/546/399
f 339/544/407 356/546/399 435/338/267 350/337/266
f 308/375/295 377/378/298 482/540/404 481/528/393
f 340/380/300 424/379/299 436/527/258 357/547/406
f 340/380/300 357/547/406 470/419/242 420/418/328
f 340/380/300 420/418/328 485/423/332 491/381/301
f 334/502/382 464/455/345 414/548/348 406/520/381
f 341/439/341 426/442/344 459/473/368 405/549/408
f 341/439/341 405/549/408 460/550/359 429/521/358
f 342/538/402 377/378/298 444/377/297 309/387/307
f 342/538/402 309/387/307 441/533/260 376/530/395
f 342/538/402 376/530/395 488/532/397 492/539/403
f 463/440/342 329/495/376 407/513/388 413/441/343
f 394/511/377 346/388/308 444/377/297
f 441/331/260 309/551/307 360/373/293
f 497/552/409 620/553/410 674/554/411 625/555/412
f 497/552/409 545/556/413 645/557/414 620/553/410
f 497/552/409 617/558/415 636/559/416 545/556/413
f 497/552/409 625/555/412 671/560/417 617/558/415
f 498/561/418 619/562/419 673/563/420 624/564/421
f 498/561/418 547/565/422 640/566/423 619/562/419
f 498/567/418 618/568/424 634/569/425 547/570/422
f 498/561/418 624/564/421 672/571/426 618/572/424
f 500/573/427 575/574/428 650/575/429 584/576/430
f 500/573/427 675/316/248 689/315/247 575/574/428
f 500/577/427 550/578/431 687/319/249 675/318/248
f 500/577/427 584/579/430 648/580/432 550/578/431
f 501/581/433 566/582/434 644/583/435 569/584/436
f 501/581/433 551/585/437 641/586/438 566/582/434
f 501/581/433 565/587/439 638/588/440 551/585/437
f 501/581/433 569/584/436 643/589/441 565/587/439
f 502/590/442 583/591/443 652/592/444 568/593/445
f 502/590/442 552/594/446 649/595/447 583/591/443
f 502/590/442 564/596/448 637/597/449 552/594/446
f 502/590/442 568/593/445 642/598/450 564/596/448
f 503/599/451 570/600/452 645/557/414 582/601/453
f 503/599/451 677/602/274 685/437/273 570/600/452
f 503/603/451 575/574/428 689/315/247 677/346/274
f 503/603/451 582/604/453 650/575/429 575/574/428
f 505/605/454 617/606/415 671/607/417 623/608/455
f 505/605/454 554/609/456 636/610/416 617/606/415
f 505/605/454 619/562/419 640/566/423 554/609/456
f 505/605/454 623/608/455 673/563/420 619/562/419
f 506/611/457 564/596/448 642/598/450 567/612/458
f 506/613/457 555/614/459 637/615/449 564/616/448
f 506/613/457 566/582/434 641/586/438 555/614/459
f 506/613/457 567/617/458 644/583/435 566/582/434
f 507/618/460 561/619/461 635/620/462 546/621/463
f 507/622/460 567/612/458 642/598/450 561/623/461
f 507/618/460 563/624/464 644/583/435 567/617/458
f 507/618/460 546/621/463 639/625/465 563/624/464
f 508/626/466 580/627/467 647/628/468 572/629/469
f 508/626/466 568/593/445 652/592/444 580/627/467
f 508/626/466 561/623/461 642/598/450 568/593/445
f 508/626/466 572/629/469 635/630/462 561/623/461
f 509/631/470 563/624/464 639/625/465 553/632/471
f 509/631/470 569/584/436 644/583/435 563/624/464
f 509/631/470 562/633/472 643/589/441 569/584/436
f 509/631/470 553/632/471 633/634/473 562/633/472
f 510/635/474 579/636/475 646/637/476 571/638/477
f 626/639/478 710/640/479 715/641/480 542/642/481
f 550/578/431 695/643/482 718/383/303 687/319/249
f 510/635/474 571/638/477 686/386/306 680/385/305
f 511/644/483 562/645/472 633/646/473 548/647/484
f 511/644/483 548/647/484 646/637/476
f 512/648/485 681/394/312 684/393/311 549/649/486
f 512/648/485 577/650/487 691/395/313 681/394/312
f 512/648/485 580/627/467 652/592/444 577/650/487
f 512/648/485 549/649/486 647/628/468 580/627/467
f 513/651/488 549/652/486 684/399/311 678/398/316
f 513/651/488 581/653/489 647/654/468 549/652/486
f 513/651/488 557/655/490 651/656/491 581/653/489
f 513/651/488 678/398/316 690/405/320 557/655/490
f 514/657/492 545/556/413 636/559/416 554/658/456
f 514/657/492 582/601/453 645/557/414 545/556/413
f 514/659/492 556/660/493 650/575/429 582/604/453
f 514/661/492 554/609/456 640/566/423 556/662/493
f 515/663/494 682/414/324 691/395/313 577/650/487
f 515/663/494 574/664/495 688/415/325 682/414/324
f 515/663/494 583/591/443 649/595/447 574/664/495
f 515/663/494 577/650/487 652/592/444 583/591/443
f 516/665/496 618/568/424 672/666/426 622/667/497
f 516/665/496 573/668/498 634/569/425 618/568/424
f 648/580/432 717/669/499 695/643/482 550/578/431
f 622/667/497 708/670/500 706/671/501 516/665/496
f 517/672/502 556/662/493 640/566/423 547/565/422
f 517/673/502 584/579/430 650/674/429 556/675/493
f 517/673/502 573/668/498 648/580/432 584/579/430
f 517/673/502 547/570/422 634/569/425 573/668/498
f 518/676/503 557/655/490 690/405/320 676/428/335
f 518/676/503 585/677/504 651/656/491 557/655/490
f 518/676/503 571/678/477 646/679/476 585/677/504
f 518/676/503 676/428/335 686/432/306 571/678/477
f 519/680/505 683/436/340 692/435/339 621/681/506
f 519/680/505 570/600/452 685/437/273 683/436/340
f 519/680/505 620/553/410 645/557/414 570/600/452
f 519/680/505 621/681/506 674/554/411 620/553/410
f 543/682/507 628/683/508 615/684/509 665/685/510
f 666/686/511 616/687/512 627/688/513 526/689/514
f 526/690/514 602/691/515 664/692/516 632/693/517
f 526/694/514 627/695/513 659/696/518 602/697/515
f 666/698/511 526/690/514 632/693/517 611/699/519
f 667/700/520 614/701/521 629/702/522 527/703/523
f 527/703/523 603/704/524 662/705/525 631/706/526
f 527/703/523 629/702/522 663/707/527 603/704/524
f 667/700/520 527/703/523 631/706/526 612/708/528
f 668/709/529 615/684/509 628/683/508 528/710/530
f 528/710/530 604/711/531 660/712/532 630/713/533
f 528/710/530 628/683/508 661/714/534 604/711/531
f 668/715/529 528/716/530 630/717/533 613/718/535
f 669/719/536 611/699/519 632/693/517 529/720/537
f 529/721/537 605/722/538 663/707/527 629/702/522
f 529/720/537 632/693/517 664/692/516 605/723/538
f 669/724/536 529/721/537 629/702/522 614/701/521
f 670/725/539 613/726/535 630/727/533 530/728/540
f 530/729/540 606/730/541 659/696/518 627/695/513
f 530/729/540 630/731/533 660/732/532 606/730/541
f 531/733/542 585/677/504 646/679/476 596/734/543
f 531/733/542 609/735/544 651/656/491 585/677/504
f 665/685/510 531/736/542 596/737/543 612/738/528
f 670/725/539 530/728/540 627/688/513 616/687/512
f 532/739/545 572/629/469 647/628/468 594/740/546
f 532/739/545 608/741/547 635/630/462 572/629/469
f 536/742/548 666/698/511 611/699/519 598/743/549
f 535/744/550 610/745/551 614/701/521 667/700/520
f 533/746/552 553/632/471 639/625/465 598/743/549
f 533/746/552 610/747/551 633/634/473 553/632/471
f 535/744/550 667/700/520 612/708/528 596/748/543
f 534/749/553 609/750/554 615/684/509 668/709/529
f 534/751/553 581/653/489 651/656/491 609/735/544
f 534/751/553 594/752/546 647/654/468 581/653/489
f 534/749/553 668/709/529 613/753/535 594/754/546
f 533/746/552 598/743/549 611/699/519 669/719/536
f 535/744/550 548/647/484 633/646/473 610/745/551
f 535/744/550 596/748/543 548/647/484
f 533/746/552 669/719/536 614/755/521 610/747/551
f 532/756/545 594/757/546 613/726/535 670/725/539
f 536/742/548 546/621/463 635/620/462 608/758/547
f 536/742/548 598/743/549 639/625/465 546/621/463
f 543/682/507 665/685/510 612/738/528 631/759/526
f 532/756/545 670/725/539 616/687/512 608/760/547
f 537/761/555 679/523/390 688/415/325 574/664/495
f 537/761/555 621/681/506 692/435/339 679/523/390
f 537/761/555 586/762/556 674/554/411 621/681/506
f 537/761/555 574/664/495 649/595/447 586/762/556
f 538/763/557 626/639/478 638/764/440 565/765/439
f 680/385/305 705/529/394 703/766/558 510/635/474
f 578/767/559 711/768/560 709/769/561 538/763/557
f 538/763/557 565/765/439 643/770/441 578/767/559
f 539/771/562 558/772/563 637/615/449 555/614/459
f 539/771/562 623/608/455 671/607/417 558/772/563
f 539/771/562 560/773/564 673/563/420 623/608/455
f 539/771/562 555/614/459 641/586/438 560/773/564
f 516/665/496 706/671/501 707/774/565 573/668/498
f 573/668/498 707/774/565 717/669/499 648/580/432
f 579/636/475 704/775/566 716/776/567 544/777/568
f 538/763/557 709/769/561 710/640/479 626/639/478
f 540/778/569 560/773/564 641/586/438 551/585/437
f 540/778/569 624/564/421 673/563/420 560/773/564
f 540/778/569 559/779/570 672/571/426 624/564/421
f 540/778/569 551/585/437 638/588/440 559/779/570
f 541/780/571 586/762/556 649/595/447 552/594/446
f 541/780/571 625/555/412 674/554/411 586/762/556
f 541/780/571 558/781/563 671/560/417 625/555/412
f 541/780/571 552/594/446 637/597/449 558/781/563
f 510/635/474 703/766/558 704/775/566 579/636/475
f 542/642/481 559/782/570 638/764/440 626/639/478
f 542/642/481 622/667/497 672/666/426 559/782/570
f 542/642/481 715/641/480 708/670/500 622/667/497
f 536/742/548 608/758/547 616/783/512 666/698/511
f 543/682/507 607/784/572 661/714/534 628/683/508
f 543/682/507 631/759/526 662/785/525 607/784/572
f 544/777/568 511/644/483 646/637/476 579/636/475
f 544/777/568 578/767/559 643/770/441 511/644/483
f 544/777/568 716/776/567 711/768/560 578/767/559
f 665/685/510 615/684/509 609/750/554 531/736/542
f 596/748/543 646/637/476 548/647/484
f 643/589/441 562/633/472 511/786/483
f 725/787/573 743/788/574 771/789/575 742/790/576
f 725/787/573 742/790/576 770/791/577 745/792/578
f 725/793/579 745/794/580 773/795/581 744/796/582
f 725/793/579 744/796/582 772/797/583 743/798/584
f 726/799/585 751/800/586 775/801/587 757/802/588
f 726/799/585 757/802/588 774/803/589 746/804/590
f 726/799/585 746/804/590 772/797/583 744/796/582
f 726/799/585 744/796/582 773/795/581 751/800/586
f 727/805/591 753/806/592 777/807/593 756/808/594
f 727/805/591 756/808/594 776/809/595 748/810/596
f 727/811/591 748/812/596 770/791/577 742/790/576
f 727/805/591 742/813/576 771/814/575 753/806/592
f 728/815/597 748/816/596 776/817/598 755/818/599
f 728/815/600 755/818/601 775/819/602 751/820/586
f 728/815/600 751/820/586 773/821/581 745/822/580
f 728/823/597 745/792/578 770/791/577 748/812/596
f 729/824/603 746/804/590 774/803/604 754/825/605
f 729/826/606 754/827/607 777/828/608 753/829/592
f 729/826/606 753/829/592 771/830/575 743/831/574
f 729/824/603 743/798/584 772/797/583 746/804/590
f 730/832/609 750/833/610 780/834/611 765/835/612
f 730/836/613 765/837/614 779/838/615 759/839/616
f 730/836/613 759/839/616 777/828/608 754/827/607
f 730/836/609 754/827/605 774/840/604 750/841/610
f 731/842/617 752/843/618 781/844/619 764/845/620
f 731/842/621 764/845/622 778/846/623 758/847/624
f 731/842/621 758/847/624 775/819/602 755/818/601
f 731/842/617 755/818/599 776/817/598 752/843/618
f 732/848/625 759/849/626 779/850/627 763/851/628
f 732/848/625 763/851/628 781/852/629 752/853/630
f 732/848/625 752/853/630 776/854/595 756/855/594
f 732/848/625 756/855/594 777/856/593 759/849/626
f 733/857/631 758/858/624 778/859/623 762/860/632
f 733/857/631 762/860/632 780/834/611 750/833/610
f 733/861/631 750/862/610 774/803/589 757/802/588
f 733/861/631 757/802/588 775/801/587 758/863/624
f 782/864/633 786/865/634 769/866/634 740/867/635
f 782/864/633 740/867/635 767/868/636 788/869/636
f 734/870/637 760/871/638 780/834/611 762/860/632
f 734/870/637 762/860/632 778/859/623 747/872/639
f 783/873/640 787/874/641 766/875/641 738/876/642
f 783/873/640 738/876/642 768/877/643 789/878/643
f 735/879/644 761/880/645 781/852/629 763/851/628
f 735/879/644 763/851/628 779/850/627 749/881/646
f 784/882/647 789/883/648 768/884/648 741/885/649
f 784/882/647 741/885/649 769/886/650 786/887/650
f 736/888/651 747/889/639 778/846/623 764/845/622
f 736/888/652 764/845/620 781/844/619 761/890/652
f 785/891/653 788/892/654 767/893/654 739/894/655
f 785/891/653 739/894/655 766/895/656 787/896/656
f 737/897/657 749/898/657 779/838/615 765/837/614
f 737/899/658 765/835/612 780/834/611 760/871/638
f 737/897/659 785/900/660 787/901/661 749/898/662
f 737/897/659 760/902/663 788/903/663 785/900/660
f 736/888/664 784/882/665 786/887/666 747/889/666
f 736/904/664 761/880/667 789/878/668 784/905/665
f 735/879/669 783/873/670 789/878/668 761/880/667
f 735/879/669 749/881/662 787/874/661 783/873/670
f 734/870/671 782/864/672 788/869/673 760/871/673
f 734/870/671 747/872/674 786/865/674 782/864/672
f 790/906/675 807/907/676 836/908/677 808/909/678
f 790/906/675 810/910/679 835/911/680 807/907/676
f 790/912/681 809/913/682 838/914/683 810/915/684
f 790/916/681 808/917/685 837/918/686 809/919/682
f 791/920/687 822/921/688 840/922/689 816/923/690
f 791/920/687 811/924/691 839/925/692 822/921/688
f 791/920/687 809/913/682 837/926/686 811/924/691
f 791/920/687 816/923/690 838/914/683 809/913/682
f 792/927/693 821/928/694 842/929/695 818/930/696
f 792/927/693 813/931/697 841/932/698 821/928/694
f 792/933/693 807/907/676 835/911/680 813/934/697
f 792/927/693 818/930/696 836/935/677 807/936/676
f 793/937/699 820/938/700 841/939/701 813/940/697
f 793/941/702 816/923/690 840/922/703 820/942/704
f 793/941/702 810/915/684 838/914/683 816/923/690
f 793/943/699 813/934/697 835/911/680 810/910/679
f 794/944/705 819/945/706 839/946/707 811/947/691
f 794/944/708 818/948/696 842/949/709 819/945/710
f 794/944/708 808/917/678 836/950/677 818/948/696
f 794/944/705 811/947/691 837/918/686 808/917/685
f 795/951/711 830/952/712 845/953/713 815/954/714
f 795/955/715 824/956/716 844/957/717 830/958/718
f 795/955/715 819/945/710 842/949/709 824/956/716
f 795/955/711 815/959/714 839/946/707 819/945/706
f 796/960/719 829/961/720 846/962/721 817/963/722
f 796/960/723 823/964/724 843/965/725 829/961/726
f 796/966/723 820/942/704 840/922/703 823/967/724
f 796/960/719 817/963/722 841/939/701 820/938/700
f 797/968/727 828/969/728 844/970/729 824/971/730
f 797/968/727 817/972/731 846/973/732 828/969/728
f 797/968/727 821/974/694 841/975/698 817/972/731
f 797/968/727 824/971/730 842/976/695 821/974/694
f 798/977/733 827/978/734 843/979/725 823/980/724
f 798/977/733 815/954/714 845/953/713 827/978/734
f 798/977/733 822/981/688 839/982/692 815/954/714
f 798/983/733 823/967/724 840/922/689 822/921/688
f 847/984/735 805/985/736 834/986/737 851/987/737
f 847/984/735 853/988/738 832/989/738 805/985/736
f 799/990/739 827/978/734 845/953/713 825/991/740
f 799/990/739 812/992/741 843/979/725 827/978/734
f 848/993/742 803/994/743 831/995/744 852/996/744
f 848/993/742 854/997/745 833/998/745 803/994/743
f 800/999/746 828/969/728 846/973/732 826/1000/747
f 800/999/746 814/1001/748 844/970/729 828/969/728
f 849/1002/749 806/1003/750 833/1004/751 854/1005/751
f 849/1002/749 851/1006/752 834/1007/752 806/1003/750
f 801/1008/753 829/961/726 843/965/725 812/1009/741
f 801/1008/754 826/1010/754 846/962/721 829/961/720
f 850/1011/755 804/1012/756 832/1013/757 853/1014/757
f 850/1011/755 852/1015/758 831/1016/758 804/1012/756
f 802/1017/759 830/958/718 844/957/717 814/1018/759
f 802/1019/760 825/991/740 845/953/713 830/952/712
f 802/1017/761 814/1018/762 852/1015/763 850/1011/764
f 802/1017/761 850/1011/764 853/1014/765 825/1020/765
f 801/1021/766 812/1022/767 851/1023/767 849/1024/768
f 801/1021/766 849/1024/768 854/1025/769 826/1026/770
f 800/999/771 826/1000/770 854/997/769 848/993/772
f 800/999/771 848/993/772 852/996/763 814/1001/762
f 799/990/773 825/991/774 853/988/774 847/984/775
f 799/990/773 847/984/775 851/987/776 812/992/776
f 855/1027/777 856/1028/778 867/1029/779
f 855/1027/777 857/308/780 856/1028/778
f 855/932/777 858/1030/781 857/1031/780
f 855/932/777 859/1032/782 858/1030/781
f 855/932/777 860/1033/783 859/1032/782
f 855/932/777 861/1034/784 860/1033/783
f 855/1035/777 862/1036/785 861/1037/784
f 855/1035/777 863/1038/786 862/1036/785
f 855/1039/777 864/1040/787 863/1041/786
f 855/1039/777 865/1042/788 864/1040/787
f 855/1039/777 866/1043/789 865/1042/788
f 855/1027/777 867/1029/779 866/1044/789
f 856/1045/778 868/1046/790 879/1047/791 867/1048/779
f 857/1049/780 869/1050/792 868/1046/790 856/1045/778
f 858/1030/781 870/1051/793 869/1052/792 857/1031/780
f 859/1032/782 871/1053/794 870/1051/793 858/1030/781
f 860/1033/783 872/1054/795 871/1053/794 859/1032/782
f 861/1037/784 873/1055/796 872/1056/795 860/1057/783
f 862/1036/785 874/1058/797 873/1055/796 861/1037/784
f 863/1038/786 875/1059/798 874/1058/797 862/1036/785
f 864/1040/787 876/1060/799 875/1061/798 863/1041/786
f 865/1042/788 877/1062/800 876/1060/799 864/1040/787
f 866/1043/789 878/1063/801 877/1062/800 865/1042/788
f 867/1048/779 879/1047/791 878/1064/801 866/1065/789
f 868/1046/790 880/1066/802 891/1067/803 879/1047/791
f 869/1050/792 881/1068/804 880/1066/802 868/1046/790
f 870/1051/793 882/1069/805 881/1070/804 869/1052/792
f 871/1053/794 883/1071/806 882/1069/805 870/1051/793
f 872/1054/795 884/1072/807 883/1071/806 871/1053/794
f 873/1055/796 885/1073/808 884/1074/807 872/1056/795
f 874/1058/797 886/1075/809 885/1073/808 873/1055/796
f 875/1059/798 887/1076/810 886/1075/809 874/1058/797
f 876/1060/799 888/1077/811 887/1078/810 875/1061/798
f 877/1062/800 889/1079/812 888/1077/811 876/1060/799
f 878/1063/801 890/1080/813 889/1079/812 877/1062/800
f 879/1047/791 891/1067/803 890/1081/813 878/1064/801
f 880/1066/802 892/1082/814 903/1083/815 891/1067/803
f 881/1068/804 893/1084/816 892/1082/814 880/1066/802
f 882/1085/805 894/1086/817 893/1084/816 881/1068/804
f 883/1071/806 895/1087/818 894/1088/817 882/1069/805
f 884/1072/807 896/1089/819 895/1087/818 883/1071/806
f 885/1073/808 897/1090/820 896/1091/819 884/1074/807
f 886/1075/809 898/1092/821 897/1090/820 885/1073/808
f 887/1093/810 899/1094/822 898/1095/821 886/1096/809
f 888/1077/811 900/1097/823 899/1098/822 887/1078/810
f 889/1079/812 901/1099/824 900/1097/823 888/1077/811
f 890/1080/813 902/1100/825 901/1099/824 889/1079/812
f 891/1101/803 903/1102/815 902/1100/825 890/1080/813
f 892/1082/814 904/1103/826 915/1104/827 903/1083/815
f 893/1084/816 905/1105/828 904/1103/826 892/1082/814
f 894/1088/817 906/1106/829 905/1107/828 893/1108/816
f 895/1087/818 907/1109/830 906/1106/829 894/1088/817
f 896/1089/819 908/1110/831 907/1109/830 895/1087/818
f 897/1111/820 909/1112/832 908/1110/831 896/1089/819
f 898/1095/821 910/1113/833 909/1114/832 897/1115/820
f 899/1094/822 911/1116/834 910/1113/833 898/1095/821
f 900/1117/823 912/1118/835 911/1116/834 899/1094/822
f 901/1099/824 913/1119/836 912/1120/835 900/1097/823
f 902/1100/825 914/1121/837 913/1119/836 901/1099/824
f 903/1102/815 915/1122/827 914/1121/837 902/1100/825
f 916/1123/838 917/1124/839 928/1125/840
f 916/1123/838 918/1126/841 917/1124/839
f 916/1127/838 919/1128/842 918/1129/841
f 916/1127/838 920/1130/843 919/1128/842
f 916/1127/838 921/1131/844 920/1130/843
f 916/1132/838 922/1133/845 921/1134/844
f 916/1132/838 923/1135/846 922/1133/845
f 916/1132/838 924/1136/847 923/1135/846
f 916/1137/838 925/1138/848 924/1139/847
f 916/1137/838 926/1140/849 925/1138/848
f 916/1137/838 927/1141/850 926/1140/849
f 916/1123/838 928/1125/840 927/1142/850
f 917/1124/839 929/1143/851 940/1144/852 928/1125/840
f 918/1126/841 930/1145/853 929/1143/851 917/1124/839
f 919/1128/842 931/1146/854 930/1147/853 918/1129/841
f 920/1130/843 932/1148/855 931/1146/854 919/1128/842
f 921/1131/844 933/1149/856 932/1148/855 920/1130/843
f 922/1133/845 934/1150/857 933/1151/856 921/1134/844
f 923/1135/846 935/1152/858 934/1150/857 922/1133/845
f 924/1136/847 936/1153/859 935/1152/858 923/1135/846
f 925/1138/848 937/1154/860 936/1155/859 924/1139/847
f 926/1140/849 938/1156/861 937/1154/860 925/1138/848
f 927/1141/850 939/1157/862 938/1156/861 926/1140/849
f 928/1125/840 940/1144/852 939/1158/862 927/1142/850
f 929/1143/851 941/1159/863 952/1160/864 940/1144/852
f 930/1145/853 942/1161/865 941/1159/863 929/1143/851
f 931/1146/854 943/1162/866 942/1163/865 930/1147/853
f 932/1148/855 944/1164/867 943/1162/866 931/1146/854
f 933/1149/856 945/1165/868 944/1164/867 932/1148/855
f 934/1166/857 946/1167/869 945/1168/868 933/1169/856
f 935/1170/858 947/1171/870 946/1167/869 934/1166/857
f 936/1153/859 948/1172/871 947/1173/870 935/1152/858
f 937/1154/860 949/1174/872 948/1175/871 936/1155/859
f 938/1156/861 950/1176/873 949/1174/872 937/1154/860
f 939/1157/862 951/1177/874 950/1176/873 938/1156/861
f 940/1144/852 952/1160/864 951/1178/874 939/1158/862
f 941/1159/863 953/1179/875 964/1180/876 952/1160/864
f 942/1161/865 954/1181/877 953/1179/875 941/1159/863
f 943/1162/866 955/1182/878 954/1183/877 942/1163/865
f 944/1164/867 956/1184/879 955/1182/878 943/1162/866
f 945/1165/868 957/1185/880 956/1184/879 944/1164/867
f 946/1167/869 958/1186/881 957/1187/880 945/1168/868
f 947/1171/870 959/1188/882 958/1186/881 946/1167/869
f 948/1189/871 960/1190/883 959/1188/882 947/1171/870
f 949/1174/872 961/1191/884 960/1192/883 948/1175/871
f 950/1176/873 962/1193/885 961/1191/884 949/1174/872
f 951/1177/874 963/1194/886 962/1193/885 950/1176/873
f 952/1160/864 964/1180/876 963/1195/886 951/1178/874
f 965/1196/887 966/1197/888 977/1198/889
f 965/1196/887 967/1199/890 966/1197/888
f 965/1196/887 968/1200/891 967/1199/890
f 965/1201/887 969/1202/892 968/1203/891
f 965/1201/887 970/1204/893 969/1202/892
f 965/1201/887 971/1205/894 970/1204/893
f 965/1206/887 972/1207/895 971/1208/894
f 965/1206/887 973/1209/896 972/1207/895
f 965/1206/887 974/1210/897 973/1209/896
f 965/1211/887 975/1212/898 974/1213/897
f 965/1211/887 976/1214/899 975/1212/898
f 965/1211/887 977/1215/889 976/1214/899
f 966/1197/888 978/1216/900 989/1217/901 977/1198/889
f 967/1199/890 979/1218/902 978/1216/900 966/1197/888
f 968/1200/891 980/1219/903 979/1218/902 967/1199/890
f 969/1202/892 981/1220/904 980/1221/903 968/1203/891
f 970/1204/893 982/1222/905 981/1220/904 969/1202/892
f 971/1223/894 983/1224/906 982/1225/905 970/1226/893
f 972/1227/895 984/1228/907 983/1224/906 971/1223/894
f 973/1229/896 985/1230/908 984/1228/907 972/1227/895
f 974/1213/897 986/1231/909 985/1232/908 973/1233/896
f 975/1212/898 987/1234/910 986/1231/909 974/1213/897
f 976/1214/899 988/1235/911 987/1234/910 975/1212/898
f 977/1215/889 989/1236/901 988/1235/911 976/1214/899
f 978/1216/900 990/1237/912 1001/1238/913 989/1217/901
f 979/1218/902 991/1239/914 990/1237/912 978/1216/900
f 980/1219/903 992/1240/915 991/1239/914 979/1218/902
f 981/1220/904 993/1241/916 992/1242/915 980/1221/903
f 982/1222/905 994/1243/917 993/1241/916 981/1220/904
f 983/1244/906 995/1245/918 994/1243/917 982/1222/905
f 984/1246/907 996/1247/919 995/1245/918 983/1244/906
f 985/1248/908 997/1249/920 996/1250/919 984/1251/907
f 986/1231/909 998/1252/921 997/1253/920 985/1232/908
f 987/1234/910 999/1254/922 998/1252/921 986/1231/909
f 988/1235/911 1000/1255/923 999/1254/922 987/1234/910
f 989/1236/901 1001/1256/913 1000/1255/923 988/1235/911
f 990/1237/912 1002/1257/924 1013/1258/925 1001/1238/913
f 991/1239/914 1003/1259/926 1002/1257/924 990/1237/912
f 992/1240/915 1004/1260/927 1003/1259/926 991/1239/914
f 993/1241/916 1005/1261/928 1004/1262/927 992/1242/915
f 994/1243/917 1006/1263/929 1005/1261/928 993/1241/916
f 995/1245/918 1007/1264/930 1006/1263/929 994/1243/917
f 996/1250/919 1008/1265/931 1007/1266/930 995/1267/918
f 997/1249/920 1009/1268/932 1008/1265/931 996/1250/919
f 998/1252/921 1010/1269/933 1009/1270/932 997/1253/920
f 999/1254/922 1011/1271/934 1010/1269/933 998/1252/921
f 1000/1255/923 1012/1272/935 1011/1271/934 999/1254/922
f 1001/1256/913 1013/1273/925 1012/1272/935 1000/1255/923
f 1002/1257/924 1014/1274/936 1025/1275/937 1013/1258/925
f 1003/1259/926 1015/1276/938 1014/1274/936 1002/1257/924
f 1004/1277/927 1016/1278/939 1015/1279/938 1003/1280/926
f 1005/1261/928 1017/1281/940 1016/1282/939 1004/1262/927
f 1006/1263/929 1018/1283/941 1017/1281/940 1005/1261/928
f 1007/1264/930 1019/1284/942 1018/1283/941 1006/1263/929
f 1008/1265/931 1020/1285/943 1019/1286/942 1007/1266/930
f 1009/1268/932 1021/1287/944 1020/1285/943 1008/1265/931
f 1010/1288/933 1022/1289/945 1021/1287/944 1009/1268/932
f 1011/1271/934 1023/1290/946 1022/1291/945 1010/1269/933
f 1012/1272/935 1024/1292/947 1023/1290/946 1011/1271/934
f 1013/1273/925 1025/1293/937 1024/1292/947 1012/1272/935
f 1026/1294/948 1205/1295/949 1346/1296/950 1204/1297/951
f 1026/1294/948 1204/1297/951 1345/1298/952 1201/1299/953
f 1026/1294/948 1201/1299/953 1375/1300/954 1287/1301/955
f 1026/1294/948 1287/1301/955 1384/1302/956 1205/1295/949
f 1027/1303/957 1173/1304/958 1339/1305/959 1172/1306/960
f 1027/1303/957 1172/1306/960 1330/1307/961 1140/1308/962
f 1027/1303/957 1140/1308/962 1362/1309/963 1260/1310/964
f 1027/1303/957 1260/1310/964 1370/1311/965 1173/1304/958
f 1028/1312/966 1139/1313/967 1330/1307/961 1138/1314/968
f 1028/1312/966 1138/1314/968 1358/1315/969 1233/1316/970
f 1028/1312/966 1233/1316/970 1398/1317/971 1230/1318/972
f 1028/1312/966 1230/1318/972 1356/1319/973 1139/1313/967
f 1029/1320/974 1140/1308/962 1330/1307/961 1139/1313/967
f 1029/1320/974 1139/1313/967 1356/1319/973 1229/1321/975
f 1029/1320/974 1229/1321/975 1389/1322/976 1240/1323/977
f 1029/1320/974 1240/1323/977 1362/1309/963 1140/1308/962
f 1030/1324/978 1168/1325/979 1338/1326/980 1167/1327/981
f 1030/1324/978 1167/1327/981 1331/1328/982 1143/1329/983
f 1030/1330/978 1143/1331/983 1370/1311/965 1260/1310/964
f 1030/1330/978 1260/1310/964 1362/1309/963 1168/1332/979
f 1031/1333/984 1142/1334/985 1331/1328/982 1141/1335/986
f 1031/1333/984 1141/1335/986 1367/1336/987 1253/1337/988
f 1031/1333/984 1253/1337/988 1391/1338/989 1241/1339/990
f 1031/1333/984 1241/1339/990 1363/1340/991 1142/1334/985
f 1032/1341/992 1143/1329/983 1331/1328/982 1142/1334/985
f 1032/1341/992 1142/1334/985 1363/1340/991 1242/1342/993
f 1032/1343/992 1242/1344/993 1390/1345/994 1259/1346/995
f 1032/1343/992 1259/1346/995 1370/1311/965 1143/1331/983
f 1033/1347/996 1172/1306/960 1339/1305/959 1171/1348/997
f 1033/1347/996 1171/1348/997 1369/1349/998 1258/1350/999
f 1033/1347/996 1258/1350/999 1358/1315/969 1138/1314/968
f 1033/1347/996 1138/1314/968 1330/1307/961 1172/1306/960
f 1034/1351/1000 1164/1352/1001 1337/1353/1002 1163/1354/1003
f 1034/1351/1000 1163/1354/1003 1332/1355/1004 1146/1356/1005
f 1034/1351/1000 1146/1356/1005 1367/1336/987 1254/1357/1006
f 1034/1351/1000 1254/1357/1006 1353/1358/1007 1164/1352/1001
f 1035/1359/1008 1145/1360/1009 1332/1355/1004 1144/1361/1010
f 1035/1362/1008 1144/1363/1010 1368/1364/1011 1255/1365/1012
f 1035/1362/1008 1255/1365/1012 1386/1366/1013 1238/1367/1014
f 1035/1359/1008 1238/1368/1014 1361/1369/1015 1145/1360/1009
f 1036/1370/1016 1146/1356/1005 1332/1355/1004 1145/1360/1009
f 1036/1370/1016 1145/1360/1009 1361/1369/1015 1239/1371/1017
f 1036/1370/1016 1239/1371/1017 1391/1338/989 1253/1337/988
f 1036/1370/1016 1253/1337/988 1367/1336/987 1146/1356/1005
f 1037/1372/1018 1167/1327/981 1338/1326/980 1166/1373/1019
f 1037/1372/1018 1166/1373/1019 1353/1358/1007 1254/1357/1006
f 1037/1372/1018 1254/1357/1006 1367/1336/987 1141/1335/986
f 1037/1372/1018 1141/1335/986 1331/1328/982 1167/1327/981
f 1136/1374/1020 1038/1375/1021 1250/1376/1022 1327/1377/1023
f 1136/1374/1020 1183/1378/1024 1314/1379/1025 1038/1375/1021
f 1135/1380/1026 1039/1381/1027 1196/1382/1028 1319/1383/1029
f 1135/1380/1026 1280/1384/1030 1328/1385/1031 1039/1381/1027
f 1134/1386/1032 1040/1387/1033 1184/1388/1034 1315/1389/1035
f 1134/1386/1032 1243/1390/1036 1324/1391/1037 1040/1387/1033
f 1133/1392/1038 1041/1393/1039 1314/1379/1025 1183/1378/1024
f 1042/1394/1040 1147/1395/1041 1333/1396/1042 1150/1397/1043
f 1042/1394/1040 1150/1397/1043 1363/1398/991 1241/1399/990
f 1042/1400/1040 1241/1339/990 1391/1338/989 1237/1401/1044
f 1042/1394/1040 1237/1402/1044 1360/1403/1045 1147/1395/1041
f 1043/1404/1046 1148/1405/1047 1333/1396/1042 1147/1395/1041
f 1043/1404/1046 1147/1395/1041 1360/1403/1045 1236/1406/1048
f 1043/1404/1046 1236/1406/1048 1399/1407/1049 1245/1408/1050
f 1043/1404/1046 1245/1408/1050 1364/1409/1051 1148/1405/1047
f 1044/1410/1052 1149/1411/1053 1333/1396/1042 1148/1405/1047
f 1044/1410/1052 1148/1405/1047 1364/1409/1051 1246/1412/1054
f 1044/1410/1052 1246/1412/1054 1400/1413/1055 1234/1414/1056
f 1044/1410/1052 1234/1414/1056 1359/1415/1057 1149/1411/1053
f 1045/1416/1058 1150/1397/1043 1333/1396/1042 1149/1411/1053
f 1045/1416/1058 1149/1411/1053 1359/1415/1057 1235/1417/1059
f 1045/1418/1058 1235/1419/1059 1390/1345/994 1242/1344/993
f 1045/1416/1058 1242/1420/993 1363/1398/991 1150/1397/1043
f 1046/1421/1060 1151/1422/1061 1334/1423/1062 1154/1424/1063
f 1046/1425/1060 1154/1426/1063 1361/1369/1015 1238/1368/1014
f 1046/1427/1060 1238/1367/1014 1386/1366/1013 1224/1428/1064
f 1046/1427/1060 1224/1428/1064 1352/1429/1065 1151/1430/1061
f 1047/1431/1066 1152/1432/1067 1334/1423/1062 1151/1422/1061
f 1047/1433/1066 1151/1430/1061 1352/1429/1065 1223/1434/1068
f 1047/1433/1066 1223/1434/1068 1392/1435/1069 1231/1436/1070
f 1047/1431/1066 1231/1437/1070 1357/1438/1071 1152/1432/1067
f 1048/1439/1072 1153/1440/1073 1334/1423/1062 1152/1432/1067
f 1048/1439/1072 1152/1432/1067 1357/1438/1071 1232/1441/1074
f 1048/1439/1072 1232/1441/1074 1399/1407/1049 1236/1406/1048
f 1048/1439/1072 1236/1406/1048 1360/1403/1045 1153/1440/1073
f 1049/1442/1075 1154/1424/1063 1334/1423/1062 1153/1440/1073
f 1049/1442/1075 1153/1440/1073 1360/1403/1045 1237/1402/1044
f 1049/1443/1075 1237/1401/1044 1391/1338/989 1239/1371/1017
f 1049/1443/1075 1239/1371/1017 1361/1369/1015 1154/1426/1063
f 1133/1392/1038 1185/1444/1076 1316/1445/1077 1041/1393/1039
f 1132/1446/1078 1050/1447/1079 1198/1448/1080 1321/1449/1081
f 1132/1446/1078 1315/1389/1035 1184/1388/1034 1050/1447/1079
f 1131/1450/1082 1051/1451/1083 1316/1445/1077 1185/1444/1076
f 1131/1450/1082 1220/1452/1084 1322/1453/1085 1051/1451/1083
f 1130/1454/1086 1052/1455/1087 1281/1456/1088 1329/1457/1088
f 1130/1454/1086 1195/1458/1089 1318/1459/1090 1052/1455/1087
f 1129/1460/1091 1053/1461/1092 1186/1462/1093 1317/1463/1093
f 1054/1464/1094 1160/1465/1095 1336/1466/1096 1159/1467/1097
f 1054/1464/1094 1159/1467/1097 1335/1468/1098 1157/1469/1099
f 1054/1464/1094 1157/1469/1099 1351/1470/1100 1252/1471/1101
f 1054/1464/1094 1252/1471/1101 1366/1472/1102 1160/1465/1095
f 1055/1473/1103 1156/1474/1104 1335/1468/1098 1155/1475/1105
f 1055/1473/1103 1155/1475/1105 1355/1476/1106 1228/1477/1107
f 1055/1473/1103 1228/1477/1107 1387/1478/1108 1218/1479/1109
f 1055/1473/1103 1218/1479/1109 1350/1480/1110 1156/1474/1104
f 1056/1481/1111 1157/1469/1099 1335/1468/1098 1156/1474/1104
f 1056/1481/1111 1156/1474/1104 1350/1480/1110 1219/1482/1112
f 1056/1481/1111 1219/1482/1112 1393/1483/1113 1222/1484/1114
f 1056/1481/1111 1222/1484/1114 1351/1470/1100 1157/1469/1099
f 1057/1485/1115 1163/1354/1003 1337/1353/1002 1162/1486/1116
f 1057/1487/1115 1162/1488/1116 1355/1476/1106 1256/1489/1117
f 1057/1487/1115 1256/1489/1117 1368/1364/1011 1144/1363/1010
f 1057/1485/1115 1144/1361/1010 1332/1355/1004 1163/1354/1003
f 1058/1490/1118 1158/1491/1119 1336/1466/1096 1161/1492/1120
f 1058/1490/1118 1161/1492/1120 1352/1429/1065 1224/1428/1064
f 1058/1490/1118 1224/1428/1064 1386/1366/1013 1255/1365/1012
f 1058/1490/1118 1255/1365/1012 1368/1364/1011 1158/1491/1119
f 1059/1493/1121 1161/1492/1120 1336/1466/1096 1160/1465/1095
f 1059/1493/1121 1160/1465/1095 1366/1472/1102 1251/1494/1122
f 1059/1493/1121 1251/1494/1122 1392/1435/1069 1223/1434/1068
f 1059/1493/1121 1223/1434/1068 1352/1429/1065 1161/1492/1120
f 1060/1495/1123 1162/1486/1116 1337/1353/1002 1165/1496/1124
f 1060/1495/1123 1165/1496/1124 1365/1497/1125 1248/1498/1126
f 1060/1499/1123 1248/1500/1126 1387/1478/1108 1228/1477/1107
f 1060/1499/1123 1228/1477/1107 1355/1476/1106 1162/1488/1116
f 1061/1501/1127 1165/1496/1124 1337/1353/1002 1164/1352/1001
f 1061/1501/1127 1164/1352/1001 1353/1358/1007 1225/1502/1128
f 1061/1501/1127 1225/1502/1128 1388/1503/1129 1247/1504/1130
f 1061/1501/1127 1247/1504/1130 1365/1497/1125 1165/1496/1124
f 1062/1505/1131 1166/1373/1019 1338/1326/980 1169/1506/1132
f 1062/1505/1131 1169/1506/1132 1354/1507/1133 1227/1508/1134
f 1062/1505/1131 1227/1508/1134 1388/1503/1129 1225/1502/1128
f 1062/1505/1131 1225/1502/1128 1353/1358/1007 1166/1373/1019
f 1063/1509/1135 1169/1506/1132 1338/1326/980 1168/1325/979
f 1063/1510/1135 1168/1332/979 1362/1309/963 1240/1323/977
f 1063/1510/1135 1240/1323/977 1389/1322/976 1226/1511/1136
f 1063/1510/1135 1226/1511/1136 1354/1512/1133 1169/1513/1132
f 1064/1514/1137 1170/1515/1138 1339/1305/959 1173/1304/958
f 1064/1514/1137 1173/1304/958 1370/1311/965 1259/1346/995
f 1064/1514/1137 1259/1346/995 1390/1345/994 1235/1419/1059
f 1064/1514/1137 1235/1419/1059 1359/1516/1057 1170/1515/1138
f 1065/1517/1139 1171/1348/997 1339/1305/959 1170/1515/1138
f 1065/1517/1139 1170/1515/1138 1359/1516/1057 1234/1518/1056
f 1065/1517/1139 1234/1518/1056 1400/1519/1055 1257/1520/1140
f 1065/1517/1139 1257/1520/1140 1369/1349/998 1171/1348/997
f 1066/1521/1141 1175/1522/1142 1340/1523/1143 1174/1524/1144
f 1066/1521/1141 1174/1524/1144 1380/1525/1145 1277/1526/1146
f 1066/1527/1141 1277/1528/1146 1397/1529/1147 1269/1530/1148
f 1066/1527/1141 1269/1530/1148 1376/1531/1149 1175/1532/1142
f 1067/1533/1150 1176/1534/1151 1340/1523/1143 1175/1522/1142
f 1067/1533/1150 1175/1522/1142 1376/1535/1149 1270/1536/1152
f 1067/1533/1150 1270/1536/1152 1398/1317/971 1233/1316/970
f 1067/1533/1150 1233/1316/970 1358/1315/969 1176/1534/1151
f 1068/1537/1153 1215/1538/1154 1349/1539/1155 1214/1540/1156
f 1068/1537/1153 1214/1540/1156 1385/1541/1157 1289/1542/1158
f 1068/1537/1153 1289/1542/1158 1380/1525/1145 1174/1524/1144
f 1068/1537/1153 1174/1524/1144 1340/1523/1143 1215/1538/1154
f 1069/1543/1159 1212/1544/1160 1348/1545/1161 1211/1546/1162
f 1069/1543/1159 1211/1546/1162 1380/1547/1145 1289/1548/1158
f 1069/1543/1159 1289/1548/1158 1385/1549/1157 1177/1550/1163
f 1069/1543/1159 1177/1550/1163 1341/1551/1164 1212/1544/1160
f 1070/1552/1165 1216/1553/1166 1349/1539/1155 1215/1538/1154
f 1070/1552/1165 1215/1538/1154 1340/1523/1143 1176/1534/1151
f 1070/1552/1165 1176/1534/1151 1358/1315/969 1258/1350/999
f 1070/1552/1165 1258/1350/999 1369/1349/998 1216/1553/1166
f 1071/1554/1167 1178/1555/1168 1341/1551/1164 1177/1550/1163
f 1071/1554/1167 1177/1550/1163 1385/1549/1157 1288/1556/1169
f 1071/1554/1167 1288/1556/1169 1401/1557/1170 1279/1558/1171
f 1071/1554/1167 1279/1558/1171 1381/1559/1172 1178/1555/1168
f 1072/1560/1173 1179/1561/1174 1341/1551/1164 1178/1555/1168
f 1072/1560/1173 1178/1555/1168 1381/1559/1172 1278/1562/1175
f 1072/1560/1173 1278/1562/1175 1402/1563/1176 1284/1564/1177
f 1072/1560/1173 1284/1564/1177 1383/1565/1178 1179/1561/1174
f 1073/1566/1179 1208/1567/1180 1347/1568/1181 1207/1569/1182
f 1073/1566/1179 1207/1569/1182 1373/1570/1183 1285/1571/1184
f 1073/1566/1179 1285/1571/1184 1383/1565/1178 1180/1572/1185
f 1073/1566/1179 1180/1572/1185 1342/1573/1186 1208/1567/1180
f 1074/1574/1187 1213/1575/1188 1348/1545/1161 1212/1544/1160
f 1074/1574/1187 1212/1544/1160 1341/1551/1164 1179/1561/1174
f 1074/1574/1187 1179/1561/1174 1383/1565/1178 1285/1571/1184
f 1074/1574/1187 1285/1571/1184 1373/1570/1183 1213/1575/1188
f 1075/1576/1189 1181/1577/1190 1342/1573/1186 1180/1572/1185
f 1075/1576/1189 1180/1572/1185 1383/1565/1178 1284/1564/1177
f 1075/1576/1189 1284/1564/1177 1402/1563/1176 1276/1578/1191
f 1075/1576/1189 1276/1578/1191 1379/1579/1192 1181/1577/1190
f 1076/1580/1193 1182/1581/1194 1342/1573/1186 1181/1577/1190
f 1076/1580/1193 1181/1577/1190 1379/1579/1192 1275/1582/1195
f 1076/1580/1193 1275/1582/1195 1394/1583/1196 1286/1584/1197
f 1076/1580/1193 1286/1584/1197 1384/1585/956 1182/1581/1194
f 1129/1460/1091 1197/1586/1198 1320/1587/1199 1053/1461/1092
f 1128/1588/1200 1077/1589/1201 1221/1590/1202 1323/1591/1203
f 1128/1588/1200 1317/1463/1204 1186/1462/1204 1077/1589/1201
f 1127/1592/1205 1078/1593/1206 1318/1459/1090 1195/1458/1089
f 1127/1592/1205 1249/1594/1207 1326/1595/1208 1078/1593/1206
f 1126/1596/1209 1079/1597/1210 1244/1598/1211 1325/1599/1212
f 1126/1596/1209 1319/1383/1029 1196/1382/1028 1079/1597/1210
f 1125/1600/1213 1080/1601/1214 1320/1587/1199 1197/1586/1198
f 1081/1602/1215 1187/1603/1216 1343/1604/1217 1190/1605/1218
f 1081/1602/1215 1190/1605/1218 1378/1606/1219 1274/1607/1220
f 1081/1602/1215 1274/1607/1220 1402/1608/1176 1278/1609/1175
f 1081/1602/1215 1278/1609/1175 1381/1610/1172 1187/1603/1216
f 1082/1611/1221 1188/1612/1222 1343/1604/1217 1187/1603/1216
f 1082/1611/1221 1187/1603/1216 1381/1610/1172 1279/1613/1171
f 1082/1611/1221 1279/1613/1171 1401/1614/1170 1272/1615/1223
f 1082/1611/1221 1272/1615/1223 1377/1616/1224 1188/1612/1222
f 1083/1617/1225 1189/1618/1226 1343/1604/1217 1188/1612/1222
f 1083/1617/1225 1188/1612/1222 1377/1616/1224 1271/1619/1227
f 1083/1617/1225 1271/1619/1227 1400/1413/1055 1246/1412/1054
f 1083/1617/1225 1246/1412/1054 1364/1409/1051 1189/1618/1226
f 1084/1620/1228 1190/1605/1218 1343/1604/1217 1189/1618/1226
f 1084/1620/1228 1189/1618/1226 1364/1409/1051 1245/1408/1050
f 1084/1620/1228 1245/1408/1050 1399/1407/1049 1273/1621/1229
f 1084/1620/1228 1273/1621/1229 1378/1606/1219 1190/1605/1218
f 1085/1622/1230 1191/1623/1231 1344/1624/1232 1194/1625/1233
f 1085/1626/1230 1194/1627/1233 1372/1628/1234 1264/1629/1235
f 1085/1630/1230 1264/1631/1235 1394/1583/1196 1275/1582/1195
f 1085/1630/1230 1275/1582/1195 1379/1579/1192 1191/1632/1231
f 1086/1633/1236 1192/1634/1237 1344/1624/1232 1191/1623/1231
f 1086/1633/1236 1191/1623/1231 1379/1635/1192 1276/1636/1191
f 1086/1633/1236 1276/1636/1191 1402/1608/1176 1274/1607/1220
f 1086/1633/1236 1274/1607/1220 1378/1606/1219 1192/1634/1237
f 1087/1637/1238 1193/1638/1239 1344/1624/1232 1192/1634/1237
f 1087/1637/1238 1192/1634/1237 1378/1606/1219 1273/1621/1229
f 1087/1637/1238 1273/1621/1229 1399/1407/1049 1232/1441/1074
f 1087/1637/1238 1232/1441/1074 1357/1438/1071 1193/1638/1239
f 1088/1639/1240 1194/1625/1233 1344/1624/1232 1193/1638/1239
f 1088/1639/1240 1193/1638/1239 1357/1438/1071 1231/1437/1070
f 1088/1640/1240 1231/1436/1070 1392/1435/1069 1263/1641/1241
f 1088/1640/1240 1263/1641/1241 1372/1628/1234 1194/1627/1233
f 1125/1600/1213 1321/1449/1081 1198/1448/1080 1080/1601/1214
f 1124/1642/1242 1089/1643/1243 1322/1453/1085 1220/1452/1084
f 1124/1642/1242 1323/1591/1203 1221/1590/1202 1089/1643/1243
f 1123/1644/1244 1090/1645/1245 1324/1391/1037 1243/1390/1036
f 1123/1644/1244 1325/1599/1212 1244/1598/1211 1090/1645/1245
f 1122/1646/1246 1091/1647/1247 1326/1595/1208 1249/1594/1207
f 1122/1646/1246 1327/1377/1023 1250/1376/1022 1091/1647/1247
f 1121/1648/1248 1092/1649/1249 1328/1385/1031 1280/1384/1030
f 1093/1650/1250 1204/1297/951 1346/1296/950 1203/1651/1251
f 1093/1650/1250 1203/1651/1251 1366/1472/1102 1252/1471/1101
f 1093/1650/1250 1252/1471/1101 1351/1470/1100 1199/1652/1252
f 1093/1650/1250 1199/1652/1252 1345/1298/952 1204/1297/951
f 1094/1653/1253 1209/1654/1254 1347/1568/1181 1208/1567/1180
f 1094/1653/1253 1208/1567/1180 1342/1573/1186 1182/1581/1194
f 1094/1653/1253 1182/1581/1194 1384/1585/956 1287/1655/955
f 1094/1653/1253 1287/1655/955 1375/1656/954 1209/1654/1254
f 1095/1657/1255 1200/1658/1256 1345/1298/952 1199/1652/1252
f 1095/1657/1255 1199/1652/1252 1351/1470/1100 1222/1484/1114
f 1095/1657/1255 1222/1484/1114 1393/1483/1113 1262/1659/1257
f 1095/1657/1255 1262/1659/1257 1371/1660/1258 1200/1658/1256
f 1096/1661/1259 1201/1299/953 1345/1298/952 1200/1658/1256
f 1096/1661/1259 1200/1658/1256 1371/1660/1258 1261/1662/1260
f 1096/1663/1259 1261/1664/1260 1395/1665/1261 1268/1666/1262
f 1096/1661/1259 1268/1667/1262 1375/1300/954 1201/1299/953
f 1097/1668/1263 1202/1669/1264 1346/1296/950 1205/1295/949
f 1097/1668/1263 1205/1295/949 1384/1302/956 1286/1670/1197
f 1097/1668/1263 1286/1670/1197 1394/1671/1196 1264/1629/1235
f 1097/1668/1263 1264/1629/1235 1372/1628/1234 1202/1669/1264
f 1098/1672/1265 1203/1651/1251 1346/1296/950 1202/1669/1264
f 1098/1672/1265 1202/1669/1264 1372/1628/1234 1263/1641/1241
f 1098/1672/1265 1263/1641/1241 1392/1435/1069 1251/1494/1122
f 1098/1672/1265 1251/1494/1122 1366/1472/1102 1203/1651/1251
f 1099/1673/1266 1206/1674/1267 1347/1568/1181 1209/1654/1254
f 1099/1673/1266 1209/1654/1254 1375/1656/954 1268/1666/1262
f 1099/1673/1266 1268/1666/1262 1395/1665/1261 1283/1675/1268
f 1099/1673/1266 1283/1675/1268 1382/1676/1269 1206/1674/1267
f 1100/1677/1270 1207/1569/1182 1347/1568/1181 1206/1674/1267
f 1100/1677/1270 1206/1674/1267 1382/1676/1269 1282/1678/1271
f 1100/1677/1270 1282/1678/1271 1396/1679/1272 1265/1680/1273
f 1100/1677/1270 1265/1680/1273 1373/1570/1183 1207/1569/1182
f 1101/1681/1274 1210/1682/1275 1348/1545/1161 1213/1575/1188
f 1101/1681/1274 1213/1575/1188 1373/1570/1183 1265/1680/1273
f 1101/1681/1274 1265/1680/1273 1396/1679/1272 1267/1683/1276
f 1101/1681/1274 1267/1683/1276 1374/1684/1277 1210/1682/1275
f 1102/1685/1278 1211/1546/1162 1348/1545/1161 1210/1682/1275
f 1102/1685/1278 1210/1682/1275 1374/1684/1277 1266/1686/1279
f 1102/1687/1278 1266/1688/1279 1397/1529/1147 1277/1528/1146
f 1102/1685/1278 1277/1689/1146 1380/1547/1145 1211/1546/1162
f 1103/1690/1280 1214/1540/1156 1349/1539/1155 1217/1691/1281
f 1103/1692/1280 1217/1693/1281 1377/1616/1224 1272/1615/1223
f 1103/1692/1280 1272/1615/1223 1401/1614/1170 1288/1694/1169
f 1103/1690/1280 1288/1695/1169 1385/1541/1157 1214/1540/1156
f 1104/1696/1282 1217/1691/1281 1349/1539/1155 1216/1553/1166
f 1104/1696/1282 1216/1553/1166 1369/1349/998 1257/1520/1140
f 1104/1697/1282 1257/1698/1140 1400/1413/1055 1271/1619/1227
f 1104/1697/1282 1271/1619/1227 1377/1616/1224 1217/1693/1281
f 1121/1699/1283 1280/1700/1284 1371/1660/1258 1262/1659/1257
f 1121/1699/1283 1262/1659/1257 1393/1483/1113 1329/1701/1285
f 1122/1646/1286 1249/1594/1287 1387/1702/1108 1248/1703/1126
f 1122/1646/1286 1248/1703/1126 1365/1704/1125 1327/1377/1288
f 1123/1705/1289 1243/1706/1290 1396/1679/1272 1282/1678/1271
f 1123/1705/1289 1282/1678/1271 1382/1676/1269 1325/1707/1291
f 1124/1642/1292 1220/1452/1293 1389/1708/976 1229/1709/975
f 1124/1710/1292 1229/1321/975 1356/1319/973 1323/1711/1294
f 1125/1600/1295 1197/1586/1296 1376/1531/1149 1269/1530/1148
f 1125/1600/1295 1269/1530/1148 1397/1529/1147 1321/1449/1297
f 1126/1596/1298 1325/1599/1291 1382/1712/1269 1283/1713/1268
f 1126/1596/1298 1283/1713/1268 1395/1714/1261 1319/1383/1299
f 1127/1715/1300 1195/1716/1301 1350/1480/1110 1218/1479/1109
f 1127/1592/1300 1218/1717/1109 1387/1702/1108 1249/1594/1287
f 1128/1718/1302 1323/1711/1294 1356/1319/973 1230/1318/972
f 1128/1588/1302 1230/1719/972 1398/1720/971 1317/1463/1303
f 1129/1460/1304 1317/1463/1303 1398/1720/971 1270/1721/1152
f 1129/1460/1304 1270/1721/1152 1376/1531/1149 1197/1586/1296
f 1130/1722/1305 1329/1701/1285 1393/1483/1113 1219/1482/1112
f 1130/1722/1305 1219/1482/1112 1350/1480/1110 1195/1716/1301
f 1131/1450/1306 1185/1444/1307 1354/1723/1133 1226/1724/1136
f 1131/1450/1306 1226/1724/1136 1389/1708/976 1220/1452/1293
f 1132/1446/1308 1321/1449/1297 1397/1529/1147 1266/1688/1279
f 1132/1446/1308 1266/1688/1279 1374/1725/1277 1315/1389/1309
f 1133/1392/1310 1183/1378/1311 1388/1726/1129 1227/1727/1134
f 1133/1392/1310 1227/1727/1134 1354/1723/1133 1185/1444/1307
f 1134/1386/1312 1315/1389/1309 1374/1725/1277 1267/1728/1276
f 1134/1729/1312 1267/1683/1276 1396/1679/1272 1243/1706/1290
f 1135/1380/1313 1319/1383/1299 1395/1714/1261 1261/1730/1260
f 1135/1380/1313 1261/1730/1260 1371/1731/1258 1280/1384/1284
f 1136/1374/1314 1327/1377/1288 1365/1704/1125 1247/1732/1130
f 1136/1374/1314 1247/1732/1130 1388/1726/1129 1183/1378/1311
f 1137/1733/1315 1159/1467/1097 1336/1466/1096 1158/1491/1119
f 1137/1733/1315 1158/1491/1119 1368/1364/1011 1256/1489/1117
f 1137/1733/1315 1256/1489/1117 1355/1476/1106 1155/1475/1105
f 1137/1733/1315 1155/1475/1105 1335/1468/1098 1159/1467/1097
f 1121/1648/1248 1329/1457/1088 1281/1456/1088 1092/1649/1249
f 1/1734/1316 55/1735/1317 88/1736/1318 42/1737/1319
f 1/1738/1316 45/1739/1320 82/1740/1321 55/1741/1317
f 1/1738/1316 22/1742/1322 60/1743/1323 45/1739/1320
f 1/1738/1316 42/1744/1319 74/1745/1324 22/1742/1322
f 89/1746/1325 105/1747/1326 115/1748/1327 2/1749/1328
f 2/1750/1329 35/1751/1330 56/1752/1331 24/1753/1332
f 3/1754/1333 54/1755/1334 82/1740/1321 45/1739/1320
f 3/1754/1333 45/1739/1320 60/1743/1323 21/1756/1335
f 4/1757/1336 41/1758/1337 72/1759/1338 33/1760/1339
f 4/1757/1336 33/1760/1339 62/1761/1340 18/1762/1341
f 5/1763/1342 53/1764/1343 80/1765/1344 43/1766/1345
f 5/1763/1342 43/1766/1345 58/1767/1346 15/1768/1347
f 6/1769/1348 15/1768/1347 58/1767/1346 16/1770/1349
f 6/1771/1348 16/1772/1349 72/1773/1338 41/1774/1337
f 7/1775/1350 21/1756/1335 60/1743/1323 22/1742/1322
f 113/1776/1351 110/1777/1352 109/1778/1353 114/1779/1354
f 8/1780/1355 52/1781/1356 80/1782/1344 13/1783/1357
f 8/1784/1355 42/1737/1319 88/1736/1318 52/1785/1356
f 8/1780/1355 35/1751/1330 74/1786/1324 42/1787/1319
f 8/1780/1355 13/1783/1357 56/1752/1331 35/1751/1330
f 9/1788/1358 16/1772/1349 58/1789/1346 43/1790/1345
f 9/1788/1358 51/1791/1359 72/1773/1338 16/1772/1349
f 9/1788/1358 52/1785/1356 88/1736/1318 51/1791/1359
f 9/1792/1358 43/1793/1345 80/1782/1344 52/1781/1356
f 10/1794/1360 24/1753/1332 56/1752/1331 13/1783/1357
f 10/1794/1360 13/1783/1357 80/1782/1344 53/1795/1343
f 11/1796/1361 18/1762/1341 62/1761/1340 19/1797/1362
f 11/1798/1361 19/1799/1362 82/1740/1321 54/1755/1334
f 12/1800/1363 33/1801/1339 72/1773/1338 51/1791/1359
f 12/1800/1363 19/1802/1362 62/1803/1340 33/1801/1339
f 12/1800/1363 55/1735/1317 82/1804/1321 19/1802/1362
f 12/1800/1363 51/1791/1359 88/1736/1318 55/1735/1317
f 11/1798/1361 54/1755/1334 104/44/1364 96/105/1365
f 11/1796/1361 96/1805/1365 98/1806/1366 18/1762/1341
f 10/1807/1360 53/1764/1343 103/1808/1367 95/1809/1368
f 10/1807/1360 95/1809/1368 100/1810/1369 24/1811/1332
f 7/1775/1370 111/1812/1371 108/1813/1372 94/84/1373
f 7/1814/1350 94/1815/1374 99/1816/1375 21/1817/1335
f 6/1818/1348 41/1758/1337 101/1819/1376 93/1820/1377
f 6/1769/1348 93/1821/1377 97/1822/1378 15/1768/1347
f 5/1763/1342 15/1768/1347 97/1822/1378 92/1823/1379
f 5/1763/1342 92/1823/1379 103/1808/1367 53/1764/1343
f 4/1757/1336 18/1762/1341 98/1806/1366 91/1824/1380
f 4/1757/1336 91/1824/1380 101/1819/1376 41/1758/1337
f 3/1754/1333 21/1756/1335 99/45/1375 90/41/1381
f 3/1754/1333 90/41/1381 104/44/1364 54/1755/1334
f 2/1749/1329 24/1825/1332 100/1826/1369 89/1746/1382
f 112/1827/1383 107/1828/1384 110/1829/1352 113/1830/1351
f 105/1747/1326 106/1831/1385 110/1832/1352 107/1833/1384
f 108/1834/1372 109/1835/1353 110/1832/1352 106/1831/1385
f 102/1836/1386 106/1831/1385 105/1747/1326 89/1746/1325
f 115/1748/1327 105/1747/1326 107/1833/1384 112/1837/1383
f 114/1779/1354 109/1778/1353 108/1813/1372 111/1812/1371
f 94/1838/1373 108/1834/1372 106/1831/1385 102/1836/1386
f 22/1742/1387 114/1779/1354 111/1812/1371 7/1775/1370
f 2/1750/1328 115/1839/1327 112/1827/1383 35/1751/1388
f 35/1751/1389 112/1827/1383 113/1830/1351 74/1786/1390
f 74/1745/1390 113/1776/1351 114/1779/1354 22/1742/1391
f 148/1840/1392 189/1841/1393 235/1842/1394 202/1843/1395
f 148/1844/1392 202/1845/1395 229/1846/1396 192/1847/1397
f 148/1844/1392 192/1847/1397 207/1848/1398 169/1849/1399
f 148/1840/1392 169/1850/1399 221/1851/1400 189/1841/1393
f 236/177/1401 149/1852/1402 262/1853/1403 252/1854/1404
f 149/1852/1405 171/1855/1406 203/1856/1407 182/1857/1408
f 150/1858/1409 192/1847/1397 229/1846/1396 201/1859/1410
f 150/1858/1409 168/1860/1411 207/1848/1398 192/1847/1397
f 151/1861/1412 180/1862/1413 219/1863/1414 188/1864/1415
f 151/1861/1412 165/1865/1416 209/1866/1417 180/1862/1413
f 152/1867/1418 190/1868/1419 227/1869/1420 200/1870/1421
f 152/1867/1418 162/1871/1422 205/1872/1423 190/1868/1419
f 153/1873/1424 163/1874/1425 205/1872/1423 162/1871/1422
f 153/1875/1424 188/1864/1415 219/1863/1414 163/1876/1425
f 154/1877/1426 169/1849/1399 207/1848/1398 168/1860/1411
f 260/1878/1427 261/1879/1428 256/1880/1429 257/1881/1430
f 155/1882/1431 160/1883/1432 227/1884/1420 199/1885/1433
f 155/1882/1431 199/1885/1433 235/1842/1394 189/1841/1393
f 155/1882/1431 189/1841/1393 221/1851/1400 182/1857/1408
f 155/1882/1431 182/1857/1408 203/1856/1407 160/1883/1432
f 156/1886/1434 190/1887/1419 205/1888/1423 163/1876/1425
f 156/1886/1434 163/1876/1425 219/1863/1414 198/1889/1435
f 156/1886/1434 198/1889/1435 235/1890/1394 199/1891/1433
f 156/1892/1434 199/1885/1433 227/1884/1420 190/1893/1419
f 157/1894/1436 160/1883/1432 203/1856/1407 171/1855/1406
f 157/1895/1436 200/1870/1421 227/1869/1420 160/1896/1432
f 158/1897/1437 166/1898/1438 209/1866/1417 165/1865/1416
f 158/1899/1437 201/1859/1410 229/1846/1396 166/1900/1438
f 159/1901/1439 198/1889/1435 219/1863/1414 180/1862/1413
f 159/1901/1439 180/1862/1413 209/1866/1417 166/1898/1438
f 159/1901/1439 166/1898/1438 229/1902/1396 202/1903/1395
f 159/1901/1439 202/1903/1395 235/1890/1394 198/1889/1435
f 158/1899/1437 243/245/1440 251/184/1441 201/1859/1410
f 158/1904/1437 165/1905/1416 245/1906/1442 243/1907/1440
f 157/1895/1436 242/1908/1443 250/1909/1444 200/1870/1421
f 157/1895/1436 171/1910/1406 247/1911/1445 242/1908/1443
f 154/1877/1446 241/223/1447 255/1912/1448 258/1913/1449
f 154/1877/1426 168/1860/1411 246/188/1450 241/223/1451
f 153/1914/1424 240/1915/1452 248/1916/1453 188/1917/1415
f 153/1873/1424 162/1871/1422 244/1918/1454 240/1919/1452
f 152/1867/1418 239/1920/1455 244/1918/1454 162/1871/1422
f 152/1867/1418 200/1870/1421 250/1909/1444 239/1920/1455
f 151/1921/1412 238/1922/1456 245/1906/1442 165/1905/1416
f 151/1921/1412 188/1917/1415 248/1916/1453 238/1922/1456
f 150/1858/1409 237/183/1457 246/188/1450 168/1860/1411
f 150/1858/1409 201/1859/1410 251/184/1441 237/183/1457
f 149/1852/1405 236/177/1458 247/182/1445 171/1855/1406
f 259/1923/1459 260/1924/1427 257/1925/1430 254/1926/1460
f 252/1854/1404 254/1926/1460 257/1925/1430 253/1927/1461
f 255/1912/1448 253/1928/1461 257/1881/1430 256/1880/1429
f 249/1929/1462 236/807/1401 252/1930/1404 253/1931/1461
f 262/1853/1403 259/1923/1459 254/1926/1460 252/1854/1404
f 261/1879/1428 258/1913/1449 255/1912/1448 256/1880/1429
f 241/1932/1447 249/1929/1462 253/1931/1461 255/1933/1448
f 169/1849/1463 154/1877/1446 258/1913/1449 261/1879/1428
f 149/1852/1402 182/1857/1464 259/1923/1459 262/1853/1403
f 182/1857/1465 221/1851/1466 260/1924/1427 259/1923/1459
f 221/1934/1466 169/1849/1467 261/1879/1428 260/1878/1427
f 297/1935/1468 398/1936/1469 460/550/359 405/549/408
f 297/1935/1468 405/549/408 459/473/368 393/1937/1470
f 297/1938/1471 393/1939/1472 456/1940/1473 391/1941/1474
f 297/1938/1471 391/1941/1474 453/1942/1475 398/1943/1476
f 302/1944/1477 397/1945/1478 458/470/366 404/489/375
f 302/1944/1477 404/489/375 457/488/352 374/1946/1479
f 302/1944/1480 374/1946/1481 452/1947/1482 388/1948/1483
f 302/1944/1480 388/1948/1483 455/1949/1484 397/1945/1485
f 318/1950/1486 391/1941/1474 456/1940/1473 389/1951/1487
f 318/1950/1486 389/1951/1487 451/1952/1488 387/1953/1489
f 318/1950/1486 387/1953/1489 454/1954/1490 386/1955/1491
f 318/1950/1486 386/1955/1491 453/1942/1475 391/1941/1474
f 319/1956/1492 390/1957/1493 455/1958/1484 388/1959/1483
f 319/1956/1492 388/1959/1483 452/1960/1482 385/1961/1494
f 319/1956/1492 385/1961/1494 451/1952/1488 389/1951/1487
f 319/1956/1492 389/1951/1487 456/1940/1473 390/1957/1493
f 320/1962/1495 399/1963/1496 462/449/350 403/480/372
f 320/1964/1495 403/479/372 461/464/361 395/1965/1497
f 320/1966/1498 395/1967/1499 454/1954/1490 387/1953/1489
f 320/1966/1498 387/1953/1489 451/1952/1488 399/1968/1500
f 321/1969/1501 393/1937/1470 459/473/368 402/472/367
f 321/1970/1501 402/471/367 458/470/366 397/1945/1478
f 321/1971/1502 397/1972/1485 455/1958/1484 390/1957/1493
f 321/1971/1502 390/1957/1493 456/1940/1473 393/1939/1472
f 322/1973/1503 395/1965/1497 461/464/361 401/463/360
f 322/1973/1503 401/463/360 460/462/359 398/1974/1469
f 322/1975/1504 398/1943/1476 453/1942/1475 386/1955/1491
f 322/1975/1504 386/1955/1491 454/1954/1490 395/1967/1499
f 323/1976/1505 374/1946/1479 457/488/352 400/1977/351
f 323/1978/1505 400/450/351 462/449/350 399/1963/1496
f 323/1979/1506 399/1968/1500 451/1952/1488 385/1961/1494
f 323/1979/1506 385/1961/1494 452/1960/1482 374/1980/1481
f 499/1981/1507 607/1982/572 662/705/525 600/1983/1508
f 499/1984/1507 595/1985/1509 661/714/534 607/784/572
f 499/1986/1510 593/1987/1511 658/1988/1512 595/1989/1513
f 499/1986/1510 600/1990/1514 655/1991/1515 593/1987/1511
f 504/1992/1516 606/730/541 660/732/532 599/1993/1517
f 504/1992/1516 576/1994/1518 659/696/518 606/730/541
f 504/1992/1519 590/1995/1520 654/1996/1521 576/1994/1522
f 504/1992/1519 599/1993/1523 657/1997/1524 590/1995/1520
f 520/1998/1525 591/1999/1526 658/1988/1512 593/1987/1511
f 520/1998/1525 589/2000/1527 653/2001/1528 591/1999/1526
f 520/1998/1525 588/2002/1529 656/2003/1530 589/2000/1527
f 520/1998/1525 593/1987/1511 655/1991/1515 588/2002/1529
f 521/2004/1531 590/2005/1520 657/2006/1524 592/2007/1532
f 521/2004/1531 587/2008/1533 654/2009/1521 590/2005/1520
f 521/2004/1531 591/1999/1526 653/2001/1528 587/2008/1533
f 521/2004/1531 592/2007/1532 658/1988/1512 591/1999/1526
f 522/2010/1534 605/723/538 664/692/516 601/2011/1535
f 522/2010/1534 597/2012/1536 663/2013/527 605/723/538
f 522/2014/1537 589/2000/1527 656/2003/1530 597/2015/1538
f 522/2014/1537 601/2016/1539 653/2001/1528 589/2000/1527
f 523/2017/1540 604/711/531 661/714/534 595/1985/1509
f 523/2017/1540 599/2018/1517 660/712/532 604/711/531
f 523/2019/1541 592/2007/1532 657/2006/1524 599/2020/1523
f 523/2019/1541 595/1989/1513 658/1988/1512 592/2007/1532
f 524/2021/1542 603/704/524 663/707/527 597/2022/1536
f 524/2021/1542 600/1983/1508 662/705/525 603/704/524
f 524/2023/1543 588/2002/1529 655/1991/1515 600/1990/1514
f 524/2023/1543 597/2015/1538 656/2003/1530 588/2002/1529
f 525/2024/1544 602/697/515 659/696/518 576/1994/1518
f 525/2025/1544 601/2011/1535 664/692/516 602/691/515
f 525/2026/1545 587/2008/1533 653/2001/1528 601/2016/1539
f 525/2024/1545 576/1994/1522 654/1996/1521 587/2027/1533
f 1107/2028/1546 1291/2029/1547 1250/1376/1548 1038/1375/1549
f 1106/2030/1550 1091/1647/1551 1250/1376/1548 1291/2029/1547
f 1113/2031/1552 1301/2032/1553 1328/1385/1554 1092/1649/1555
f 1116/2033/1556 1039/1381/1557 1328/1385/1554 1301/2032/1553
f 1119/2034/1558 1080/1601/1559 1198/1448/1560 1050/1447/1561
f 1120/2035/1562 1040/1387/1563 1324/1391/1564 1312/2036/1565
f 1110/2037/1566 1308/2038/1567 1314/1379/1568 1041/1393/1569
f 1111/2039/1570 1051/1451/1571 1322/1453/1572 1089/1643/1573
f 1120/2035/1562 1304/2040/1574 1184/1388/1575 1040/1387/1563
f 1119/2034/1558 1050/1447/1561 1184/1388/1575 1304/2040/1574
f 1111/2039/1570 1295/2041/1576 1316/1445/1577 1051/1451/1571
f 1110/2037/1566 1041/1393/1569 1316/1445/1577 1295/2041/1576
f 1105/2042/1578 1311/2043/1579 1281/1456/1580 1052/1455/1581
f 1118/2044/1582 1306/2045/1583 1186/1462/1584 1053/1461/1585
f 1115/2046/1586 1312/2036/1565 1324/1391/1564 1090/1645/1587
f 1107/2028/1546 1038/1375/1549 1314/1379/1568 1308/2038/1567
f 1112/2047/1588 1077/1589/1589 1186/1462/1584 1306/2045/1583
f 1106/2048/1550 1290/2049/1590 1318/2050/1591 1078/2051/1592
f 1105/2042/1578 1052/1455/1581 1318/1459/1591 1290/2052/1590
f 1116/2053/1556 1079/2054/1593 1196/2055/1594 1039/2056/1557
f 1119/2034/1558 1303/2057/1595 1320/1587/1596 1080/1601/1559
f 1118/2044/1582 1053/1461/1585 1320/1587/1596 1303/2057/1595
f 1112/2047/1588 1296/2058/1597 1221/1590/1598 1077/1589/1589
f 1111/2039/1570 1089/1643/1573 1221/1590/1598 1296/2058/1597
f 1116/2033/1556 1300/2059/1599 1244/1598/1600 1079/1597/1593
f 1115/2046/1586 1090/1645/1587 1244/1598/1600 1300/2059/1599
f 1106/2048/1550 1078/2051/1592 1326/2060/1601 1091/2061/1551
f 1113/2031/1552 1092/1649/1555 1281/1456/1580 1311/2043/1579
f 1105/2042/1578 1290/2052/1590 1403/2062/1602 1293/2063/1603
f 1105/2042/1578 1293/2063/1603 1405/2064/1604 1311/2043/1579
f 1106/2030/1550 1291/2029/1547 1403/2062/1602 1290/2052/1590
f 1107/2028/1546 1292/2065/1605 1403/2062/1602 1291/2029/1547
f 1107/2028/1546 1308/2038/1567 1404/2066/1606 1292/2065/1605
f 1108/2067/1607 1293/2063/1603 1403/2062/1602 1292/2065/1605
f 1108/2067/1607 1292/2065/1605 1404/2066/1606 1309/2068/1608
f 1108/2067/1607 1309/2068/1608 1411/2069/1609 1310/2070/1610
f 1108/2067/1607 1310/2070/1610 1405/2064/1604 1293/2063/1603
f 1109/2071/1611 1294/2072/1612 1406/2073/1613 1297/2074/1614
f 1109/2071/1611 1297/2074/1614 1407/2075/1615 1307/2076/1616
f 1109/2071/1611 1307/2076/1616 1411/2069/1609 1309/2068/1608
f 1109/2071/1611 1309/2068/1608 1404/2066/1606 1294/2072/1612
f 1110/2037/1566 1295/2041/1576 1406/2073/1613 1294/2072/1612
f 1110/2037/1566 1294/2072/1612 1404/2066/1606 1308/2038/1567
f 1111/2039/1570 1296/2058/1597 1406/2073/1613 1295/2041/1576
f 1112/2047/1588 1297/2074/1614 1406/2073/1613 1296/2058/1597
f 1112/2047/1588 1306/2045/1583 1407/2075/1615 1297/2074/1614
f 1113/2031/1552 1298/2077/1617 1408/2078/1618 1301/2032/1553
f 1113/2031/1552 1311/2043/1579 1405/2064/1604 1298/2077/1617
f 1114/2079/1619 1299/2080/1620 1408/2078/1618 1298/2077/1617
f 1114/2079/1619 1298/2077/1617 1405/2064/1604 1310/2070/1610
f 1114/2079/1619 1310/2070/1610 1411/2069/1609 1313/2081/1621
f 1114/2079/1619 1313/2081/1621 1409/2082/1622 1299/2080/1620
f 1115/2046/1586 1300/2059/1599 1408/2078/1618 1299/2080/1620
f 1115/2046/1586 1299/2080/1620 1409/2082/1622 1312/2036/1565
f 1116/2033/1556 1301/2032/1553 1408/2078/1618 1300/2059/1599
f 1117/2083/1623 1302/2084/1624 1410/2085/1625 1305/2086/1626
f 1117/2083/1623 1305/2086/1626 1409/2082/1622 1313/2081/1621
f 1117/2083/1623 1313/2081/1621 1411/2069/1609 1307/2076/1616
f 1117/2083/1623 1307/2076/1616 1407/2075/1615 1302/2084/1624
f 1118/2044/1582 1303/2057/1595 1410/2085/1625 1302/2084/1624
f 1118/2044/1582 1302/2084/1624 1407/2075/1615 1306/2045/1583
f 1119/2034/1558 1304/2040/1574 1410/2085/1625 1303/2057/1595
f 1120/2035/1562 1305/2086/1626 1410/2085/1625 1304/2040/1574
f 1120/2035/1562 1312/2036/1565 1409/2082/1622 1305/2086/1626
f 473/2087/1627 476/2088/1628 496/2089/1629 474/2090/1630
f 473/2087/1627 474/2090/1630 493/421/330 475/384/304
f 473/2087/1627 475/384/304 718/383/303 696/2091/1631
f 473/2087/1627 696/2091/1631 721/2092/1632 476/2088/1628
f 477/2093/1633 480/2094/1634 495/2095/1635 478/2096/1636
f 477/2093/1633 478/2096/1636 494/2097/1637 479/2098/1638
f 477/2093/1633 479/2098/1638 720/2099/1639 701/2100/1640
f 477/2093/1633 701/2100/1640 722/2101/1641 480/2094/1634
f 481/528/393 482/540/404 495/2095/1635 480/2094/1634
f 481/528/393 480/2094/1634 722/2101/1641 705/529/394
f 483/422/331 484/537/401 493/421/330 474/2090/1630
f 483/422/331 474/2090/1630 496/2089/1629 485/423/332
f 486/531/396 487/382/302 494/2097/1637 478/2096/1636
f 486/531/396 478/2096/1636 495/2095/1635 488/532/397
f 489/2102/1642 479/2098/1638 494/2097/1637 490/2103/1643
f 489/2102/1642 490/2103/1643 496/2089/1629 476/2088/1628
f 489/2102/1642 476/2088/1628 721/2092/1632 714/2104/1644
f 489/2102/1642 714/2104/1644 720/2099/1639 479/2098/1638
f 491/381/301 490/2103/1643 494/2097/1637 487/382/302
f 491/381/301 485/423/332 496/2089/1629 490/2103/1643
f 492/539/403 488/532/397 495/2095/1635 482/540/404
f 693/2105/1645 694/2106/1646 724/2107/1647 697/2108/1648
f 693/2105/1645 695/643/482 717/669/499 694/2106/1646
f 693/2105/1645 696/2091/1631 718/383/303 695/643/482
f 693/2105/1645 697/2108/1648 721/2092/1632 696/2091/1631
f 698/2109/1649 699/2110/1650 723/2111/1651 702/2112/1652
f 698/2109/1649 700/2113/1653 719/2114/1654 699/2110/1650
f 698/2109/1649 701/2100/1640 720/2099/1639 700/2113/1653
f 698/2109/1649 702/2112/1652 722/2101/1641 701/2100/1640
f 703/766/558 702/2112/1652 723/2111/1651 704/775/566
f 703/766/558 705/529/394 722/2101/1641 702/2112/1652
f 706/671/501 694/2106/1646 717/669/499 707/774/565
f 706/671/501 708/670/500 724/2107/1647 694/2106/1646
f 709/769/561 699/2110/1650 719/2114/1654 710/640/479
f 709/769/561 711/768/560 723/2111/1651 699/2110/1650
f 712/2115/1655 713/2116/1656 719/2114/1654 700/2113/1653
f 712/2115/1655 697/2108/1648 724/2107/1647 713/2116/1656
f 712/2115/1655 714/2104/1644 721/2092/1632 697/2108/1648
f 712/2115/1655 700/2113/1653 720/2099/1639 714/2104/1644
f 715/641/480 710/640/479 719/2114/1654 713/2116/1656
f 715/641/480 713/2116/1656 724/2107/1647 708/670/500
f 716/776/567 704/775/566 723/2111/1651 711/768/560
f 1421/2117/1657 1424/2118/1658 1425/2119/1659 1422/2120/1660
f 1422/2120/1660 1425/2119/1659 1460/2121/1661 1459/2122/1662
f 1424/2123/1658 1455/2124/1663 1456/2125/1664 1425/2126/1659
f 1425/2126/1659 1456/2125/1664 1467/2127/1665 1460/2128/1661
f 1421/2117/1657 1423/2129/1666 1426/2130/1667 1424/2118/1658
f 1424/2123/1658 1426/2131/1667 1454/2132/1668 1455/2124/1663
f 1427/2133/1669 1430/2134/1670 1431/2135/1671 1428/2129/1672
f 1428/2136/1672 1431/2137/1671 1464/2138/1673 1463/2139/1674
f 1430/2140/1670 1449/2141/1675 1450/2142/1676 1431/2137/1671
f 1431/2137/1671 1450/2142/1676 1466/2143/1677 1464/2138/1673
f 1427/2133/1669 1429/2144/1678 1432/2145/1679 1430/2134/1670
f 1430/2146/1670 1432/2147/1679 1448/2148/1680 1449/2149/1675
f 1429/2144/1678 1462/2150/1681 1461/2151/1682 1432/2145/1679
f 1432/2147/1679 1461/2152/1682 1468/2153/1683 1448/2148/1680
f 1433/2154/1684 1436/2155/1685 1437/2156/1686 1434/2157/1687
f 1434/2158/1687 1437/2159/1686 1461/2152/1682 1462/2160/1681
f 1436/2161/1685 1452/2162/1688 1453/2163/1689 1437/2159/1686
f 1437/2159/1686 1453/2163/1689 1468/2153/1683 1461/2152/1682
f 1433/2154/1684 1435/2164/1690 1438/2165/1691 1436/2155/1685
f 1436/2161/1685 1438/2166/1691 1451/2167/1692 1452/2162/1688
f 1435/2168/1690 1459/2169/1662 1460/2128/1661 1438/2166/1691
f 1438/2166/1691 1460/2128/1661 1467/2127/1665 1451/2167/1692
f 1439/2170/1693 1442/2171/1694 1443/2172/1695 1440/2173/1696
f 1442/2171/1694 1446/2174/1697 1447/2175/1698 1443/2172/1695
f 1439/2170/1693 1441/2176/1699 1444/2177/1700 1442/2171/1694
f 1442/2171/1694 1444/2177/1700 1445/2178/1701 1446/2174/1697
f 1441/2176/1699 1463/2139/1674 1464/2138/1673 1444/2177/1700
f 1444/2177/1700 1464/2138/1673 1466/2143/1677 1445/2178/1701
f 1478/2179/1702 1479/2180/1703 1482/2181/1704 1481/2182/1705
f 1479/2183/1703 1516/2184/1706 1517/2185/1707 1482/2186/1704
f 1481/2187/1705 1482/2186/1704 1513/2188/1708 1512/2189/1709
f 1482/2186/1704 1517/2185/1707 1524/2190/1710 1513/2188/1708
f 1478/2179/1702 1481/2182/1705 1483/2191/1711 1480/2192/1712
f 1481/2187/1705 1512/2189/1709 1511/2193/1713 1483/2194/1711
f 1484/2195/1714 1485/1280/1715 1488/2196/1716 1487/2197/1717
f 1485/2198/1715 1520/2199/1718 1521/2200/1719 1488/2201/1716
f 1487/2202/1717 1488/2203/1716 1507/2204/1720 1506/2205/1721
f 1488/2201/1716 1521/2200/1719 1523/2206/1722 1507/2207/1720
f 1484/2195/1714 1487/2197/1717 1489/2208/1723 1486/2209/1724
f 1487/2202/1717 1506/2205/1721 1505/2210/1725 1489/2211/1723
f 1486/2212/1724 1489/2211/1723 1518/2213/1726 1519/2214/1727
f 1489/2211/1723 1505/2210/1725 1525/2215/1728 1518/2213/1726
f 1490/2216/1729 1491/2217/1730 1494/2218/1731 1493/2219/1732
f 1491/2217/1730 1519/2220/1727 1518/2221/1726 1494/2218/1731
f 1493/2222/1732 1494/2223/1731 1510/2224/1733 1509/2225/1734
f 1494/2223/1731 1518/2213/1726 1525/2215/1728 1510/2224/1733
f 1490/2216/1729 1493/2219/1732 1495/2226/1735 1492/2227/1736
f 1493/2222/1732 1509/2225/1734 1508/2228/1737 1495/2229/1735
f 1492/2227/1736 1495/2226/1735 1517/2230/1707 1516/2231/1706
f 1495/2229/1735 1508/2228/1737 1524/2190/1710 1517/2185/1707
f 1496/2232/1738 1497/2233/1739 1500/2234/1740 1499/2235/1741
f 1499/2235/1741 1500/2234/1740 1504/2236/1742 1503/2237/1743
f 1496/2232/1738 1499/2235/1741 1501/2238/1744 1498/2239/1745
f 1499/2235/1741 1503/2237/1743 1502/2240/1746 1501/2238/1744
f 1498/2239/1745 1501/2238/1744 1521/2200/1719 1520/2199/1718
f 1501/2238/1744 1502/2240/1746 1523/2206/1722 1521/2200/1719
f 1420/2241/1747 1454/2242/1668 1465/2243/1748 1447/2175/1698
f 1423/2244/1666 1458/2245/1749 1457/2246/1750 1426/2247/1667
f 1426/2247/1667 1457/2246/1750 1465/2243/1748 1454/2242/1668
f 1440/2173/1696 1443/2172/1695 1457/2246/1750 1458/2245/1749
f 1443/2172/1695 1447/2175/1698 1465/2243/1748 1457/2246/1750
f 1477/2248/1751 1504/2249/1742 1522/2250/1752 1511/2193/1713
f 1480/2192/1712 1483/2191/1711 1514/2251/1753 1515/2252/1754
f 1483/2191/1711 1511/2253/1713 1522/2254/1752 1514/2251/1753
f 1497/2233/1739 1515/2255/1754 1514/2256/1753 1500/2234/1740
f 1500/2234/1740 1514/2256/1753 1522/2257/1752 1504/2236/1742
f 1412/2258/1755 1416/2259/1756 1417/2260/1757 1413/2261/1758
f 1413/2261/1758 1417/2260/1757 1450/2262/1676 1449/2149/1675
f 1416/2263/1756 1446/2174/1697 1445/2178/1701 1417/2264/1757
f 1417/2264/1757 1445/2178/1701 1466/2143/1677 1450/2142/1676
f 1412/2258/1755 1413/2261/1758 1418/2265/1759 1414/2266/1760
f 1414/2266/1760 1418/2265/1759 1453/2163/1689 1452/2162/1688
f 1413/2261/1758 1449/2149/1675 1448/2148/1680 1418/2265/1759
f 1418/2265/1759 1448/2148/1680 1468/2153/1683 1453/2163/1689
f 1412/2258/1755 1414/2266/1760 1419/2267/1761 1415/2268/1762
f 1415/2268/1762 1419/2267/1761 1456/2125/1664 1455/2124/1663
f 1414/2266/1760 1452/2162/1688 1451/2167/1692 1419/2267/1761
f 1419/2267/1761 1451/2167/1692 1467/2127/1665 1456/2125/1664
f 1412/2258/1755 1415/2268/1762 1420/2269/1747 1416/2259/1756
f 1416/2263/1756 1420/2241/1747 1447/2175/1698 1446/2174/1697
f 1415/2268/1762 1455/2124/1663 1454/2132/1668 1420/2269/1747
f 1469/2270/1763 1470/2271/1764 1474/2272/1765 1473/2273/1766
f 1470/2271/1764 1506/2205/1721 1507/2204/1720 1474/2272/1765
f 1473/2274/1766 1474/2275/1765 1502/2240/1746 1503/2237/1743
f 1474/2275/1765 1507/2207/1720 1523/2206/1722 1502/2240/1746
f 1469/2270/1763 1471/2276/1767 1475/2277/1768 1470/2271/1764
f 1471/2276/1767 1509/2225/1734 1510/2224/1733 1475/2277/1768
f 1470/2271/1764 1475/2277/1768 1505/2210/1725 1506/2205/1721
f 1475/2277/1768 1510/2224/1733 1525/2215/1728 1505/2210/1725
f 1469/2270/1763 1472/2278/1769 1476/2279/1770 1471/2276/1767
f 1472/2278/1769 1512/2189/1709 1513/2188/1708 1476/2279/1770
f 1471/2276/1767 1476/2279/1770 1508/2228/1737 1509/2225/1734
f 1476/2279/1770 1513/2188/1708 1524/2190/1710 1508/2228/1737
f 1469/2270/1763 1473/2273/1766 1477/2248/1751 1472/2278/1769
f 1473/2274/1766 1503/2237/1743 1504/2236/1742 1477/2280/1751
f 1472/2278/1769 1477/2248/1751 1511/2193/1713 1512/2189/1709
