# Blender 5.2.0 LTS
# www.blender.org
mtllib puppet.mtl
o Arms
v 1.114362 0.319983 0.348240
v 1.208810 0.649108 0.095856
v 0.878698 0.526895 0.387755
v 0.680384 0.278082 0.059305
v 1.010498 0.400295 -0.232594
v 0.821641 0.294377 -0.169005
v 1.067554 0.632813 0.324166
v 1.268796 0.337799 0.098632
v 1.075211 0.160433 -0.033799
v 1.187564 0.562526 -0.111463
v 0.701631 0.364663 0.266624
v 0.920778 0.142618 0.215809
v 1.267510 0.418390 -0.028319
v 0.273187 1.206990 -0.168849
v 0.904121 0.344783 -0.240641
v 0.944672 0.172936 -0.104583
v 0.278701 1.093990 0.044489
v 0.650334 0.315506 0.169552
v 0.816056 0.221197 0.284541
v 0.291329 1.305524 0.149091
v 0.968460 0.606978 0.387180
v 1.127063 0.494208 0.354729
v 0.330320 1.401022 -0.068190
v 1.222246 0.636255 -0.023012
v 1.088366 0.795149 0.027269
v 0.787019 0.678391 0.311193
v 0.594208 0.442062 0.008110
v 0.890753 0.558982 -0.276865
v 0.840781 1.018465 -0.083530
v 0.654934 0.923953 0.160994
v 0.475755 0.735595 -0.046334
v 0.638859 0.829108 -0.284390
v 0.800121 0.156261 0.129052
v 0.271169 1.114141 -0.093694
v 1.261081 0.533002 0.117787
v 0.332354 1.388645 0.071477
v 0.959800 0.778536 0.250916
v 0.718830 0.457787 -0.209778
v 0.767704 1.004273 0.098711
v 0.533920 0.746933 -0.210092
v 0.751061 0.266377 -0.056190
v 1.211165 0.308936 0.235460
v 1.086314 0.252375 -0.152275
v 0.302841 1.337382 -0.158646
v 0.997252 0.387212 0.408497
v 0.282085 1.165096 0.135083
v 0.620075 0.524260 0.201765
v 1.059790 0.713673 -0.171062
v 0.522315 0.799627 0.104049
v 0.774490 0.955095 -0.238199
v 1.009321 0.124003 0.097380
v 1.190754 0.225758 0.036291
v 1.113927 0.469886 -0.178367
v 0.791883 0.432734 0.342149
v 1.029732 0.207182 0.296549
v 1.269737 0.511383 0.024481
v 0.320464 1.383140 -0.127278
v 0.981453 0.247253 -0.172733
v 0.269346 1.148800 -0.146565
v 1.039757 0.484852 0.396196
v 0.317898 1.360628 0.125259
v 0.751473 0.220721 0.198982
v 0.280878 1.113498 0.101944
v 1.100066 0.777375 -0.086891
v 0.796196 0.499607 -0.277989
v 0.573621 0.471223 0.114335
v 0.873550 0.747964 0.312092
v 0.831093 0.996194 -0.178330
v 0.591714 0.771616 -0.272817
v 0.478020 0.748698 0.037899
v 0.716016 0.969705 0.155509
v 0.877809 0.139076 0.014130
v 0.275533 1.097219 -0.024878
v 1.231035 0.462708 0.255771
v 0.335530 1.400044 0.002373
v 1.036088 0.788249 0.148741
v 0.652974 0.437357 -0.104015
v 0.808682 1.022186 0.012718
v 0.499852 0.741594 -0.135595
v 1.195316 0.317146 -0.092776
v 0.284513 1.274881 -0.170030
v 0.913528 0.284639 0.362676
v 0.283172 1.234542 0.149237
v 0.703320 0.595386 0.267454
v 0.984789 0.631700 -0.232310
v 0.609434 0.865039 0.150663
v 0.700810 0.898272 -0.270498
v 1.126730 0.190757 0.176758
v 1.079363 0.752184 0.040397
v 0.803869 0.647988 0.292189
v 0.634416 0.436903 0.016760
v 0.904717 0.541362 -0.236738
v 0.749124 0.450948 -0.178154
v 0.961012 0.737474 0.239617
v 1.055867 0.679559 -0.139582
v 0.655145 0.510387 0.191173
v 0.818847 0.489358 -0.239107
v 0.613868 0.464045 0.111600
v 0.881617 0.711196 0.293544
v 1.090431 0.737544 -0.063864
v 0.689415 0.431619 -0.083049
v 1.031499 0.745077 0.148905
v 0.989755 0.605257 -0.195080
v 0.728724 0.572791 0.252178
v 1.197156 0.681350 0.164512
v 1.164796 0.687760 0.229219
v 1.263649 0.604540 0.198256
v 1.120661 0.671698 0.288496
v 1.190645 0.587174 0.326030
v 1.252646 0.591335 0.277029
v 1.103908 0.621916 0.327797
v 1.277044 0.570694 0.151416
v 1.250418 0.517274 0.270952
v 1.159765 0.539339 0.357869
v 1.225100 0.642508 0.125844
v 0.522755 0.942754 -0.254971
v 0.435991 0.845659 0.017232
v 0.630802 1.022010 0.151639
v 0.716403 1.119945 -0.124070
v 0.709055 1.100060 0.052601
v 0.446748 0.861338 -0.161183
v 0.504990 0.907072 0.138102
v 0.644502 1.063050 -0.238638
v 0.703204 1.089455 -0.198684
v 0.482451 0.879876 -0.231191
v 0.458533 0.850586 0.088397
v 0.687279 1.057054 0.119532
v 0.709560 1.129506 -0.034408
v 0.431759 0.859801 -0.070753
v 0.563714 0.978304 0.157912
v 0.574741 1.015944 -0.253546
v 0.184321 1.223039 -0.161957
v 0.184183 1.097703 0.049946
v 0.200325 1.316953 0.155558
v 0.248385 1.432367 -0.059117
v 0.179015 1.123044 -0.087558
v 0.250617 1.420425 0.080607
v 0.218959 1.364231 -0.150693
v 0.186716 1.166940 0.140295
v 0.237813 1.412763 -0.118786
v 0.178587 1.160768 -0.140028
v 0.234009 1.387681 0.133771
v 0.185724 1.115813 0.107217
v 0.181980 1.103050 -0.019144
v 0.254311 1.432963 0.011652
v 0.198513 1.297101 -0.162628
v 0.188731 1.238422 0.154716
v -1.114362 0.319983 0.348240
v -1.208810 0.649108 0.095856
v -0.878697 0.526895 0.387755
v -0.680384 0.278082 0.059305
v -1.010497 0.400295 -0.232593
v -0.821641 0.294377 -0.169005
v -1.067554 0.632813 0.324166
v -1.268796 0.337799 0.098632
v -1.075211 0.160433 -0.033799
v -1.187564 0.562526 -0.111463
v -0.701631 0.364664 0.266624
v -0.920778 0.142618 0.215810
v -1.267510 0.418390 -0.028319
v -0.273187 1.206990 -0.168849
v -0.904120 0.344783 -0.240640
v -0.944671 0.172936 -0.104583
v -0.278701 1.093990 0.044489
v -0.650334 0.315506 0.169552
v -0.816056 0.221197 0.284541
v -0.291329 1.305524 0.149091
v -0.968460 0.606978 0.387180
v -1.127063 0.494208 0.354729
v -0.330320 1.401022 -0.068190
v -1.222246 0.636255 -0.023012
v -1.088366 0.795149 0.027269
v -0.787019 0.678391 0.311193
v -0.594208 0.442062 0.008110
v -0.890753 0.558982 -0.276864
v -0.840781 1.018465 -0.083530
v -0.654934 0.923953 0.160994
v -0.475755 0.735595 -0.046334
v -0.638859 0.829108 -0.284389
v -0.800121 0.156261 0.129052
v -0.271169 1.114141 -0.093694
v -1.261081 0.533002 0.117787
v -0.332354 1.388645 0.071477
v -0.959800 0.778536 0.250916
v -0.718829 0.457787 -0.209778
v -0.767704 1.004273 0.098711
v -0.533920 0.746933 -0.210092
v -0.751061 0.266377 -0.056189
v -1.211165 0.308937 0.235460
v -1.086314 0.252375 -0.152274
v -0.302841 1.337381 -0.158646
v -0.997252 0.387213 0.408497
v -0.282085 1.165096 0.135083
v -0.620075 0.524260 0.201765
v -1.059790 0.713673 -0.171061
v -0.522315 0.799627 0.104049
v -0.774490 0.955095 -0.238199
v -1.009321 0.124004 0.097380
v -1.190754 0.225758 0.036291
v -1.113926 0.469886 -0.178367
v -0.791883 0.432734 0.342149
v -1.029732 0.207182 0.296549
v -1.269737 0.511384 0.024482
v -0.320465 1.383140 -0.127278
v -0.981453 0.247253 -0.172733
v -0.269346 1.148800 -0.146565
v -1.039756 0.484853 0.396196
v -0.317898 1.360628 0.125259
v -0.751472 0.220721 0.198982
v -0.280878 1.113498 0.101944
v -1.100065 0.777375 -0.086891
v -0.796196 0.499607 -0.277989
v -0.573620 0.471223 0.114335
v -0.873550 0.747964 0.312092
v -0.831093 0.996194 -0.178330
v -0.591714 0.771616 -0.272817
v -0.478020 0.748698 0.037899
v -0.716016 0.969705 0.155509
v -0.877808 0.139076 0.014130
v -0.275533 1.097219 -0.024878
v -1.231035 0.462709 0.255771
v -0.335530 1.400044 0.002373
v -1.036088 0.788249 0.148741
v -0.652973 0.437357 -0.104015
v -0.808682 1.022186 0.012719
v -0.499852 0.741594 -0.135595
v -1.195316 0.317146 -0.092775
v -0.284513 1.274881 -0.170030
v -0.913528 0.284639 0.362676
v -0.283172 1.234542 0.149237
v -0.703320 0.595386 0.267454
v -0.984789 0.631700 -0.232310
v -0.609434 0.865039 0.150663
v -0.700809 0.898272 -0.270498
v -1.126729 0.190757 0.176758
v -1.079363 0.752184 0.040397
v -0.803869 0.647989 0.292189
v -0.634416 0.436903 0.016761
v -0.904717 0.541362 -0.236738
v -0.749123 0.450948 -0.178154
v -0.961012 0.737474 0.239617
v -1.055867 0.679559 -0.139582
v -0.655145 0.510387 0.191173
v -0.818847 0.489358 -0.239107
v -0.613867 0.464045 0.111600
v -0.881617 0.711196 0.293544
v -1.090431 0.737544 -0.063864
v -0.689415 0.431619 -0.083049
v -1.031499 0.745077 0.148905
v -0.989755 0.605257 -0.195080
v -0.728724 0.572791 0.252178
v -1.197156 0.681350 0.164512
v -1.164796 0.687760 0.229219
v -1.263649 0.604541 0.198256
v -1.120661 0.671698 0.288496
v -1.190645 0.587174 0.326030
v -1.252646 0.591335 0.277029
v -1.103908 0.621916 0.327797
v -1.277044 0.570694 0.151416
v -1.250417 0.517274 0.270952
v -1.159765 0.539340 0.357870
v -1.225100 0.642508 0.125844
v -0.522755 0.942754 -0.254971
v -0.435991 0.845659 0.017232
v -0.630802 1.022010 0.151639
v -0.716403 1.119945 -0.124070
v -0.709055 1.100060 0.052601
v -0.446748 0.861338 -0.161183
v -0.504990 0.907072 0.138102
v -0.644502 1.063050 -0.238638
v -0.703204 1.089455 -0.198684
v -0.482451 0.879876 -0.231191
v -0.458533 0.850586 0.088397
v -0.687279 1.057054 0.119532
v -0.709560 1.129506 -0.034408
v -0.431759 0.859801 -0.070752
v -0.563714 0.978304 0.157912
v -0.574741 1.015944 -0.253546
v -0.184321 1.223039 -0.161957
v -0.184183 1.097703 0.049946
v -0.200325 1.316953 0.155558
v -0.248385 1.432367 -0.059117
v -0.179015 1.123044 -0.087558
v -0.250617 1.420425 0.080607
v -0.218959 1.364231 -0.150693
v -0.186716 1.166940 0.140295
v -0.237813 1.412763 -0.118786
v -0.178588 1.160768 -0.140028
v -0.234009 1.387681 0.133771
v -0.185724 1.115813 0.107217
v -0.181980 1.103050 -0.019144
v -0.254311 1.432963 0.011652
v -0.198513 1.297101 -0.162628
v -0.188731 1.238422 0.154716
v 0.203321 1.357734 -0.154289
v 0.335067 1.283902 0.146934
v 0.159227 0.022977 0.099587
v 0.077786 1.572183 0.213780
v 0.510626 0.804457 0.024400
v 0.325914 0.828683 -0.371703
v 0.060931 1.628855 0.006188
v 0.396905 0.065359 -0.198611
v 0.326539 1.313641 -0.053007
v 0.503794 0.789545 -0.241939
v 0.600317 0.500134 -0.245536
v 0.397669 0.490838 -0.362770
v 0.573823 0.630075 0.002345
v 0.098892 0.487715 0.343650
v 0.377382 0.569881 0.271432
v 0.127303 0.549987 -0.403447
v 0.084313 0.347291 -0.183649
v 0.244866 1.517756 -0.001965
v 0.100584 0.863123 -0.424560
v 0.252895 1.288534 0.220170
v 0.264772 1.477461 0.170758
v 0.061726 0.318739 0.172105
v 0.049208 1.409760 -0.187746
v 0.404940 -0.001116 0.080938
v 0.406952 0.020152 -0.115724
v 0.650377 0.034888 0.075066
v 0.161468 0.038981 -0.103237
v 0.392773 0.026659 0.206823
v 0.651958 0.059277 -0.120420
v 0.650386 0.245692 -0.003815
v 0.387047 0.223033 0.302192
v 0.162088 0.190124 -0.056134
v 0.645318 0.215644 0.187130
v 0.397517 0.221797 -0.118450
v 0.142107 0.325980 0.158083
v 0.418753 0.314468 -0.237035
v 0.618583 0.485079 0.071719
v 0.165917 0.319083 -0.134509
v 0.366581 0.466965 0.268861
v 0.645476 0.357708 -0.130535
v 0.074091 1.126523 -0.346444
v 0.372720 0.808997 0.251505
v 0.408987 1.076835 -0.145507
v 0.423388 1.028425 0.094727
v 0.274948 1.108552 -0.291427
v 0.327272 1.026755 0.247661
v 0.157506 0.174544 0.166236
v 0.326059 0.597432 0.290401
v 0.196532 1.464332 -0.079764
v 0.631220 0.410816 -0.194680
v 0.323540 1.389969 0.152284
v 0.362923 0.523121 0.263183
v 0.122629 0.430239 -0.319234
v 0.074038 1.475923 0.237628
v 0.460425 0.908090 0.057564
v 0.297722 0.985037 -0.338551
v 0.594737 0.552228 0.031643
v 0.312072 1.419358 -0.024834
v 0.446359 0.946862 -0.194798
v 0.287047 1.521899 0.081068
v 0.051748 0.297439 -0.030810
v 0.359715 1.091814 -0.233357
v 0.381398 1.022457 0.206897
v 0.437856 1.057336 -0.035751
v 0.519617 0.476021 -0.325372
v 0.489825 0.647796 0.146535
v 0.624786 0.559524 -0.135137
v 0.427616 0.796915 -0.327322
v 0.447333 0.803276 0.197568
v 0.541373 0.794932 -0.127904
v 0.561579 0.622066 -0.271282
v 0.359023 0.648023 -0.389108
v 0.551299 0.713754 -0.002918
v 0.044700 1.553365 -0.089786
v 0.088799 0.394127 0.316437
v 0.423481 0.384673 -0.300848
v 0.233369 1.403820 0.179197
v 0.086442 1.004459 -0.397929
v 0.078529 1.635404 0.105564
v 0.555634 0.067642 -0.180308
v 0.114797 0.707110 -0.429013
v 0.373978 0.711238 0.264210
v 0.206058 0.517629 0.323791
v 0.258289 0.533591 -0.381009
v 0.146785 0.344481 -0.161433
v 0.134106 1.590358 0.008287
v 0.207787 0.852519 -0.402579
v 0.163026 1.538026 0.192503
v 0.113155 0.332672 0.164258
v 0.162509 1.123835 -0.324172
v 0.590538 0.029726 -0.125349
v 0.395975 0.004070 0.170036
v 0.589414 0.015322 0.071017
v 0.399452 0.037492 -0.177001
v 0.411380 0.006615 -0.026082
v 0.222659 0.015435 -0.098400
v 0.220399 0.002856 0.100645
v 0.267886 0.327111 -0.224919
v 0.138266 0.029824 -0.007028
v 0.224373 0.389138 0.268898
v 0.552937 0.037466 0.168498
v 0.664868 0.414680 -0.039333
v 0.242965 0.050306 -0.172847
v 0.239019 0.020753 0.183771
v 0.684070 0.043724 -0.028802
v 0.651542 0.130874 -0.102428
v 0.392072 0.090463 0.226932
v 0.161622 0.101589 -0.105465
v 0.649320 0.097919 0.098465
v 0.396705 0.130312 -0.194957
v 0.159291 0.084137 0.110351
v 0.562864 0.319178 -0.198417
v 0.121530 0.306792 -0.003458
v 0.516014 0.514103 0.185899
v 0.675224 0.276231 0.074296
v 0.231236 0.251083 0.278109
v 0.251222 0.223839 -0.132590
v 0.535797 0.348239 0.262201
v 0.132463 0.217298 0.042445
v 0.557070 0.227011 -0.083721
v 0.276991 1.322790 -0.111912
v 0.290301 1.284365 0.184471
v 0.362760 1.308218 0.039375
v 0.115341 1.390979 -0.170443
v 0.062220 1.252415 -0.274395
v 0.295094 1.155427 0.246414
v 0.373718 1.198218 -0.088745
v 0.382646 1.157588 0.140196
v 0.245687 1.230340 -0.220855
v 0.350023 0.910768 0.246016
v 0.555343 0.242709 -0.073353
v 0.137962 0.179415 0.045787
v 0.546353 0.237650 0.271068
v 0.244007 0.203338 -0.119401
v 0.235662 0.182660 0.263577
v 0.680958 0.235713 0.087574
v 0.494587 0.579403 0.164247
v 0.269887 1.369616 0.165000
v 0.555109 0.381905 -0.265611
v 0.264442 1.407909 -0.076809
v 0.387826 0.964476 -0.280941
v 0.409767 0.901756 0.200094
v 0.645937 0.477820 -0.089561
v 0.346417 1.419280 0.058928
v 0.480738 0.930707 -0.081235
v 0.474655 0.611702 -0.351937
v 0.465094 0.701780 0.212953
v 0.597830 0.663779 -0.155456
v 0.106880 1.520147 -0.079792
v 0.206247 0.426785 0.308569
v 0.258336 0.406454 -0.296935
v 0.149497 1.447654 0.209384
v 0.183547 1.001558 -0.374078
v 0.167100 1.598717 0.097809
v 0.094989 0.309475 -0.018086
v 0.233161 0.689935 -0.408592
v 0.615849 0.018394 -0.034284
v 0.525243 0.044548 -0.165319
v 0.273706 0.008328 0.161130
v 0.523046 0.018954 0.139140
v 0.277250 0.032047 -0.153903
v 0.206250 0.007135 -0.001654
v 0.555331 0.137828 -0.169867
v 0.242991 0.114424 -0.176073
v 0.138446 0.091027 -0.003655
v 0.238888 0.082519 0.199646
v 0.552011 0.106309 0.189186
v 0.683493 0.115408 -0.008337
v 0.152060 0.224430 0.174087
v 0.648180 0.245394 -0.015699
v 0.379722 0.298421 0.307318
v 0.163072 0.221681 -0.065448
v 0.636152 0.319804 0.174897
v 0.403700 0.223693 -0.129864
v 0.323671 1.210262 -0.172137
v 0.340455 1.155546 0.211397
v 0.401350 1.183945 0.019806
v 0.140825 1.246490 -0.252160
v 0.067466 1.276764 0.313418
v 0.137461 1.266567 0.287061
v 0.059185 1.416638 0.270892
v 0.080573 1.136982 0.331096
v 0.093147 0.847435 0.359247
v 0.193327 0.842103 0.329881
v 0.091550 0.951701 0.348940
v 0.091715 0.726276 0.369461
v 0.080762 0.548504 0.358499
v 0.175999 0.573528 0.337248
v 0.216532 1.251011 0.254973
v 0.196572 1.353524 0.219528
v 0.254889 1.134238 0.278460
v 0.323127 0.830199 0.284259
v 0.303191 0.920155 0.279080
v 0.324138 0.741583 0.295148
v 0.088087 1.037815 0.341970
v 0.177447 1.032775 0.319286
v 0.283308 1.021364 0.281525
v 0.282109 0.640686 0.311315
v 0.123695 1.391307 0.245539
v 0.186634 0.940482 0.321029
v 0.191833 0.733519 0.342273
v 0.161911 1.137976 0.307457
v -0.203321 1.357734 -0.154289
v -0.335067 1.283902 0.146934
v -0.159227 0.022977 0.099587
v -0.077786 1.572183 0.213780
v -0.510626 0.804457 0.024400
v -0.325914 0.828683 -0.371703
v -0.060931 1.628855 0.006188
v -0.396905 0.065359 -0.198611
v -0.326540 1.313641 -0.053007
v -0.503794 0.789545 -0.241939
v -0.600316 0.500135 -0.245536
v -0.397669 0.490838 -0.362770
v -0.573823 0.630075 0.002345
v -0.098892 0.487715 0.343650
v -0.377382 0.569881 0.271432
v -0.127303 0.549987 -0.403447
v -0.084313 0.347291 -0.183649
v -0.244866 1.517756 -0.001965
v -0.100584 0.863123 -0.424560
v -0.252895 1.288534 0.220170
v -0.264772 1.477461 0.170758
v -0.061726 0.318738 0.172105
v -0.049208 1.409760 -0.187746
v -0.404940 -0.001116 0.080938
v -0.406952 0.020152 -0.115724
v -0.650377 0.034888 0.075066
v -0.161468 0.038981 -0.103237
v -0.392773 0.026659 0.206823
v -0.651958 0.059277 -0.120420
v -0.650387 0.245692 -0.003815
v -0.387047 0.223033 0.302192
v -0.162088 0.190124 -0.056134
v -0.645318 0.215644 0.187130
v -0.397517 0.221797 -0.118450
v -0.142107 0.325980 0.158083
v -0.418752 0.314468 -0.237035
v -0.618583 0.485079 0.071719
v -0.165917 0.319083 -0.134509
v -0.366581 0.466965 0.268861
v -0.645475 0.357708 -0.130535
v -0.074091 1.126523 -0.346444
v -0.372720 0.808997 0.251505
v -0.408988 1.076835 -0.145507
v -0.423388 1.028425 0.094727
v -0.274948 1.108552 -0.291427
v -0.327272 1.026755 0.247661
v -0.157506 0.174544 0.166236
v -0.326059 0.597432 0.290401
v -0.196532 1.464332 -0.079764
v -0.631219 0.410816 -0.194680
v -0.323540 1.389969 0.152284
v -0.362923 0.523121 0.263183
v -0.122629 0.430239 -0.319234
v -0.074038 1.475923 0.237628
v -0.460425 0.908090 0.057564
v -0.297722 0.985037 -0.338551
v -0.594737 0.552228 0.031643
v -0.312072 1.419358 -0.024834
v -0.446359 0.946862 -0.194798
v -0.287047 1.521899 0.081068
v -0.051748 0.297439 -0.030810
v -0.359715 1.091814 -0.233357
v -0.381398 1.022456 0.206897
v -0.437856 1.057336 -0.035751
v -0.519617 0.476021 -0.325372
v -0.489825 0.647796 0.146535
v -0.624786 0.559524 -0.135137
v -0.427616 0.796915 -0.327322
v -0.447333 0.803276 0.197568
v -0.541373 0.794932 -0.127904
v -0.561579 0.622066 -0.271281
v -0.359023 0.648023 -0.389108
v -0.551299 0.713754 -0.002918
v -0.044700 1.553365 -0.089786
v -0.088799 0.394127 0.316437
v -0.423481 0.384673 -0.300848
v -0.233369 1.403820 0.179197
v -0.086442 1.004459 -0.397929
v -0.078529 1.635404 0.105564
v -0.555634 0.067642 -0.180308
v -0.114797 0.707110 -0.429013
v -0.373978 0.711238 0.264210
v -0.206058 0.517629 0.323791
v -0.258289 0.533591 -0.381009
v -0.146785 0.344481 -0.161433
v -0.134106 1.590358 0.008287
v -0.207787 0.852519 -0.402579
v -0.163026 1.538026 0.192503
v -0.113155 0.332672 0.164258
v -0.162509 1.123835 -0.324172
v -0.590538 0.029726 -0.125349
v -0.395975 0.004070 0.170036
v -0.589414 0.015322 0.071017
v -0.399452 0.037492 -0.177001
v -0.411380 0.006615 -0.026082
v -0.222659 0.015435 -0.098400
v -0.220399 0.002856 0.100645
v -0.267886 0.327111 -0.224919
v -0.138266 0.029824 -0.007028
v -0.224373 0.389138 0.268898
v -0.552937 0.037466 0.168498
v -0.664868 0.414680 -0.039333
v -0.242965 0.050306 -0.172847
v -0.239020 0.020753 0.183771
v -0.684070 0.043724 -0.028802
v -0.651542 0.130874 -0.102428
v -0.392072 0.090463 0.226932
v -0.161622 0.101589 -0.105465
v -0.649320 0.097919 0.098465
v -0.396705 0.130312 -0.194957
v -0.159291 0.084137 0.110351
v -0.562864 0.319178 -0.198417
v -0.121530 0.306792 -0.003458
v -0.516015 0.514103 0.185899
v -0.675224 0.276231 0.074296
v -0.231236 0.251083 0.278109
v -0.251222 0.223839 -0.132590
v -0.535797 0.348239 0.262201
v -0.132463 0.217298 0.042445
v -0.557070 0.227011 -0.083721
v -0.276991 1.322790 -0.111912
v -0.290301 1.284365 0.184471
v -0.362760 1.308218 0.039375
v -0.115341 1.390979 -0.170443
v -0.062220 1.252415 -0.274395
v -0.295094 1.155427 0.246414
v -0.373718 1.198218 -0.088745
v -0.382646 1.157587 0.140196
v -0.245687 1.230340 -0.220855
v -0.350023 0.910768 0.246016
v -0.555343 0.242709 -0.073353
v -0.137962 0.179415 0.045787
v -0.546353 0.237650 0.271068
v -0.244007 0.203338 -0.119401
v -0.235662 0.182660 0.263577
v -0.680958 0.235712 0.087574
v -0.494587 0.579403 0.164247
v -0.269887 1.369616 0.165000
v -0.555109 0.381905 -0.265611
v -0.264442 1.407909 -0.076809
v -0.387826 0.964476 -0.280941
v -0.409767 0.901756 0.200094
v -0.645937 0.477820 -0.089561
v -0.346417 1.419280 0.058928
v -0.480738 0.930707 -0.081235
v -0.474655 0.611702 -0.351937
v -0.465094 0.701780 0.212953
v -0.597830 0.663779 -0.155456
v -0.106880 1.520147 -0.079792
v -0.206248 0.426785 0.308569
v -0.258336 0.406455 -0.296935
v -0.149497 1.447654 0.209384
v -0.183547 1.001558 -0.374078
v -0.167101 1.598717 0.097809
v -0.094989 0.309475 -0.018086
v -0.233161 0.689935 -0.408592
v -0.615849 0.018394 -0.034284
v -0.525243 0.044548 -0.165319
v -0.273706 0.008328 0.161130
v -0.523046 0.018954 0.139140
v -0.277250 0.032047 -0.153903
v -0.206250 0.007135 -0.001654
v -0.555331 0.137828 -0.169868
v -0.242991 0.114424 -0.176073
v -0.138446 0.091027 -0.003655
v -0.238888 0.082519 0.199646
v -0.552011 0.106309 0.189186
v -0.683493 0.115408 -0.008337
v -0.152060 0.224430 0.174087
v -0.648180 0.245394 -0.015699
v -0.379723 0.298421 0.307318
v -0.163072 0.221681 -0.065448
v -0.636153 0.319804 0.174897
v -0.403700 0.223693 -0.129864
v -0.323671 1.210262 -0.172137
v -0.340455 1.155546 0.211397
v -0.401350 1.183945 0.019806
v -0.140825 1.246490 -0.252160
v -0.000000 1.583231 0.224726
v -0.000000 0.307532 0.177004
v -0.000000 1.639731 0.002655
v -0.000000 0.341294 -0.194889
v -0.000000 1.123778 -0.355050
v -0.000000 0.476978 0.356637
v 0.000000 0.555308 -0.411650
v 0.000000 0.863606 -0.433474
v -0.000000 1.416368 -0.195953
v 0.000000 0.429514 -0.332105
v -0.000000 1.565068 -0.096860
v -0.000000 0.380768 0.328350
v -0.000000 1.488362 0.254117
v 0.000000 1.002398 -0.406034
v 0.000000 1.644447 0.107912
v -0.000000 0.287572 -0.036910
v 0.000000 0.711038 -0.437936
v -0.000000 1.252814 -0.282387
v -0.067466 1.276764 0.313418
v -0.137461 1.266567 0.287061
v -0.059185 1.416638 0.270892
v -0.000000 1.281007 0.328497
v -0.080573 1.136982 0.331096
v -0.093147 0.847435 0.359247
v -0.193327 0.842103 0.329881
v -0.091550 0.951701 0.348940
v -0.000000 0.848853 0.372273
v -0.091715 0.726276 0.369461
v -0.080762 0.548504 0.358499
v -0.175999 0.573528 0.337248
v -0.000000 0.539822 0.370734
v -0.216532 1.251011 0.254973
v -0.196572 1.353524 0.219528
v -0.254889 1.134238 0.278460
v -0.323127 0.830199 0.284259
v -0.303191 0.920155 0.279080
v -0.324138 0.741583 0.295148
v -0.088087 1.037815 0.341970
v -0.177447 1.032775 0.319286
v -0.000000 1.038991 0.353914
v -0.283309 1.021364 0.281525
v -0.282109 0.640686 0.311315
v -0.123695 1.391307 0.245539
v -0.000000 1.427586 0.285580
v -0.186634 0.940482 0.321029
v -0.000000 0.955906 0.361479
v -0.000000 1.135489 0.344127
v -0.000000 0.722984 0.382257
v -0.191833 0.733519 0.342273
v -0.161911 1.137976 0.307457
v 1.028340 3.513049 -0.508107
v 0.953327 3.573507 -0.208936
v 0.961087 3.251657 -0.364623
v 0.670109 3.446679 -0.369070
v 1.244305 3.378484 -0.204490
v 1.194248 3.149190 0.091234
v 0.487997 3.267832 -0.105472
v 0.847788 3.027395 -0.138435
v 0.834456 3.389628 0.124197
v 0.634004 2.869561 0.230658
v 0.638989 2.699569 -0.104742
v 0.415445 2.848597 0.022465
v 0.864493 2.710659 0.112655
v 0.563603 2.535393 -0.071347
v 0.722624 2.490305 0.126395
v 0.555913 2.642296 0.302635
v 0.401343 2.662269 0.063118
v 1.012570 3.376673 -0.505178
v 1.184340 3.467866 -0.404084
v 1.008543 3.599190 -0.400373
v 0.836773 3.507998 -0.501466
v 1.169358 3.507674 -0.167315
v 0.470306 2.896249 0.157902
v 0.744531 3.317433 -0.407515
v 0.816039 2.657896 -0.019103
v 1.098534 3.302176 0.163072
v 0.739236 3.558876 -0.289480
v 0.578845 3.119484 -0.181432
v 1.175703 3.266342 -0.282809
v 1.237764 3.265420 -0.006868
v 0.547475 3.357240 -0.205533
v 0.898092 3.135923 -0.203392
v 0.887147 3.486738 -0.009009
v 0.573711 3.386521 0.019664
v 1.113399 3.025865 -0.029780
v 0.800685 2.797906 0.221865
v 0.472846 2.766460 -0.090426
v 0.761370 3.208470 0.200735
v 0.775345 2.890508 -0.119301
v 0.455909 3.118327 -0.039326
v 1.080807 2.980651 0.120761
v 0.691903 2.477356 0.014697
v 0.675518 2.561486 0.273252
v 0.446157 2.606686 -0.035046
v 0.439343 2.690102 0.228079
v 0.857329 3.399670 -0.490537
v 1.139636 3.366704 -0.410118
v 1.135888 3.537098 -0.329506
v 0.854048 3.570114 -0.408796
v 1.146629 3.408976 0.039936
v 0.630401 3.476795 -0.106550
v 0.637121 3.214731 -0.254850
v 1.156327 3.144819 -0.103339
v 0.532551 3.216767 0.103153
v 1.011706 2.875039 -0.016809
v 0.993683 3.120683 0.218309
v 0.535491 2.985468 -0.141784
v 0.611484 2.826851 0.258158
v 0.618110 2.646687 -0.130078
v 0.368057 2.811924 0.020657
v 0.868482 2.651741 0.116626
v 0.429099 2.860417 0.176819
v 0.814595 2.597750 -0.035479
v 0.797262 2.745777 0.244739
v 0.432122 2.723385 -0.111512
v -1.028340 3.513049 -0.508107
v -0.953327 3.573507 -0.208937
v -0.961087 3.251657 -0.364623
v -0.670109 3.446679 -0.369070
v -1.244305 3.378484 -0.204490
v -1.194248 3.149190 0.091234
v -0.487997 3.267832 -0.105472
v -0.847788 3.027395 -0.138435
v -0.834456 3.389627 0.124197
v -0.634004 2.869561 0.230658
v -0.638989 2.699569 -0.104742
v -0.415445 2.848597 0.022465
v -0.864493 2.710659 0.112655
v -0.563603 2.535392 -0.071347
v -0.722624 2.490305 0.126395
v -0.555913 2.642296 0.302635
v -0.401343 2.662269 0.063118
v -1.012571 3.376673 -0.505178
v -1.184340 3.467866 -0.404084
v -1.008543 3.599191 -0.400373
v -0.836773 3.507998 -0.501466
v -1.169358 3.507674 -0.167315
v -0.470306 2.896249 0.157902
v -0.744531 3.317433 -0.407515
v -0.816039 2.657896 -0.019103
v -1.098534 3.302176 0.163072
v -0.739236 3.558876 -0.289480
v -0.578845 3.119483 -0.181432
v -1.175703 3.266343 -0.282809
v -1.237765 3.265420 -0.006868
v -0.547475 3.357240 -0.205533
v -0.898093 3.135922 -0.203392
v -0.887147 3.486738 -0.009009
v -0.573711 3.386520 0.019665
v -1.113399 3.025865 -0.029780
v -0.800685 2.797906 0.221865
v -0.472846 2.766460 -0.090426
v -0.761370 3.208470 0.200735
v -0.775345 2.890508 -0.119301
v -0.455909 3.118327 -0.039326
v -1.080807 2.980651 0.120761
v -0.691904 2.477356 0.014697
v -0.675518 2.561486 0.273252
v -0.446157 2.606686 -0.035046
v -0.439343 2.690102 0.228079
v -0.857329 3.399670 -0.490537
v -1.139636 3.366704 -0.410118
v -1.135888 3.537099 -0.329506
v -0.854048 3.570114 -0.408796
v -1.146629 3.408976 0.039936
v -0.630401 3.476795 -0.106550
v -0.637121 3.214731 -0.254850
v -1.156327 3.144819 -0.103339
v -0.532551 3.216767 0.103153
v -1.011706 2.875038 -0.016809
v -0.993683 3.120683 0.218309
v -0.535491 2.985468 -0.141784
v -0.611484 2.826851 0.258158
v -0.618110 2.646687 -0.130078
v -0.368057 2.811923 0.020657
v -0.868482 2.651740 0.116626
v -0.429099 2.860416 0.176819
v -0.814595 2.597750 -0.035479
v -0.797262 2.745776 0.244739
v -0.432122 2.723384 -0.111512
v -0.562140 2.957363 0.512540
v -0.440383 2.917030 0.508827
v -0.438456 2.924207 0.489972
v -0.434311 2.939901 0.477537
v -0.428829 2.960771 0.474171
v -0.423606 2.980748 0.481283
v -0.420140 2.994095 0.496381
v -0.419169 2.997972 0.516250
v -0.421096 2.990794 0.535105
v -0.425241 2.975101 0.547539
v -0.430723 2.954231 0.550906
v -0.435946 2.934253 0.543793
v -0.439412 2.920906 0.528696
v -0.390855 2.843462 0.506194
v -0.382028 2.854826 0.469170
v -0.361460 2.878926 0.444630
v -0.333528 2.910632 0.437798
v -0.306337 2.940712 0.451507
v -0.287715 2.960541 0.480936
v -0.281624 2.965897 0.519821
v -0.290451 2.954533 0.556845
v -0.311019 2.930434 0.581384
v -0.338950 2.898727 0.588217
v -0.366142 2.868647 0.574507
v -0.384764 2.848819 0.545079
v -0.360656 2.744321 0.501552
v -0.350211 2.762889 0.449783
v -0.315727 2.789820 0.414068
v -0.264543 2.819381 0.402009
v -0.211370 2.842770 0.418277
v -0.171660 2.853486 0.456984
v -0.153864 2.849246 0.509892
v -0.164309 2.830678 0.561662
v -0.198793 2.803747 0.597376
v -0.249977 2.774186 0.609436
v -0.303150 2.750797 0.593168
v -0.342861 2.740082 0.554460
v -0.360228 2.630093 0.454106
v -0.347398 2.655839 0.387838
v -0.300118 2.682940 0.339441
v -0.228450 2.705626 0.319215
v -0.152949 2.716863 0.334492
v -0.095598 2.713881 0.379370
v -0.068602 2.697315 0.444298
v -0.081432 2.671569 0.510565
v -0.128713 2.644469 0.558962
v -0.200380 2.621782 0.579189
v -0.275881 2.610545 0.563912
v -0.333233 2.613527 0.519034
v -0.329576 2.535176 0.426795
v -0.317862 2.554492 0.368097
v -0.275858 2.573292 0.324409
v -0.212504 2.587576 0.305027
v -0.145979 2.592836 0.316862
v -0.095642 2.587931 0.355185
v -0.072209 2.573904 0.411841
v -0.083922 2.554587 0.470539
v -0.125926 2.535787 0.514228
v -0.189280 2.521503 0.533609
v -0.255806 2.516243 0.521775
v -0.306142 2.521148 0.483451
v -0.241746 3.323402 0.332791
v -0.210758 3.126856 0.346969
v -0.190877 3.131833 0.311948
v -0.158917 3.147425 0.291665
v -0.121681 3.170313 0.290437
v -0.090172 3.193912 0.309466
v -0.073256 3.211370 0.342405
v -0.074533 3.218973 0.382243
v -0.094415 3.213996 0.417263
v -0.126374 3.198405 0.437546
v -0.163610 3.175517 0.438775
v -0.195120 3.151918 0.419745
v -0.212036 3.134459 0.386807
v -0.193578 2.943351 0.359537
v -0.151977 2.948406 0.291388
v -0.083888 2.969090 0.253297
v -0.003802 3.001003 0.253371
v 0.064647 3.035005 0.293256
v 0.102160 3.061184 0.359757
v 0.100755 3.073967 0.438720
v 0.059155 3.068912 0.506869
v -0.008935 3.048227 0.544960
v -0.089021 3.016315 0.544886
v -0.157469 2.982312 0.505001
v -0.194983 2.956133 0.438500
v -0.204419 2.795178 0.367989
v -0.150532 2.798123 0.281476
v -0.059285 2.806451 0.234705
v 0.049903 2.818388 0.237632
v 0.144876 2.830492 0.291544
v 0.198779 2.839257 0.378725
v 0.200141 2.842818 0.480619
v 0.146254 2.839872 0.567133
v 0.055007 2.831544 0.613903
v -0.054181 2.819607 0.610977
v -0.149154 2.807503 0.557065
v -0.203057 2.798738 0.469884
v -0.249361 2.640572 0.351580
v -0.183566 2.660352 0.248439
v -0.072853 2.660350 0.190340
v 0.059215 2.640566 0.189649
v 0.173731 2.606102 0.249082
v 0.238330 2.567538 0.348945
v 0.239264 2.533077 0.467982
v 0.173469 2.513296 0.571123
v 0.062756 2.513299 0.629222
v -0.069312 2.533083 0.629913
v -0.183828 2.567546 0.570480
v -0.248427 2.606112 0.470617
v 0.516952 3.094163 0.376105
v 0.528943 2.955524 0.378677
v 0.531580 2.959679 0.398337
v 0.524480 2.968079 0.415574
v 0.509156 2.978937 0.426720
v 0.489870 2.989085 0.428145
v 0.472363 2.995619 0.419846
v 0.460360 2.997149 0.403587
v 0.457724 2.992995 0.383926
v 0.464823 2.984594 0.366689
v 0.480147 2.973736 0.355543
v 0.499433 2.963588 0.354118
v 0.516940 2.957054 0.362418
v 0.481793 2.847559 0.406995
v 0.486359 2.854832 0.445778
v 0.474970 2.874943 0.478517
v 0.450050 2.903613 0.498244
v 0.418526 2.932567 0.498440
v 0.389786 2.953424 0.479867
v 0.369946 2.961746 0.446476
v 0.365380 2.954473 0.407693
v 0.376770 2.934362 0.374955
v 0.401689 2.905692 0.355227
v 0.433213 2.876738 0.355031
v 0.461954 2.855881 0.373604
v 0.424038 2.733202 0.409263
v 0.421038 2.732009 0.465151
v 0.395093 2.748355 0.512582
v 0.351727 2.778760 0.541460
v 0.303260 2.814668 0.542264
v 0.263914 2.845469 0.515936
v 0.242063 2.864607 0.468079
v 0.245064 2.865800 0.412191
v 0.271008 2.849454 0.364761
v 0.314374 2.819049 0.335882
v 0.362842 2.783141 0.335079
v 0.402188 2.752341 0.361407
v 0.394877 2.626776 0.377487
v 0.389442 2.622511 0.449398
v 0.350266 2.633674 0.509836
v 0.285690 2.657889 0.545940
v 0.214081 2.688423 0.545754
v 0.156434 2.716184 0.510852
v 0.125016 2.735265 0.448661
v 0.130451 2.739531 0.376751
v 0.169626 2.728368 0.316313
v 0.234203 2.704152 0.280209
v 0.305811 2.673619 0.280395
v 0.363459 2.645858 0.315297
v 0.349548 2.563372 0.387208
v 0.346483 2.564745 0.445151
v 0.313930 2.569734 0.493568
v 0.258816 2.577276 0.522156
v 0.196782 2.585209 0.521423
v 0.146047 2.591223 0.492809
v 0.117411 2.594038 0.442403
v 0.120476 2.592665 0.384460
v 0.153029 2.587676 0.336043
v 0.208143 2.580134 0.307455
v 0.270177 2.572201 0.308188
v 0.320911 2.566187 0.336802
v -0.574764 1.401596 0.243539
v 0.559056 2.699355 0.194447
v 0.202939 2.689991 0.642875
v 0.548184 2.651123 0.527452
v 0.803750 2.478877 0.193716
v 0.854661 2.144274 -0.167091
v 0.759497 2.443174 -0.125293
v 0.199137 2.787324 0.194680
v 0.918260 1.847152 0.193883
v 0.773737 1.593221 -0.080647
v 0.860534 1.833871 -0.153303
v 0.911986 2.158648 0.184846
v 0.763230 1.853704 0.634281
v -0.517815 1.497830 0.617027
v -0.758024 2.151433 0.627621
v 0.758024 2.151433 0.627621
v 0.637688 2.133589 -0.400234
v 0.238847 2.132370 -0.559282
v 0.213294 2.465848 -0.436179
v 0.571076 2.436045 -0.311595
v 0.581772 1.549709 -0.251494
v 0.217598 1.479839 -0.360678
v 0.240412 1.777932 -0.532969
v 0.641993 1.807037 -0.379643
v -0.679988 2.416445 0.576327
v 0.679988 2.416445 0.576327
v 0.199785 1.419039 0.728845
v -0.194579 2.552230 0.797068
v 0.205418 1.282589 0.248639
v 0.562497 1.435549 0.534168
v 0.208853 1.335672 0.613616
v 0.819451 1.596268 0.223712
v 0.559721 1.421147 -0.069893
v 0.207786 1.314078 -0.121673
v 0.777466 1.603690 0.504561
v 0.864641 1.846573 0.528695
v 0.858736 2.161029 0.522364
v 0.763162 2.462245 0.491540
v 0.545482 2.628970 -0.147782
v 0.201914 2.697890 -0.216932
v -0.548184 2.651123 0.527452
v -0.202939 2.689991 0.642875
v -0.559056 2.699355 0.194447
v -0.803750 2.478877 0.193716
v -0.199137 2.787325 0.194680
v -0.759497 2.443174 -0.125293
v -0.854661 2.144274 -0.167091
v -0.918260 1.847152 0.193883
v -0.911986 2.158648 0.184846
v -0.860534 1.833871 -0.153303
v -0.773737 1.593221 -0.080647
v 0.194579 2.552230 0.797068
v 0.517815 1.497830 0.617027
v -0.692136 1.633023 0.586052
v -0.505667 2.563343 0.623056
v -0.637688 2.133589 -0.400234
v -0.571076 2.436045 -0.311595
v -0.213294 2.465848 -0.436179
v -0.238847 2.132370 -0.559282
v -0.581772 1.549708 -0.251494
v -0.641993 1.807037 -0.379643
v -0.240412 1.777932 -0.532969
v -0.217598 1.479839 -0.360678
v 0.505667 2.563343 0.623056
v -0.763230 1.853703 0.634281
v 0.692136 1.633023 0.586052
v -0.199785 1.419038 0.728845
v -0.205418 1.282589 0.248639
v -0.819451 1.596268 0.223712
v -0.208853 1.335672 0.613616
v -0.562497 1.435549 0.534168
v -0.559721 1.421147 -0.069893
v -0.207786 1.314078 -0.121673
v -0.777466 1.603690 0.504561
v -0.864641 1.846573 0.528695
v -0.858736 2.161029 0.522364
v -0.763162 2.462245 0.491540
v -0.545482 2.628970 -0.147782
v -0.201914 2.697890 -0.216932
v 0.205152 1.543306 0.818937
v 0.548497 1.599925 0.674230
v 0.594961 1.843560 0.753254
v 0.216350 1.824048 0.936072
v 0.214874 2.157228 0.939719
v 0.590903 2.152708 0.750775
v 0.538412 2.437624 0.674896
v 0.201094 2.438623 0.856576
v -0.205152 1.543306 0.818937
v -0.216350 1.824048 0.936072
v -0.594961 1.843560 0.753254
v -0.548497 1.599925 0.674230
v -0.214874 2.157228 0.939719
v -0.201094 2.438623 0.856576
v -0.538412 2.437624 0.674896
v -0.590903 2.152708 0.750775
v -0.206780 1.396997 0.732816
v 0.716370 1.618479 0.585300
v -0.789953 1.846887 0.635322
v 0.523372 2.581366 0.624240
v -0.523372 2.581366 0.624240
v -0.716370 1.618479 0.585300
v 0.535946 1.478552 0.617359
v 0.201392 2.569876 0.804195
v -0.201392 2.569876 0.804195
v 0.206780 1.396997 0.732816
v 0.703796 2.429326 0.575884
v -0.703796 2.429326 0.575884
v 0.784564 2.155048 0.628824
v -0.784564 2.155048 0.628824
v -0.535946 1.478552 0.617359
v 0.789953 1.846887 0.635322
v 0.574764 1.401596 0.243539
v 0.200121 2.767582 0.450878
v 0.390720 2.690124 0.583043
v 0.556445 2.691127 0.398708
v 0.897481 2.152230 -0.021633
v 0.819468 2.303513 -0.146208
v 0.792526 2.466742 0.003734
v 0.807860 1.593512 0.043689
v 0.830369 1.703020 -0.117812
v 0.903652 1.841596 -0.010197
v 0.457980 2.132303 -0.499094
v 0.223949 2.306583 -0.514922
v 0.409386 2.454574 -0.386617
v 0.607205 2.295332 -0.365557
v 0.417441 1.510014 -0.315967
v 0.226982 1.617034 -0.463156
v 0.461013 1.790749 -0.474835
v 0.615260 1.665558 -0.324793
v 0.571812 1.413072 0.423373
v 0.401690 1.376177 0.577433
v 0.206319 1.300324 0.464942
v 0.570889 1.403496 0.058004
v 0.400464 1.329918 0.246888
v 0.205968 1.285997 0.031003
v 0.399662 1.357979 -0.096461
v 0.809117 1.600117 0.397858
v 0.884532 1.714398 0.208415
v 0.905032 1.849243 0.394869
v 0.834348 1.714078 0.519193
v 0.898847 2.162068 0.387721
v 0.872765 2.324421 0.189620
v 0.793763 2.477928 0.378401
v 0.823391 2.321787 0.508024
v 0.388763 2.674162 -0.186779
v 0.199797 2.760375 -0.052372
v 0.388685 2.757188 0.192992
v 0.555555 2.677930 -0.012121
v -0.556445 2.691126 0.398708
v -0.390720 2.690124 0.583043
v -0.200121 2.767582 0.450878
v -0.792526 2.466742 0.003734
v -0.819468 2.303513 -0.146208
v -0.897481 2.152230 -0.021633
v -0.903652 1.841596 -0.010197
v -0.830369 1.703020 -0.117812
v -0.807860 1.593512 0.043689
v 0.796379 1.995196 0.639909
v -0.728402 2.297697 0.605651
v 0.753905 2.306428 0.606130
v -0.000000 2.453961 0.881041
v -0.607205 2.295332 -0.365557
v -0.409386 2.454574 -0.386617
v -0.223949 2.306583 -0.514922
v -0.457980 2.132303 -0.499094
v -0.615260 1.665558 -0.324793
v -0.461013 1.790749 -0.474835
v -0.226982 1.617034 -0.463156
v -0.417441 1.510014 -0.315967
v 0.392462 1.431136 0.681053
v -0.620518 1.557739 0.575499
v -0.382582 2.600186 0.710416
v -0.607503 2.505665 0.571509
v -0.206319 1.300324 0.464942
v -0.401690 1.376177 0.577433
v -0.571812 1.413072 0.423373
v -0.399662 1.357979 -0.096461
v -0.205968 1.285997 0.031003
v -0.400464 1.329918 0.246888
v -0.570889 1.403496 0.058004
v -0.834348 1.714078 0.519193
v -0.905032 1.849243 0.394869
v -0.884532 1.714398 0.208415
v -0.809117 1.600117 0.397858
v -0.823391 2.321786 0.508024
v -0.793763 2.477928 0.378401
v -0.872765 2.324421 0.189620
v -0.898847 2.162068 0.387721
v -0.555555 2.677930 -0.012121
v -0.388685 2.757188 0.192992
v -0.199797 2.760375 -0.052372
v -0.388763 2.674162 -0.186779
v 0.549611 1.460289 0.593103
v 0.210010 1.373080 0.700846
v 0.628773 2.521663 0.570963
v 0.369640 2.581518 0.706423
v -0.000000 1.320136 0.629938
v 0.211465 1.375727 -0.241521
v 0.557827 1.466050 -0.164832
v 0.871665 1.996962 0.530581
v 0.727866 2.442491 0.551308
v 0.813395 2.157899 0.599244
v 0.688636 1.511988 0.503364
v 0.536438 2.605738 0.597142
v 0.204419 2.606705 0.763153
v -0.000000 1.467132 -0.378093
v -0.000000 1.772391 -0.552773
v -0.000000 2.680141 0.673851
v 0.206181 2.599752 -0.333400
v 0.545201 2.549375 -0.238839
v 0.247747 1.952916 -0.566288
v 0.652595 1.965822 -0.407604
v 0.703051 1.582814 -0.171605
v 0.777212 1.822757 -0.266198
v 0.673082 2.574620 0.491739
v 0.771929 2.137241 -0.282850
v 0.690425 2.426749 -0.221143
v -0.796379 1.995196 0.639909
v -0.737947 1.729679 0.616407
v 0.000000 2.132741 -0.579708
v -0.000000 2.469670 -0.454595
v 0.818983 1.844127 0.605475
v 0.741037 1.609104 0.561236
v 0.642245 1.540561 0.574514
v 0.737947 1.729679 0.616407
v -0.000000 1.296944 -0.133940
v -0.000000 1.265012 0.249116
v 0.867531 1.982159 -0.174077
v 0.925717 1.995058 0.184550
v 0.685300 1.500566 -0.058958
v 0.717900 1.492190 0.236509
v -0.000000 2.704387 -0.229797
v -0.000000 2.795468 0.196309
v 0.669813 2.554558 -0.120450
v 0.700620 2.608394 0.195777
v -0.549611 1.460289 0.593103
v -0.210010 1.373080 0.700846
v -0.211465 1.375727 -0.241521
v -0.557827 1.466050 -0.164832
v -0.871665 1.996962 0.530581
v -0.727866 2.442491 0.551308
v -0.813395 2.157899 0.599244
v -0.688636 1.511988 0.503364
v -0.536438 2.605738 0.597142
v -0.204419 2.606705 0.763154
v -0.206181 2.599752 -0.333400
v -0.545201 2.549375 -0.238839
v -0.247747 1.952916 -0.566288
v -0.652595 1.965822 -0.407604
v -0.703051 1.582814 -0.171605
v -0.777212 1.822757 -0.266198
v -0.673082 2.574620 0.491739
v -0.771929 2.137241 -0.282850
v -0.690425 2.426749 -0.221143
v -0.392462 1.431136 0.681053
v -0.000000 1.405754 0.750969
v -0.818983 1.844127 0.605475
v -0.741037 1.609104 0.561236
v -0.867531 1.982159 -0.174077
v -0.925717 1.995058 0.184549
v -0.685300 1.500566 -0.058958
v -0.717900 1.492190 0.236509
v -0.669813 2.554559 -0.120450
v -0.700620 2.608394 0.195777
v 0.393565 1.567626 0.757998
v 0.577491 1.709754 0.726211
v 0.419177 1.832884 0.862157
v 0.211422 1.673189 0.897422
v 0.416318 2.154926 0.863155
v 0.569897 2.305614 0.723278
v 0.385970 2.449968 0.772868
v 0.208562 2.313493 0.911391
v -0.211422 1.673189 0.897422
v -0.419177 1.832885 0.862157
v -0.577491 1.709754 0.726211
v -0.393565 1.567626 0.757998
v -0.208562 2.313493 0.911391
v -0.385970 2.449969 0.772868
v -0.569897 2.305614 0.723278
v -0.416318 2.154926 0.863155
v -0.000000 2.427028 0.894864
v -0.000000 2.158399 0.969048
v 0.599801 1.993745 0.759921
v 0.218109 1.988016 0.946350
v -0.000000 1.820091 0.964283
v -0.000000 1.533140 0.843699
v -0.599801 1.993745 0.759921
v -0.218109 1.988016 0.946350
v 0.769438 1.996990 0.638433
v -0.753905 2.306428 0.606130
v 0.728402 2.297697 0.605651
v 0.000000 2.473927 0.887725
v 0.379185 1.452021 0.678766
v -0.642245 1.540561 0.574514
v -0.369640 2.581518 0.706423
v -0.628773 2.521663 0.570963
v 0.607503 2.505665 0.571509
v 0.382582 2.600186 0.710416
v -0.769438 1.996990 0.638433
v -0.763784 1.718517 0.616605
v 0.620518 1.557739 0.575499
v 0.763784 1.718517 0.616605
v -0.379185 1.452021 0.678766
v -0.000000 1.383247 0.755714
v 0.389263 2.744667 0.423738
v 0.859271 2.316165 -0.007682
v 0.870817 1.709566 0.016602
v 0.431738 2.301480 -0.458004
v 0.437543 1.638398 -0.410017
v 0.400852 1.345270 0.445778
v 0.400182 1.333146 0.044796
v 0.872161 1.716306 0.396365
v 0.860591 2.326791 0.382565
v 0.388635 2.732187 -0.035185
v -0.389263 2.744667 0.423738
v -0.859271 2.316166 -0.007682
v -0.870817 1.709566 0.016602
v -0.431738 2.301480 -0.458004
v -0.437543 1.638398 -0.410017
v -0.400852 1.345270 0.445778
v -0.400182 1.333147 0.044796
v -0.872161 1.716306 0.396365
v -0.860591 2.326791 0.382565
v -0.388635 2.732187 -0.035185
v 0.399915 1.409260 0.652356
v -0.000000 1.283566 0.473714
v 0.403788 1.413806 -0.206757
v 0.912378 1.998104 0.392333
v 0.781162 2.313601 0.578409
v 0.710726 1.499448 0.404982
v 0.389633 2.629862 0.676678
v -0.000000 1.607802 -0.481704
v -0.000000 2.771382 0.464975
v 0.394027 2.581997 -0.293390
v 0.472833 1.958306 -0.506000
v 0.749685 1.689954 -0.222414
v 0.693876 2.603399 0.381644
v 0.739924 2.294043 -0.255614
v -0.000000 2.308874 -0.534498
v 0.791440 1.713040 0.588679
v -0.000000 1.268223 0.023960
v 0.910996 1.989263 -0.026383
v 0.709608 1.491975 0.060883
v -0.000000 2.767951 -0.059497
v 0.692777 2.591487 0.004844
v -0.399915 1.409260 0.652356
v -0.403788 1.413806 -0.206757
v -0.912378 1.998104 0.392333
v -0.781162 2.313601 0.578409
v -0.710726 1.499448 0.404982
v -0.389633 2.629862 0.676678
v -0.394027 2.581997 -0.293390
v -0.472833 1.958306 -0.506000
v -0.749685 1.689954 -0.222414
v -0.693876 2.603399 0.381644
v -0.739924 2.294043 -0.255614
v -0.791440 1.713040 0.588679
v -0.910996 1.989263 -0.026383
v -0.709608 1.491975 0.060883
v -0.692777 2.591487 0.004844
v 0.652165 1.514849 -0.131061
v 0.662264 1.526721 0.552820
v 0.825643 1.994902 0.609653
v 0.648095 2.541044 0.547650
v 0.638411 2.512727 -0.193007
v 0.784879 1.974196 -0.290496
v -0.000000 1.360230 -0.257113
v -0.000000 1.358704 0.722401
v -0.652165 1.514849 -0.131061
v -0.662264 1.526721 0.552820
v -0.825643 1.994902 0.609653
v -0.648095 2.541044 0.547650
v -0.000000 2.583306 0.808126
v 0.000000 1.950753 -0.586905
v 0.000000 2.604913 -0.349770
v -0.638411 2.512727 -0.193007
v -0.784879 1.974196 -0.290496
v 0.408650 1.689437 0.827588
v 0.422587 1.990528 0.870934
v -0.000000 1.666083 0.924453
v 0.403177 2.312575 0.832554
v -0.000000 2.312441 0.943200
v -0.408650 1.689437 0.827588
v -0.422587 1.990528 0.870934
v -0.403177 2.312575 0.832554
v -0.000000 1.986937 0.975159
v -0.553414 2.136685 0.863364
v -0.556868 2.053631 0.862254
v -0.510624 2.134870 0.877463
v -0.543736 2.218767 0.852188
v -0.589980 2.137527 0.836980
v -0.590413 2.060132 0.837286
v -0.516557 2.057658 0.874962
v -0.504334 2.211350 0.865594
v -0.577038 2.216643 0.821930
v -0.490656 2.370243 0.758762
v -0.452084 2.352465 0.779894
v -0.522198 2.357509 0.743946
v -0.510249 2.357329 0.796137
v -0.473080 2.340387 0.813284
v -0.538627 2.345171 0.780389
v -0.523553 1.888775 0.785124
v -0.562126 1.906553 0.763993
v -0.482770 1.903348 0.804484
v -0.540935 1.908212 0.820728
v -0.575541 1.924702 0.798523
v -0.501685 1.921719 0.836208
v -0.407713 2.125495 0.822658
v -0.420958 2.029661 0.824512
v -0.407825 2.221868 0.813988
v -0.432879 2.129026 0.855740
v -0.443994 2.039611 0.854901
v -0.431772 2.218496 0.845106
v -0.606496 2.133523 0.721228
v -0.594109 2.223151 0.719494
v -0.606384 2.037150 0.729898
v -0.618305 2.136515 0.761126
v -0.605512 2.219717 0.757180
v -0.616849 2.046592 0.766701
v -0.612102 2.065529 0.804041
v -0.613789 2.137184 0.801758
v -0.598883 2.213221 0.794688
v -0.515716 1.992218 0.860307
v -0.553057 1.983304 0.848114
v -0.584072 1.994507 0.825436
v -0.458952 2.206109 0.860858
v -0.455589 2.131100 0.868174
v -0.470436 2.056965 0.869740
v -0.552667 2.279104 0.814027
v -0.528969 2.286190 0.829652
v -0.493286 2.274258 0.843115
v -0.581611 2.300762 0.759199
v -0.569866 2.310287 0.724548
v -0.422285 2.302839 0.799426
v -0.444048 2.293718 0.828966
v -0.466477 1.965444 0.846940
v -0.446373 1.950301 0.818728
v -0.591924 1.956180 0.744460
v -0.602011 1.970918 0.777784
v -0.582695 2.268345 0.792323
v -0.601104 2.015672 0.802857
v -0.466797 2.251615 0.847026
v -0.485868 2.011813 0.861643
v 0.553414 2.136685 0.863364
v 0.556868 2.053631 0.862254
v 0.510624 2.134870 0.877463
v 0.543736 2.218767 0.852188
v 0.589980 2.137527 0.836980
v 0.590413 2.060132 0.837286
v 0.516557 2.057658 0.874962
v 0.504334 2.211350 0.865594
v 0.577038 2.216643 0.821930
v 0.490656 2.370243 0.758762
v 0.452084 2.352465 0.779894
v 0.522198 2.357509 0.743946
v 0.510249 2.357329 0.796137
v 0.473080 2.340387 0.813284
v 0.538627 2.345171 0.780389
v 0.523553 1.888775 0.785124
v 0.562126 1.906553 0.763993
v 0.482770 1.903348 0.804484
v 0.540935 1.908212 0.820728
v 0.575541 1.924702 0.798523
v 0.501685 1.921719 0.836208
v 0.407713 2.125495 0.822658
v 0.420958 2.029661 0.824512
v 0.407825 2.221868 0.813988
v 0.432879 2.129026 0.855740
v 0.443994 2.039611 0.854901
v 0.431772 2.218496 0.845106
v 0.606496 2.133523 0.721228
v 0.594109 2.223151 0.719494
v 0.606384 2.037150 0.729898
v 0.618305 2.136515 0.761126
v 0.605512 2.219717 0.757180
v 0.616849 2.046592 0.766701
v 0.612102 2.065529 0.804041
v 0.613789 2.137184 0.801758
v 0.598883 2.213221 0.794688
v 0.515716 1.992218 0.860307
v 0.553057 1.983304 0.848114
v 0.584072 1.994507 0.825436
v 0.458952 2.206109 0.860858
v 0.455589 2.131100 0.868174
v 0.470436 2.056965 0.869740
v 0.552667 2.279104 0.814027
v 0.528969 2.286190 0.829652
v 0.493286 2.274258 0.843115
v 0.581611 2.300762 0.759199
v 0.569866 2.310287 0.724548
v 0.422285 2.302839 0.799426
v 0.444048 2.293718 0.828966
v 0.466477 1.965444 0.846940
v 0.446373 1.950301 0.818728
v 0.591924 1.956180 0.744460
v 0.602011 1.970918 0.777784
v 0.582695 2.268345 0.792323
v 0.601104 2.015672 0.802857
v 0.466797 2.251615 0.847026
v 0.485868 2.011813 0.861643
vn -0.2772 0.0127 -0.9607
vn -0.0462 0.1858 -0.9815
vn 0.1666 0.1890 -0.9677
vn -0.0490 0.0572 -0.9972
vn -0.5238 -0.8427 -0.1247
vn -0.8726 -0.4712 -0.1284
vn -0.8857 -0.4549 0.0924
vn -0.5071 -0.8494 0.1465
vn -0.3958 -0.2028 -0.8956
vn -0.6028 -0.2638 -0.7530
vn -0.8438 -0.4291 -0.3223
vn -0.9167 -0.3816 -0.1186
vn 0.0106 -0.0612 0.9981
vn -0.0879 -0.0696 0.9937
vn 0.1151 0.1872 0.9756
vn 0.1411 0.1814 0.9732
vn -0.8929 -0.3109 0.3257
vn -0.6824 -0.4482 0.5774
vn -0.3953 0.0140 0.9184
vn -0.1836 0.2018 0.9621
vn 0.4885 0.8686 0.0824
vn 0.6278 0.7675 0.1297
vn 0.6067 0.7744 -0.1794
vn 0.4482 0.8730 -0.1921
vn 0.1481 0.4977 0.8546
vn 0.4133 0.4886 0.7684
vn 0.6197 0.7346 0.2761
vn 0.6577 0.7528 -0.0271
vn 0.3475 0.5565 0.7547
vn 0.6008 0.6802 0.4199
vn 0.4735 0.7999 0.3687
vn 0.6055 0.6091 -0.5123
vn 0.4787 0.6320 -0.6094
vn 0.4921 -0.3823 0.7821
vn 0.2396 -0.7351 0.6343
vn 0.5376 -0.7955 0.2796
vn 0.7931 -0.4064 0.4536
vn 0.0596 -0.1867 0.9806
vn -0.1836 -0.4516 0.8731
vn 0.5331 0.0480 0.8447
vn 0.2720 0.1184 0.9550
vn 0.8630 -0.0979 0.4956
vn 0.4400 0.8958 0.0620
vn 0.6157 0.7873 0.0330
vn 0.7832 0.5372 -0.3131
vn 0.7244 0.6057 -0.3292
vn 0.9509 -0.1185 0.2859
vn 0.9624 -0.1335 0.2366
vn 0.8662 -0.0968 0.4902
vn 0.8570 -0.0989 0.5057
vn 0.9706 -0.2394 -0.0260
vn 0.9672 -0.2494 -0.0475
vn 0.8060 0.5919 0.0043
vn 0.9833 0.1444 0.1105
vn 0.9719 0.1851 -0.1457
vn 0.8001 0.5224 -0.2950
vn -0.3540 0.1508 0.9230
vn -0.5424 -0.0346 0.8394
vn 0.1570 -0.4605 0.8737
vn 0.2004 -0.4369 0.8769
vn -0.0005 -0.5771 0.8167
vn -0.0081 -0.5858 0.8104
vn 0.4477 -0.3113 0.8382
vn 0.4747 -0.2974 0.8284
vn 0.0475 0.4471 0.8932
vn -0.8043 -0.5565 -0.2084
vn -0.6699 -0.5890 -0.4519
vn -0.2931 -0.9234 -0.2477
vn -0.4801 -0.8757 0.0525
vn -0.1476 -0.9846 0.0936
vn -0.1508 -0.9813 0.1192
vn -0.0765 -0.9902 -0.1167
vn -0.0769 -0.9903 -0.1162
vn -0.1500 -0.9041 0.4001
vn -0.1497 -0.9028 0.4032
vn -0.6360 -0.6868 0.3519
vn -0.8808 -0.3962 0.2593
vn 0.3038 -0.0887 -0.9486
vn 0.5216 0.0594 -0.8511
vn 0.7276 -0.3565 -0.5861
vn 0.4480 -0.5254 -0.7233
vn 0.5841 -0.6494 -0.4869
vn 0.5587 -0.6721 -0.4860
vn 0.7389 -0.5061 -0.4449
vn 0.7447 -0.5007 -0.4412
vn 0.3336 -0.8405 -0.4270
vn 0.3280 -0.8438 -0.4247
vn 0.0758 -0.6090 -0.7896
vn -0.1309 -0.3359 -0.9328
vn 0.6576 0.6251 -0.4205
vn 0.6486 0.7580 0.0689
vn -0.5777 0.1377 0.8045
vn -0.4302 0.2873 0.8558
vn -0.0217 0.5625 0.8265
vn -0.7926 -0.4433 -0.4187
vn -0.8960 -0.4000 -0.1929
vn -0.9286 -0.2512 0.2731
vn 0.3020 0.1863 -0.9349
vn 0.1074 0.0628 -0.9922
vn -0.2920 -0.2053 -0.9341
vn -0.6510 -0.4162 -0.6348
vn -0.7181 -0.4125 -0.5606
vn 0.3943 0.7213 0.5695
vn 0.5062 0.6701 0.5429
vn 0.5610 0.7535 0.3428
vn 0.4773 0.3409 -0.8100
vn 0.3800 0.3412 -0.8597
vn -0.5094 -0.5363 -0.6730
vn -0.1096 -0.8354 -0.5386
vn 0.0731 -0.9574 -0.2792
vn 0.0921 -0.9516 -0.2933
vn 0.3236 0.5442 0.7740
vn 0.7100 -0.1660 0.6844
vn 0.7059 -0.1683 0.6880
vn 0.8554 -0.2519 0.4525
vn 0.8001 0.3383 0.4953
vn 0.4953 0.3786 0.7819
vn 0.3140 0.0156 0.9493
vn 0.9440 -0.3238 0.0627
vn 0.7168 -0.6850 -0.1303
vn 0.9200 -0.0925 -0.3808
vn -0.4147 -0.4567 -0.7871
vn -0.8145 -0.4597 -0.3539
vn -0.5262 -0.7620 -0.3774
vn -0.3552 -0.6603 0.6617
vn -0.3230 -0.2866 0.9019
vn -0.1190 -0.3049 0.9449
vn 0.3759 -0.8676 -0.3254
vn 0.1834 -0.9820 0.0451
vn -0.7312 -0.0115 0.6821
vn -0.5828 -0.1846 0.7914
vn 0.6731 0.2436 -0.6982
vn 0.8740 -0.3805 -0.3023
vn 0.8794 -0.3750 -0.2933
vn -0.7151 -0.1780 0.6760
vn -0.4205 -0.6187 0.6637
vn -0.0962 -0.7342 0.6720
vn -0.1013 -0.7476 0.6564
vn -0.0761 -0.9169 0.3918
vn 0.1956 0.3800 -0.9041
vn 0.0880 0.4017 -0.9115
vn 0.3147 0.7306 -0.6060
vn -0.6590 0.1755 0.7314
vn -0.7994 0.0546 0.5982
vn -0.9680 -0.1751 0.1800
vn 0.3752 0.2392 -0.8956
vn 0.5086 0.3908 -0.7673
vn 0.6383 0.6720 -0.3754
vn -0.0128 0.5367 0.8437
vn 0.0207 0.4236 0.9056
vn 0.2490 0.7399 0.6249
vn 0.1962 0.8703 0.4518
vn 0.2054 0.7382 0.6425
vn -0.0838 0.6215 0.7789
vn -0.7821 -0.3705 -0.5011
vn -0.6421 -0.3379 -0.6882
vn -0.2572 -0.1471 -0.9551
vn 0.1829 0.1095 -0.9770
vn -0.8936 -0.3373 -0.2962
vn -0.4986 0.3262 0.8031
vn 0.6223 0.7823 -0.0281
vn 0.9790 0.1147 -0.1686
vn 0.8926 0.4349 0.1192
vn 0.4409 0.8323 0.3360
vn 0.2925 0.9245 0.2444
vn -0.1801 0.1716 0.9686
vn 0.7848 0.2979 -0.5435
vn 0.9287 -0.3699 0.0267
vn 0.8008 -0.4320 0.4149
vn 0.5617 -0.4240 0.7104
vn -0.0755 0.1475 -0.9862
vn -0.2055 -0.0776 -0.9756
vn -0.0736 -0.9849 -0.1569
vn -0.1141 -0.9034 -0.4134
vn 0.0562 -0.1092 0.9924
vn 0.0426 -0.3755 0.9258
vn 0.2098 0.7581 -0.6175
vn 0.3350 0.9252 -0.1781
vn 0.0990 0.1153 0.9884
vn 0.2416 0.5310 0.8122
vn -0.0335 -0.9906 0.1323
vn 0.0318 0.3663 -0.9300
vn 0.3616 0.8529 0.3766
vn 0.0121 -0.7868 0.6171
vn -0.0579 0.0958 -0.9937
vn -0.1027 -0.1659 -0.9808
vn 0.3743 0.9239 0.0792
vn -0.1334 -0.6019 -0.7874
vn 0.2772 0.0127 -0.9607
vn 0.0490 0.0572 -0.9972
vn -0.1666 0.1890 -0.9677
vn 0.0462 0.1858 -0.9815
vn 0.5238 -0.8427 -0.1247
vn 0.5071 -0.8494 0.1465
vn 0.8857 -0.4549 0.0924
vn 0.8726 -0.4712 -0.1284
vn 0.6028 -0.2638 -0.7530
vn 0.3958 -0.2028 -0.8956
vn 0.9167 -0.3816 -0.1186
vn 0.8438 -0.4291 -0.3223
vn -0.0106 -0.0612 0.9981
vn -0.1411 0.1814 0.9732
vn -0.1151 0.1872 0.9756
vn 0.0879 -0.0696 0.9937
vn 0.6824 -0.4482 0.5774
vn 0.8929 -0.3109 0.3257
vn 0.1836 0.2018 0.9621
vn 0.3953 0.0140 0.9184
vn -0.4885 0.8686 0.0824
vn -0.4482 0.8730 -0.1921
vn -0.6067 0.7744 -0.1794
vn -0.6278 0.7675 0.1297
vn -0.4133 0.4886 0.7684
vn -0.1481 0.4977 0.8546
vn -0.6577 0.7528 -0.0271
vn -0.6197 0.7346 0.2761
vn -0.3475 0.5565 0.7547
vn -0.4735 0.7999 0.3687
vn -0.6008 0.6802 0.4199
vn -0.4787 0.6320 -0.6094
vn -0.6055 0.6091 -0.5123
vn -0.4921 -0.3823 0.7821
vn -0.7931 -0.4064 0.4536
vn -0.5376 -0.7955 0.2796
vn -0.2396 -0.7351 0.6343
vn 0.1836 -0.4516 0.8731
vn -0.0596 -0.1867 0.9806
vn -0.2720 0.1184 0.9550
vn -0.5331 0.0480 0.8447
vn -0.8630 -0.0979 0.4956
vn -0.4400 0.8958 0.0620
vn -0.7244 0.6057 -0.3292
vn -0.7832 0.5372 -0.3131
vn -0.6157 0.7873 0.0330
vn -0.9509 -0.1185 0.2859
vn -0.8570 -0.0989 0.5057
vn -0.8662 -0.0968 0.4901
vn -0.9624 -0.1335 0.2366
vn -0.9672 -0.2494 -0.0475
vn -0.9706 -0.2394 -0.0260
vn -0.8060 0.5919 0.0043
vn -0.8001 0.5224 -0.2950
vn -0.9719 0.1851 -0.1457
vn -0.9833 0.1444 0.1105
vn 0.3540 0.1508 0.9230
vn 0.5424 -0.0346 0.8394
vn -0.1570 -0.4605 0.8737
vn 0.0081 -0.5858 0.8104
vn 0.0005 -0.5771 0.8167
vn -0.2004 -0.4369 0.8769
vn -0.4747 -0.2974 0.8284
vn -0.4477 -0.3113 0.8382
vn -0.0475 0.4471 0.8932
vn 0.8043 -0.5565 -0.2084
vn 0.4801 -0.8757 0.0525
vn 0.2931 -0.9234 -0.2477
vn 0.6699 -0.5890 -0.4519
vn 0.1476 -0.9846 0.0936
vn 0.0769 -0.9903 -0.1162
vn 0.0765 -0.9902 -0.1167
vn 0.1508 -0.9813 0.1192
vn 0.1497 -0.9028 0.4032
vn 0.1500 -0.9041 0.4001
vn 0.8808 -0.3962 0.2593
vn 0.6360 -0.6868 0.3519
vn -0.3038 -0.0887 -0.9486
vn -0.4480 -0.5254 -0.7233
vn -0.7276 -0.3565 -0.5861
vn -0.5216 0.0594 -0.8511
vn -0.5841 -0.6494 -0.4869
vn -0.7447 -0.5007 -0.4412
vn -0.7389 -0.5061 -0.4449
vn -0.5587 -0.6721 -0.4860
vn -0.3280 -0.8438 -0.4247
vn -0.3336 -0.8405 -0.4270
vn 0.1309 -0.3359 -0.9328
vn -0.0758 -0.6090 -0.7896
vn -0.6576 0.6251 -0.4205
vn -0.6486 0.7580 0.0689
vn 0.4302 0.2873 0.8558
vn 0.5777 0.1377 0.8045
vn 0.0217 0.5625 0.8265
vn 0.8960 -0.4000 -0.1929
vn 0.7926 -0.4433 -0.4187
vn 0.9286 -0.2512 0.2731
vn -0.1074 0.0628 -0.9922
vn -0.3020 0.1863 -0.9349
vn 0.2920 -0.2053 -0.9341
vn 0.7181 -0.4125 -0.5606
vn 0.6510 -0.4162 -0.6348
vn -0.5062 0.6701 0.5429
vn -0.3943 0.7213 0.5695
vn -0.5610 0.7535 0.3428
vn -0.3800 0.3412 -0.8597
vn -0.4773 0.3409 -0.8100
vn 0.5094 -0.5363 -0.6730
vn 0.1096 -0.8354 -0.5386
vn -0.0731 -0.9574 -0.2792
vn -0.0921 -0.9516 -0.2933
vn -0.3236 0.5442 0.7740
vn -0.7100 -0.1660 0.6844
vn -0.7059 -0.1683 0.6880
vn -0.8554 -0.2519 0.4525
vn -0.3139 0.0156 0.9493
vn -0.4953 0.3786 0.7819
vn -0.8001 0.3383 0.4953
vn -0.9440 -0.3238 0.0627
vn -0.9200 -0.0925 -0.3808
vn -0.7168 -0.6850 -0.1303
vn 0.4147 -0.4567 -0.7871
vn 0.5262 -0.7620 -0.3774
vn 0.8145 -0.4597 -0.3539
vn 0.3552 -0.6603 0.6617
vn 0.1190 -0.3049 0.9449
vn 0.3230 -0.2866 0.9019
vn -0.3759 -0.8676 -0.3254
vn -0.1834 -0.9820 0.0451
vn 0.5828 -0.1846 0.7914
vn 0.7312 -0.0115 0.6821
vn -0.6731 0.2436 -0.6982
vn -0.8740 -0.3805 -0.3023
vn -0.8794 -0.3750 -0.2933
vn 0.7151 -0.1780 0.6760
vn 0.4205 -0.6187 0.6637
vn 0.0962 -0.7342 0.6720
vn 0.1013 -0.7476 0.6564
vn 0.0761 -0.9169 0.3918
vn -0.3147 0.7306 -0.6060
vn -0.0880 0.4017 -0.9115
vn -0.1956 0.3800 -0.9041
vn 0.7994 0.0546 0.5982
vn 0.6590 0.1755 0.7314
vn 0.9680 -0.1751 0.1800
vn -0.5086 0.3908 -0.7673
vn -0.3752 0.2392 -0.8956
vn -0.6383 0.6720 -0.3754
vn 0.0128 0.5367 0.8437
vn -0.1962 0.8703 0.4518
vn -0.2490 0.7399 0.6249
vn -0.0207 0.4236 0.9056
vn 0.0838 0.6215 0.7789
vn -0.2054 0.7382 0.6425
vn 0.6421 -0.3379 -0.6882
vn 0.7821 -0.3705 -0.5011
vn 0.2572 -0.1471 -0.9551
vn -0.1829 0.1095 -0.9770
vn 0.8936 -0.3373 -0.2962
vn 0.4986 0.3262 0.8031
vn -0.6223 0.7823 -0.0281
vn -0.9790 0.1147 -0.1686
vn -0.8926 0.4349 0.1192
vn -0.4409 0.8323 0.3360
vn -0.2925 0.9245 0.2444
vn 0.1801 0.1716 0.9686
vn -0.7848 0.2979 -0.5435
vn -0.9287 -0.3699 0.0267
vn -0.8008 -0.4320 0.4149
vn -0.5617 -0.4240 0.7104
vn 0.0755 0.1475 -0.9862
vn 0.2055 -0.0776 -0.9756
vn 0.1141 -0.9034 -0.4134
vn 0.0736 -0.9849 -0.1569
vn -0.0426 -0.3755 0.9258
vn -0.0562 -0.1092 0.9924
vn -0.3350 0.9252 -0.1781
vn -0.2098 0.7581 -0.6175
vn -0.0990 0.1153 0.9884
vn -0.2416 0.5310 0.8122
vn 0.0335 -0.9906 0.1323
vn -0.0318 0.3663 -0.9300
vn -0.3616 0.8529 0.3766
vn -0.0121 -0.7868 0.6171
vn 0.0579 0.0958 -0.9937
vn 0.1027 -0.1659 -0.9808
vn -0.3744 0.9239 0.0792
vn 0.1334 -0.6019 -0.7874
vn 0.4341 0.5176 -0.7373
vn 0.4466 0.5296 -0.7211
vn 0.2971 0.5114 -0.8064
vn 0.3388 0.5254 -0.7805
vn 0.3830 0.6053 -0.6978
vn 0.4302 0.5651 -0.7040
vn 0.5873 0.4448 -0.6762
vn 0.6459 0.4644 -0.6060
vn 0.6788 0.4998 -0.5379
vn 0.8126 0.2371 0.5325
vn 0.8935 0.2577 0.3678
vn 0.9499 0.3123 0.0143
vn 0.9669 0.2540 -0.0254
vn 0.9350 0.3541 -0.0201
vn 0.7355 0.1836 0.6522
vn 0.4759 0.1604 0.8648
vn 0.6103 0.2946 0.7354
vn 0.7181 0.2608 0.6452
vn -0.9008 -0.0812 0.4267
vn -0.4854 -0.2169 0.8469
vn -0.4564 -0.3598 0.8138
vn -0.9021 -0.1587 0.4012
vn -0.9986 0.0143 -0.0509
vn -0.9998 -0.0077 -0.0185
vn -0.2989 -0.9505 0.0843
vn -0.3198 -0.9442 -0.0789
vn -0.1814 -0.9803 -0.0777
vn -0.1759 -0.9800 0.0926
vn -0.0907 -0.9544 0.2845
vn -0.1955 -0.9230 0.3315
vn 0.2960 0.5789 0.7598
vn 0.4332 0.4867 0.7586
vn 0.4916 0.8603 0.1345
vn 0.2942 0.9371 0.1880
vn -0.0000 0.9760 0.2179
vn -0.0000 0.6238 0.7816
vn -0.0000 0.3526 0.9358
vn 0.3287 0.2949 0.8972
vn 0.3912 0.2179 0.8941
vn 0.9102 0.3235 0.2587
vn 0.9239 0.2658 0.2752
vn 0.9407 0.3198 -0.1133
vn 0.9132 0.4004 -0.0759
vn 0.9315 0.3628 -0.0280
vn 0.9227 0.2882 0.2561
vn 0.7825 0.2131 0.5851
vn 0.7752 0.2491 0.5806
vn 0.7636 0.0534 0.6434
vn 0.3659 0.2114 -0.9063
vn 0.2486 0.0128 -0.9685
vn 0.1746 -0.0252 -0.9843
vn 0.2411 0.1540 -0.9582
vn 0.2710 0.3144 -0.9098
vn 0.4275 0.3329 -0.8405
vn 0.6711 0.3661 -0.6447
vn 0.5879 0.2936 -0.7538
vn 0.5054 0.0970 -0.8574
vn 0.3000 0.8785 -0.3718
vn 0.4362 0.7880 -0.4346
vn 0.3100 0.6411 -0.7020
vn -0.0000 0.6864 -0.7273
vn -0.0000 0.9341 -0.3571
vn -0.0106 0.0522 -0.9986
vn -0.4330 -0.0163 -0.9013
vn -0.3916 0.2563 -0.8837
vn -0.0043 0.3544 -0.9351
vn 0.3260 0.3982 -0.8574
vn 0.3498 0.1383 -0.9265
vn 0.0127 -0.6579 -0.7530
vn 0.2556 -0.6632 -0.7034
vn 0.1285 -0.7940 -0.5942
vn 0.0185 -0.8242 -0.5659
vn -0.0908 -0.8611 -0.5003
vn -0.2013 -0.8090 -0.5523
vn 0.8283 0.3607 -0.4287
vn 0.8531 0.4153 -0.3157
vn 0.7584 0.4131 -0.5042
vn 0.7965 0.3798 -0.4705
vn 0.7989 0.2319 -0.5550
vn 0.8443 0.3908 -0.3668
vn 0.8422 0.0488 -0.5369
vn 0.8731 -0.1536 -0.4628
vn 0.4860 -0.4667 -0.7389
vn 0.4794 -0.1962 -0.8554
vn 0.9671 0.2413 -0.0805
vn 0.9709 0.2345 -0.0493
vn 0.1218 -0.3288 -0.9365
vn 0.0687 -0.5920 -0.8030
vn -0.0901 -0.6694 -0.7374
vn 0.0612 -0.3506 -0.9345
vn 0.9105 0.2628 0.3194
vn 0.8656 0.3796 0.3264
vn 0.8471 0.0774 0.5257
vn 0.6996 0.2552 0.6675
vn 0.1857 -0.2127 0.9593
vn 0.2263 -0.6396 0.7346
vn 0.2799 -0.4985 0.8204
vn 0.2725 -0.1446 0.9512
vn 0.5996 0.1432 0.7874
vn 0.5960 0.1321 0.7920
vn 0.4662 0.1076 0.8781
vn 0.4749 0.1124 0.8728
vn -0.0000 0.3745 0.9272
vn 0.3405 0.3443 0.8749
vn -0.0000 -0.2493 0.9684
vn -0.0000 -0.6542 0.7563
vn 0.5421 -0.0628 0.8379
vn 0.4388 -0.0288 0.8981
vn 0.0868 -0.3577 -0.9298
vn 0.0480 -0.7235 -0.6887
vn -0.0000 -0.7140 -0.7001
vn -0.0000 -0.3588 -0.9334
vn -0.0000 -0.0621 -0.9981
vn 0.1234 -0.0515 -0.9910
vn 0.0935 -0.9140 -0.3947
vn -0.0000 -0.9066 -0.4220
vn -0.1461 -0.8840 -0.4440
vn 0.0075 -0.9961 -0.0874
vn 0.1850 -0.9779 -0.0970
vn -0.0000 -0.9929 -0.1186
vn 0.5550 0.6762 -0.4845
vn 0.7227 0.6882 0.0642
vn 0.1486 0.1255 -0.9809
vn -0.0000 0.1133 -0.9936
vn -0.0000 0.2911 -0.9567
vn 0.1581 0.3008 -0.9405
vn 0.5289 0.3519 0.7723
vn 0.5674 0.2606 0.7811
vn 0.3998 0.1643 0.9017
vn 0.4386 0.3267 0.8372
vn 0.4202 0.3105 0.8527
vn 0.4379 0.2049 0.8754
vn 0.5614 0.3656 0.7424
vn 0.2283 -0.9385 0.2591
vn -0.0000 -0.9624 0.2715
vn 0.0808 -0.9431 0.3225
vn 0.2699 0.5154 -0.8133
vn 0.2017 0.4950 -0.8452
vn -0.0000 0.4887 -0.8724
vn -0.0000 0.5216 -0.8532
vn 0.0375 -0.9990 0.0223
vn 0.0264 -0.9956 -0.0897
vn 0.2378 -0.9655 -0.1060
vn 0.2068 -0.9707 0.1220
vn 0.1812 -0.9417 0.2835
vn 0.0602 -0.9506 0.3044
vn 0.0241 -0.9747 -0.2220
vn -0.1714 -0.9475 -0.2698
vn 0.2371 -0.8811 -0.4091
vn 0.8612 -0.1496 0.4858
vn 0.9992 0.0115 -0.0382
vn 0.9981 0.0478 -0.0378
vn 0.8308 -0.2347 0.5046
vn 0.4350 -0.3865 0.8133
vn 0.4819 -0.2609 0.8365
vn 0.3097 -0.9422 0.1280
vn 0.2385 -0.8978 0.3702
vn 0.3631 -0.9260 -0.1038
vn -0.8680 -0.0127 -0.4965
vn -0.8306 0.1430 -0.5383
vn -0.3028 -0.9157 -0.2643
vn 0.0479 -0.2832 0.9579
vn 0.0603 -0.4041 0.9127
vn 0.0626 -0.8769 0.4765
vn 0.7835 0.1371 -0.6061
vn 0.7551 0.3115 -0.5769
vn 0.3810 -0.8455 -0.3741
vn -0.8717 -0.2355 0.4298
vn -0.9044 -0.0986 0.4150
vn -0.9915 -0.1235 -0.0413
vn -0.9972 -0.0743 -0.0033
vn 0.6227 -0.7805 0.0553
vn 0.9354 0.1137 -0.3348
vn 0.4364 -0.6734 -0.5968
vn 0.1963 -0.9776 -0.0760
vn 0.9943 0.0295 0.1025
vn 0.9943 0.0960 0.0468
vn 0.0391 0.0937 0.9948
vn 0.0462 -0.2724 0.9611
vn 0.4416 -0.1744 0.8801
vn 0.4804 0.2547 0.8392
vn -0.4478 -0.3403 0.8268
vn -0.5015 -0.0528 0.8635
vn -0.8059 -0.2736 -0.5251
vn -0.8832 0.0456 -0.4668
vn -0.4447 0.0476 -0.8944
vn -0.2781 -0.6168 -0.7363
vn 0.8220 0.2474 0.5129
vn 0.7931 -0.1455 0.5914
vn 0.0290 -0.9228 -0.3843
vn 0.0091 -0.1879 -0.9821
vn -0.6629 -0.5744 0.4802
vn -0.1707 -0.3658 0.9149
vn -0.2419 -0.9701 -0.0184
vn 0.0586 -0.7154 -0.6963
vn -0.2622 -0.6737 -0.6909
vn 0.4434 -0.6532 -0.6138
vn 0.8748 -0.2900 -0.3881
vn 0.9886 0.1503 -0.0096
vn 0.1308 0.2217 0.9663
vn 0.5754 0.3904 0.7187
vn 0.8446 0.3926 0.3640
vn -0.5258 -0.6800 -0.5109
vn -0.9744 -0.1717 -0.1451
vn 0.1648 0.4510 -0.8772
vn -0.0000 0.4422 -0.8969
vn 0.2759 0.4615 -0.8432
vn 0.5766 0.1589 0.8014
vn 0.1922 -0.1221 0.9737
vn -0.0000 -0.1402 0.9901
vn 0.5041 0.0748 0.8604
vn 0.4757 0.1345 0.8692
vn 0.4421 0.0545 0.8953
vn 0.8697 0.3840 -0.3102
vn 0.6972 0.4332 -0.5712
vn 0.9530 0.3027 -0.0137
vn 0.4369 0.3467 0.8300
vn 0.3866 -0.0537 0.9207
vn 0.3556 -0.0459 0.9335
vn 0.2683 -0.0886 0.9593
vn 0.9378 0.2143 0.2732
vn 0.7817 0.1648 0.6014
vn 0.4386 0.4593 -0.7724
vn 0.2933 0.2239 0.9294
vn 0.2293 0.1367 0.9637
vn 0.3139 0.1759 0.9330
vn 0.3807 0.2695 0.8846
vn -0.0000 0.2098 0.9778
vn -0.0000 0.1174 0.9931
vn 0.2097 0.0933 0.9733
vn 0.2021 0.0089 0.9793
vn 0.2894 0.0282 0.9568
vn 0.3103 0.1055 0.9448
vn 0.3129 0.0822 0.9462
vn 0.2093 0.0884 0.9738
vn -0.0000 0.0943 0.9955
vn -0.0000 0.0906 0.9959
vn -0.0000 0.0053 1.0000
vn 0.2045 0.1007 0.9737
vn 0.3000 0.0957 0.9491
vn -0.0000 0.0995 0.9950
vn -0.4341 0.5176 -0.7373
vn -0.3388 0.5254 -0.7805
vn -0.2971 0.5114 -0.8064
vn -0.4466 0.5296 -0.7211
vn -0.4302 0.5651 -0.7040
vn -0.3830 0.6053 -0.6978
vn -0.6459 0.4644 -0.6060
vn -0.5873 0.4448 -0.6762
vn -0.6788 0.4998 -0.5379
vn -0.8126 0.2371 0.5325
vn -0.9669 0.2540 -0.0254
vn -0.9499 0.3123 0.0143
vn -0.8935 0.2577 0.3678
vn -0.7355 0.1836 0.6522
vn -0.9350 0.3541 -0.0201
vn -0.6103 0.2946 0.7354
vn -0.4759 0.1604 0.8648
vn -0.7181 0.2608 0.6452
vn 0.9008 -0.0812 0.4267
vn 0.9021 -0.1587 0.4012
vn 0.4564 -0.3598 0.8138
vn 0.4854 -0.2169 0.8469
vn 0.9998 -0.0077 -0.0185
vn 0.9986 0.0143 -0.0509
vn 0.2989 -0.9505 0.0843
vn 0.1759 -0.9800 0.0926
vn 0.1814 -0.9803 -0.0777
vn 0.3198 -0.9442 -0.0789
vn 0.1955 -0.9230 0.3315
vn 0.0907 -0.9544 0.2845
vn -0.2960 0.5789 0.7598
vn -0.2942 0.9371 0.1880
vn -0.4916 0.8603 0.1345
vn -0.4332 0.4867 0.7586
vn -0.3287 0.2949 0.8972
vn -0.3912 0.2179 0.8941
vn -0.9102 0.3235 0.2587
vn -0.9132 0.4004 -0.0759
vn -0.9407 0.3198 -0.1133
vn -0.9239 0.2658 0.2752
vn -0.9227 0.2882 0.2561
vn -0.9315 0.3628 -0.0280
vn -0.7752 0.2491 0.5806
vn -0.7825 0.2131 0.5851
vn -0.7636 0.0534 0.6434
vn -0.3659 0.2114 -0.9063
vn -0.2411 0.1540 -0.9582
vn -0.1746 -0.0252 -0.9843
vn -0.2486 0.0128 -0.9685
vn -0.4275 0.3329 -0.8405
vn -0.2710 0.3144 -0.9098
vn -0.5879 0.2936 -0.7538
vn -0.6711 0.3661 -0.6447
vn -0.5054 0.0970 -0.8574
vn -0.3000 0.8785 -0.3718
vn -0.3100 0.6411 -0.7020
vn -0.4362 0.7880 -0.4346
vn 0.0106 0.0522 -0.9986
vn 0.0043 0.3544 -0.9351
vn 0.3916 0.2563 -0.8837
vn 0.4330 -0.0163 -0.9013
vn -0.3498 0.1383 -0.9265
vn -0.3260 0.3982 -0.8574
vn -0.0127 -0.6579 -0.7530
vn -0.0185 -0.8242 -0.5659
vn -0.1285 -0.7940 -0.5942
vn -0.2556 -0.6632 -0.7034
vn 0.2013 -0.8090 -0.5523
vn 0.0908 -0.8611 -0.5003
vn -0.8283 0.3607 -0.4287
vn -0.8531 0.4153 -0.3157
vn -0.7584 0.4131 -0.5042
vn -0.7965 0.3798 -0.4705
vn -0.7989 0.2319 -0.5550
vn -0.8443 0.3908 -0.3668
vn -0.8422 0.0488 -0.5369
vn -0.4794 -0.1962 -0.8554
vn -0.4860 -0.4667 -0.7389
vn -0.8731 -0.1536 -0.4628
vn -0.9671 0.2413 -0.0805
vn -0.9709 0.2345 -0.0493
vn -0.1218 -0.3288 -0.9365
vn -0.0612 -0.3506 -0.9345
vn 0.0901 -0.6694 -0.7374
vn -0.0687 -0.5920 -0.8030
vn -0.9105 0.2628 0.3194
vn -0.8656 0.3796 0.3264
vn -0.8471 0.0774 0.5257
vn -0.6996 0.2552 0.6675
vn -0.1857 -0.2127 0.9593
vn -0.2725 -0.1446 0.9512
vn -0.2799 -0.4985 0.8204
vn -0.2263 -0.6396 0.7346
vn -0.5996 0.1432 0.7874
vn -0.4749 0.1124 0.8728
vn -0.4662 0.1076 0.8781
vn -0.5960 0.1321 0.7920
vn -0.3405 0.3443 0.8749
vn -0.5421 -0.0628 0.8379
vn -0.4388 -0.0288 0.8981
vn -0.0868 -0.3577 -0.9298
vn -0.0480 -0.7235 -0.6887
vn -0.1234 -0.0515 -0.9910
vn -0.0935 -0.9140 -0.3947
vn 0.1461 -0.8840 -0.4440
vn -0.1850 -0.9779 -0.0970
vn -0.0075 -0.9961 -0.0874
vn -0.5550 0.6762 -0.4845
vn -0.7227 0.6882 0.0642
vn -0.1486 0.1255 -0.9809
vn -0.1581 0.3008 -0.9405
vn -0.5289 0.3519 0.7723
vn -0.5674 0.2606 0.7811
vn -0.3998 0.1643 0.9017
vn -0.4386 0.3267 0.8372
vn -0.4379 0.2049 0.8754
vn -0.4202 0.3105 0.8527
vn -0.5614 0.3656 0.7424
vn -0.2283 -0.9385 0.2591
vn -0.0808 -0.9431 0.3225
vn -0.2699 0.5154 -0.8133
vn -0.2017 0.4950 -0.8452
vn -0.0375 -0.9990 0.0223
vn -0.0264 -0.9956 -0.0897
vn -0.2068 -0.9707 0.1220
vn -0.2378 -0.9655 -0.1060
vn -0.0602 -0.9506 0.3044
vn -0.1812 -0.9417 0.2835
vn -0.0241 -0.9747 -0.2220
vn 0.1714 -0.9475 -0.2698
vn -0.2371 -0.8811 -0.4091
vn -0.8612 -0.1496 0.4858
vn -0.8308 -0.2347 0.5046
vn -0.9981 0.0478 -0.0378
vn -0.9992 0.0115 -0.0382
vn -0.4819 -0.2609 0.8365
vn -0.4350 -0.3865 0.8133
vn -0.3097 -0.9422 0.1280
vn -0.2385 -0.8978 0.3702
vn -0.3631 -0.9260 -0.1038
vn 0.8680 -0.0127 -0.4965
vn 0.8306 0.1430 -0.5383
vn 0.3028 -0.9157 -0.2643
vn -0.0479 -0.2832 0.9579
vn -0.0603 -0.4041 0.9127
vn -0.0626 -0.8769 0.4765
vn -0.7835 0.1371 -0.6061
vn -0.7551 0.3115 -0.5769
vn -0.3810 -0.8455 -0.3741
vn 0.8717 -0.2355 0.4298
vn 0.9972 -0.0743 -0.0033
vn 0.9915 -0.1235 -0.0413
vn 0.9044 -0.0986 0.4150
vn -0.6227 -0.7805 0.0553
vn -0.1963 -0.9776 -0.0760
vn -0.4364 -0.6734 -0.5968
vn -0.9354 0.1137 -0.3348
vn -0.9943 0.0295 0.1025
vn -0.9943 0.0960 0.0468
vn -0.0391 0.0937 0.9948
vn -0.4804 0.2547 0.8392
vn -0.4416 -0.1744 0.8801
vn -0.0462 -0.2724 0.9611
vn 0.4478 -0.3403 0.8268
vn 0.5015 -0.0528 0.8635
vn 0.8059 -0.2736 -0.5251
vn 0.8832 0.0456 -0.4668
vn 0.4447 0.0476 -0.8944
vn 0.2781 -0.6168 -0.7363
vn -0.8220 0.2474 0.5129
vn -0.7931 -0.1455 0.5914
vn -0.0290 -0.9228 -0.3843
vn -0.0091 -0.1879 -0.9821
vn 0.6629 -0.5744 0.4802
vn 0.1707 -0.3658 0.9149
vn 0.2419 -0.9701 -0.0184
vn -0.0586 -0.7154 -0.6963
vn 0.2622 -0.6737 -0.6909
vn -0.4434 -0.6532 -0.6138
vn -0.8748 -0.2900 -0.3881
vn -0.9886 0.1503 -0.0096
vn -0.1308 0.2217 0.9663
vn -0.5754 0.3904 0.7187
vn -0.8446 0.3926 0.3640
vn 0.5258 -0.6800 -0.5109
vn 0.9744 -0.1717 -0.1451
vn -0.1648 0.4510 -0.8772
vn -0.2759 0.4615 -0.8432
vn -0.5766 0.1589 0.8014
vn -0.1922 -0.1221 0.9737
vn -0.5041 0.0748 0.8604
vn -0.4421 0.0545 0.8953
vn -0.4757 0.1345 0.8692
vn -0.8697 0.3840 -0.3102
vn -0.6972 0.4332 -0.5712
vn -0.9530 0.3027 -0.0137
vn -0.4369 0.3467 0.8300
vn -0.2683 -0.0886 0.9593
vn -0.3556 -0.0459 0.9335
vn -0.3866 -0.0537 0.9207
vn -0.9378 0.2143 0.2732
vn -0.7817 0.1648 0.6014
vn -0.4386 0.4593 -0.7724
vn -0.2933 0.2239 0.9294
vn -0.3807 0.2695 0.8846
vn -0.3139 0.1759 0.9330
vn -0.2293 0.1367 0.9637
vn -0.2097 0.0933 0.9733
vn -0.3103 0.1055 0.9448
vn -0.2894 0.0282 0.9568
vn -0.2021 0.0089 0.9793
vn -0.2093 0.0884 0.9738
vn -0.3129 0.0822 0.9462
vn -0.2045 0.1007 0.9737
vn -0.3000 0.0957 0.9491
vn 0.2573 -0.0991 -0.9612
vn 0.7289 -0.2160 -0.6497
vn 0.6113 -0.4397 -0.6580
vn 0.2007 -0.4211 -0.8845
vn -0.2620 -0.3400 -0.9032
vn -0.3219 -0.0971 -0.9418
vn 0.2427 0.8085 -0.5360
vn -0.3245 0.7817 -0.5326
vn -0.2761 0.9039 -0.3266
vn 0.1808 0.9510 -0.2510
vn 0.5887 0.8039 -0.0846
vn 0.7073 0.6631 -0.2449
vn 0.0451 0.9653 0.2572
vn -0.4534 0.8894 -0.0579
vn -0.1994 0.8811 0.4289
vn -0.0201 0.8691 0.4943
vn 0.1542 0.8166 0.5562
vn 0.5997 0.7617 0.2455
vn 0.0867 -0.7771 -0.6234
vn 0.6433 -0.6106 -0.4619
vn 0.2785 -0.7105 -0.6463
vn 0.1109 -0.7041 -0.7014
vn -0.0695 -0.6650 -0.7436
vn -0.4231 -0.4910 -0.7615
vn -0.6561 -0.1835 -0.7320
vn -0.7235 -0.1916 -0.6632
vn -0.7234 -0.1921 -0.6631
vn -0.6774 0.6735 -0.2957
vn -0.7973 0.5994 -0.0710
vn -0.7917 0.6048 -0.0864
vn 0.8605 0.4867 0.1504
vn 0.8303 0.3563 0.4286
vn 0.8213 0.3369 0.4604
vn 0.8810 -0.3659 -0.2999
vn 0.8839 -0.4306 -0.1825
vn 0.8836 -0.4326 -0.1791
vn 0.6621 0.0266 0.7490
vn 0.4190 0.3637 0.8319
vn 0.2862 -0.0059 0.9582
vn 0.5312 -0.2731 0.8020
vn 0.8698 -0.4816 -0.1068
vn 0.8127 -0.5823 0.0217
vn 0.7823 -0.6218 0.0373
vn 0.8522 -0.5210 -0.0474
vn -0.7399 -0.1142 -0.6630
vn -0.7449 -0.0929 -0.6606
vn -0.8000 0.0110 -0.5999
vn -0.7810 -0.0129 -0.6244
vn -0.8823 0.4390 0.1698
vn -0.9148 0.2687 0.3015
vn -0.6750 0.3531 0.6478
vn -0.6173 0.6329 0.4673
vn 0.1851 -0.4258 -0.8857
vn 0.3313 -0.4836 -0.8102
vn 0.3581 -0.3156 -0.8787
vn 0.1937 -0.2609 -0.9457
vn 0.0048 -0.1881 -0.9821
vn 0.0066 -0.3939 -0.9191
vn -0.1004 0.6361 0.7650
vn -0.1739 0.2887 0.9415
vn -0.1089 0.2063 0.9724
vn -0.3808 0.2859 0.8794
vn -0.0585 0.1899 0.9801
vn 0.1907 0.1015 0.9764
vn -0.1966 0.1427 0.9700
vn 0.2856 -0.1747 0.9423
vn -0.7214 0.2432 0.6484
vn -0.0468 -0.5239 -0.8505
vn 0.2523 -0.5629 -0.7870
vn -0.0398 -0.5254 -0.8499
vn -0.3588 -0.4282 -0.8294
vn 0.1269 -0.2180 -0.9677
vn -0.0365 -0.1414 -0.9893
vn 0.3564 -0.3164 -0.8792
vn -0.9864 -0.1541 0.0565
vn -0.9236 -0.2806 -0.2610
vn -0.9847 -0.1739 0.0102
vn -0.9520 -0.0407 0.3033
vn -0.9212 0.2232 0.3186
vn -0.8232 0.0426 -0.5662
vn 0.7353 -0.5901 0.3334
vn 0.6790 -0.4625 0.5701
vn 0.7420 -0.6249 0.2430
vn 0.7172 -0.6948 -0.0537
vn 0.7622 -0.6456 0.0470
vn 0.5165 -0.3626 0.7757
vn 0.9851 0.0962 0.1429
vn 0.9936 0.0817 -0.0784
vn 0.6950 0.1673 -0.6993
vn 0.7815 0.1369 -0.6087
vn 0.8973 0.1080 0.4280
vn -0.5750 0.7641 -0.2925
vn -0.5318 0.7378 -0.4156
vn -0.6337 0.7736 -0.0032
vn -0.1801 0.5450 -0.8188
vn -0.1687 0.5393 -0.8251
vn 0.2926 0.3100 -0.9046
vn 0.2610 0.3238 -0.9094
vn 0.0147 0.5286 0.8488
vn -0.0066 0.5388 0.8424
vn 0.2317 0.4061 0.8840
vn -0.2245 0.6243 0.7482
vn -0.2573 -0.0991 -0.9612
vn -0.2007 -0.4211 -0.8845
vn -0.6113 -0.4397 -0.6580
vn -0.7289 -0.2160 -0.6497
vn 0.3219 -0.0971 -0.9418
vn 0.2620 -0.3400 -0.9032
vn -0.2427 0.8085 -0.5360
vn -0.1808 0.9510 -0.2510
vn 0.2761 0.9039 -0.3266
vn 0.3245 0.7817 -0.5326
vn -0.7073 0.6631 -0.2449
vn -0.5887 0.8039 -0.0846
vn -0.0451 0.9653 0.2572
vn 0.0201 0.8691 0.4943
vn 0.1994 0.8811 0.4289
vn 0.4534 0.8894 -0.0579
vn -0.5997 0.7617 0.2455
vn -0.1542 0.8166 0.5562
vn -0.0867 -0.7771 -0.6234
vn -0.1109 -0.7041 -0.7014
vn -0.2785 -0.7105 -0.6463
vn -0.6433 -0.6106 -0.4619
vn 0.4231 -0.4910 -0.7615
vn 0.0695 -0.6650 -0.7436
vn 0.6561 -0.1835 -0.7320
vn 0.7234 -0.1921 -0.6631
vn 0.7235 -0.1916 -0.6632
vn 0.6774 0.6735 -0.2957
vn 0.7917 0.6048 -0.0864
vn 0.7973 0.5994 -0.0710
vn -0.8605 0.4867 0.1504
vn -0.8213 0.3369 0.4604
vn -0.8303 0.3563 0.4286
vn -0.8810 -0.3659 -0.2999
vn -0.8836 -0.4326 -0.1791
vn -0.8839 -0.4306 -0.1825
vn -0.6621 0.0266 0.7490
vn -0.5312 -0.2731 0.8020
vn -0.2862 -0.0059 0.9582
vn -0.4190 0.3637 0.8319
vn -0.8698 -0.4816 -0.1068
vn -0.8522 -0.5210 -0.0474
vn -0.7823 -0.6218 0.0373
vn -0.8127 -0.5823 0.0217
vn 0.7399 -0.1142 -0.6630
vn 0.7810 -0.0129 -0.6244
vn 0.8000 0.0110 -0.5999
vn 0.7449 -0.0929 -0.6606
vn 0.8823 0.4390 0.1698
vn 0.6173 0.6329 0.4673
vn 0.6750 0.3531 0.6478
vn 0.9148 0.2687 0.3015
vn -0.1851 -0.4258 -0.8857
vn -0.1937 -0.2609 -0.9457
vn -0.3581 -0.3156 -0.8787
vn -0.3313 -0.4836 -0.8102
vn -0.0066 -0.3939 -0.9191
vn -0.0048 -0.1881 -0.9821
vn 0.1004 0.6361 0.7650
vn 0.1739 0.2887 0.9415
vn 0.1089 0.2063 0.9724
vn 0.0585 0.1899 0.9801
vn 0.3808 0.2859 0.8794
vn -0.1907 0.1015 0.9764
vn 0.1966 0.1427 0.9700
vn -0.2856 -0.1747 0.9423
vn 0.7214 0.2432 0.6484
vn 0.0468 -0.5239 -0.8505
vn 0.0398 -0.5254 -0.8499
vn -0.2523 -0.5629 -0.7870
vn 0.3588 -0.4282 -0.8294
vn -0.1269 -0.2180 -0.9677
vn 0.0365 -0.1414 -0.9893
vn -0.3564 -0.3164 -0.8792
vn 0.9864 -0.1541 0.0565
vn 0.9847 -0.1739 0.0102
vn 0.9236 -0.2806 -0.2610
vn 0.9520 -0.0407 0.3033
vn 0.9212 0.2232 0.3186
vn 0.8232 0.0426 -0.5662
vn -0.7353 -0.5901 0.3334
vn -0.7420 -0.6249 0.2430
vn -0.6790 -0.4625 0.5701
vn -0.7172 -0.6948 -0.0537
vn -0.7622 -0.6456 0.0470
vn -0.5165 -0.3626 0.7757
vn -0.9850 0.0962 0.1429
vn -0.7815 0.1369 -0.6087
vn -0.6950 0.1673 -0.6993
vn -0.9936 0.0817 -0.0784
vn -0.8973 0.1080 0.4280
vn 0.5750 0.7641 -0.2925
vn 0.6337 0.7736 -0.0032
vn 0.5319 0.7378 -0.4156
vn 0.1687 0.5393 -0.8251
vn 0.1801 0.5450 -0.8188
vn -0.2926 0.3100 -0.9046
vn -0.2610 0.3238 -0.9094
vn -0.0147 0.5286 0.8488
vn -0.2317 0.4061 0.8840
vn 0.0066 0.5388 0.8424
vn 0.2245 0.6243 0.7482
vn -0.9998 0.0208 0.0001
vn -0.6181 -0.7811 -0.0889
vn -0.5704 -0.6754 0.4674
vn -0.5390 -0.5811 -0.6097
vn -0.3922 -0.1966 -0.8986
vn -0.2428 0.2363 -0.9409
vn -0.1194 0.6323 -0.7655
vn -0.0375 0.9145 -0.4029
vn -0.0150 0.9967 0.0799
vn -0.0610 0.8383 0.5419
vn -0.1596 0.5015 0.8503
vn -0.2909 0.0813 0.9533
vn -0.4387 -0.3420 0.8310
vn -0.9032 -0.4266 -0.0476
vn -0.7970 -0.3790 0.4702
vn -0.7798 -0.2968 -0.5512
vn -0.4949 -0.0373 -0.8682
vn -0.1566 0.2832 -0.9462
vn 0.1593 0.5953 -0.7875
vn 0.3922 0.8213 -0.4143
vn 0.4724 0.8759 0.0987
vn 0.3647 0.7263 0.5826
vn 0.1182 0.4419 0.8893
vn -0.1985 0.1155 0.9733
vn -0.5280 -0.1792 0.8301
vn -0.9830 -0.1731 0.0616
vn -0.7963 -0.2494 0.5511
vn -0.8958 0.0051 -0.4444
vn -0.5735 0.2200 -0.7891
vn -0.1399 0.4253 -0.8942
vn 0.2930 0.5854 -0.7559
vn 0.6368 0.6585 -0.4011
vn 0.7926 0.6016 0.0993
vn 0.6957 0.4199 0.5828
vn 0.3969 0.1826 0.8995
vn -0.0076 -0.0404 0.9992
vn -0.4340 -0.1977 0.8790
vn -0.9842 -0.1739 0.0325
vn -0.7868 -0.3174 0.5293
vn -0.8863 0.0241 -0.4625
vn -0.5614 0.2052 -0.8017
vn -0.1163 0.3355 -0.9348
vn 0.3585 0.3976 -0.8447
vn 0.7633 0.3718 -0.5283
vn 0.9687 0.2455 -0.0360
vn 0.8816 0.0517 0.4692
vn 0.5565 -0.1409 0.8188
vn 0.1051 -0.2858 0.9525
vn -0.3779 -0.3533 0.8558
vn -0.9510 -0.3091 0.0109
vn -0.7538 -0.4161 0.5087
vn -0.8513 -0.1492 -0.5031
vn -0.5165 0.0036 -0.8563
vn -0.0675 0.1098 -0.9917
vn 0.4016 0.1500 -0.9034
vn 0.7979 0.1122 -0.5923
vn 0.9949 -0.0037 -0.1011
vn 0.8980 -0.1599 0.4099
vn 0.5657 -0.3014 0.7676
vn 0.1161 -0.3998 0.9092
vn -0.3553 -0.4427 0.8233
vn -0.5380 0.8248 -0.1741
vn -0.9534 -0.1377 -0.2684
vn -0.9699 -0.0534 0.2375
vn -0.6986 -0.0883 -0.7101
vn -0.3147 0.0708 -0.9466
vn 0.0797 0.2921 -0.9531
vn 0.4016 0.5293 -0.7474
vn 0.5820 0.7279 -0.3627
vn 0.5574 0.8208 0.1249
vn 0.3215 0.7639 0.5595
vn -0.0388 0.5890 0.8072
vn -0.4272 0.3594 0.8297
vn -0.7649 0.1295 0.6310
vn -0.9605 -0.0270 -0.2770
vn -0.9668 0.0392 0.2526
vn -0.6820 -0.0124 -0.7313
vn -0.2554 0.0781 -0.9637
vn 0.1890 0.2216 -0.9566
vn 0.5614 0.3881 -0.7309
vn 0.7815 0.5360 -0.3192
vn 0.7662 0.6125 0.1943
vn 0.5024 0.5822 0.6392
vn 0.0948 0.4672 0.8791
vn -0.3431 0.3144 0.8851
vn -0.7266 0.1623 0.6676
vn -0.9540 0.1740 -0.2441
vn -0.9413 0.1584 0.2980
vn -0.6747 0.1825 -0.7151
vn -0.2225 0.1898 -0.9563
vn 0.2624 0.2097 -0.9419
vn 0.6776 0.2397 -0.6953
vn 0.9297 0.2638 -0.2568
vn 0.9237 0.2652 0.2766
vn 0.6461 0.2391 0.7249
vn 0.2113 0.1997 0.9568
vn -0.2589 0.1661 0.9515
vn -0.6740 0.1515 0.7230
vn -0.9395 0.2828 -0.1935
vn -0.9143 0.2109 0.3457
vn -0.6690 0.3125 -0.6744
vn -0.2136 0.2967 -0.9308
vn 0.2857 0.2599 -0.9224
vn 0.7135 0.2154 -0.6667
vn 0.9628 0.1630 -0.2157
vn 0.9437 0.1083 0.3124
vn 0.6675 0.0678 0.7415
vn 0.2462 0.0555 0.9676
vn -0.2166 0.0772 0.9732
vn -0.6362 0.1327 0.7600
vn 0.2108 0.9680 -0.1363
vn 0.9124 -0.2077 -0.3527
vn 0.6284 -0.1724 -0.7585
vn 0.9854 -0.1128 0.1278
vn 0.8439 0.0715 0.5317
vn 0.5505 0.2965 0.7804
vn 0.1641 0.5301 0.8319
vn -0.2510 0.7259 0.6403
vn -0.5746 0.7954 0.1929
vn -0.6502 0.6752 -0.3485
vn -0.4782 0.4411 -0.7594
vn -0.1561 0.1907 -0.9692
vn 0.2372 -0.0252 -0.9711
vn 0.8571 -0.4435 -0.2620
vn 0.6013 -0.3336 -0.7260
vn 0.8958 -0.3587 0.2624
vn 0.7344 -0.1255 0.6670
vn 0.4497 0.1819 0.8744
vn 0.1115 0.4977 0.8602
vn -0.2144 0.7534 0.6216
vn -0.4488 0.8727 0.1924
vn -0.5122 0.8020 -0.3073
vn -0.3928 0.5702 -0.7216
vn -0.1265 0.2517 -0.9595
vn 0.2328 -0.0750 -0.9696
vn 0.9203 -0.3236 -0.2196
vn 0.7082 -0.1372 -0.6925
vn 0.8769 -0.3580 0.3209
vn 0.6301 -0.2384 0.7390
vn 0.2779 -0.0145 0.9605
vn -0.1066 0.2618 0.9592
vn -0.4500 0.5308 0.7182
vn -0.6525 0.7106 0.2634
vn -0.6308 0.7295 -0.2643
vn -0.4084 0.6002 -0.6878
vn -0.0617 0.3813 -0.9224
vn 0.3386 0.1209 -0.9331
vn 0.8838 -0.3940 -0.2523
vn 0.6604 -0.2337 -0.7136
vn 0.8475 -0.4453 0.2890
vn 0.5789 -0.3677 0.7277
vn 0.1726 -0.1998 0.9645
vn -0.2780 0.0077 0.9605
vn -0.6784 0.2112 0.7037
vn -0.9063 0.3571 0.2260
vn -0.8629 0.3919 -0.3192
vn -0.5855 0.3156 -0.7467
vn -0.1767 0.1636 -0.9706
vn 0.2699 -0.0309 -0.9624
vn 0.7816 -0.5811 -0.2267
vn 0.5448 -0.4734 -0.6921
vn 0.7615 -0.5735 0.3021
vn 0.5171 -0.4667 0.7175
vn 0.1294 -0.3168 0.9396
vn -0.3228 -0.1653 0.9319
vn -0.7375 -0.0372 0.6743
vn -0.9778 0.0405 0.2057
vn -0.9475 0.0440 -0.3168
vn -0.6888 -0.0240 -0.7245
vn -0.2973 -0.1474 -0.9433
vn 0.1444 -0.3082 -0.9403
vn -0.4595 -0.8879 0.0230
vn -0.4623 -0.8822 -0.0897
vn -0.3121 -0.9457 -0.0908
vn -0.3078 -0.9510 0.0284
vn -0.3100 -0.9396 0.1450
vn -0.4626 -0.8755 0.1397
vn -0.6311 -0.7625 0.1428
vn -0.6316 -0.7751 0.0168
vn -0.6261 -0.7733 -0.0996
vn 0.4321 0.9014 -0.0279
vn 0.4363 0.8736 -0.2158
vn 0.2468 0.9420 -0.2275
vn 0.2344 0.9718 -0.0251
vn 0.2328 0.9535 0.1912
vn 0.4383 0.8826 0.1700
vn 0.6667 0.7268 0.1651
vn 0.6695 0.7424 -0.0237
vn 0.6590 0.7250 -0.2004
vn 0.0941 0.8759 0.4732
vn 0.2577 0.8632 0.4342
vn 0.0859 0.9704 0.2258
vn -0.0000 0.9696 0.2447
vn -0.0000 0.8689 0.4949
vn -0.0000 0.7191 0.6949
vn 0.1270 0.7531 0.6455
vn 0.3206 0.7248 0.6099
vn 0.4624 0.7823 0.4174
vn 0.5027 0.6041 0.6183
vn 0.5744 0.5127 0.6381
vn 0.6364 0.6483 0.4180
vn 0.8541 0.5198 -0.0170
vn 0.8418 0.5134 0.1667
vn 0.9328 0.3182 0.1694
vn 0.9473 0.3203 -0.0110
vn 0.9276 0.3255 -0.1835
vn 0.8347 0.5170 -0.1894
vn 0.8813 0.1696 -0.4412
vn 0.8381 0.3290 -0.4353
vn 0.9697 0.1625 -0.1826
vn 0.9832 0.0089 -0.1822
vn 0.8960 -0.0074 -0.4439
vn 0.7396 -0.0280 -0.6724
vn 0.7233 0.1744 -0.6681
vn 0.6818 0.3319 -0.6520
vn 0.7568 0.4926 -0.4296
vn 0.6220 0.4699 -0.6264
vn 0.5595 0.5738 -0.5981
vn 0.6174 0.6565 -0.4335
vn 0.0933 0.9955 -0.0167
vn 0.1049 0.9670 -0.2323
vn -0.0000 0.9723 -0.2337
vn -0.0000 0.9999 -0.0118
vn 0.9889 -0.1486 -0.0008
vn 0.9746 -0.1401 0.1750
vn 0.9205 -0.3528 0.1682
vn 0.9312 -0.3644 0.0043
vn 0.9115 -0.3825 -0.1514
vn 0.9705 -0.1684 -0.1723
vn 0.9999 0.0164 -0.0046
vn 0.9843 0.0204 0.1752
vn 0.7271 -0.6049 -0.3247
vn 0.8259 -0.4127 -0.3841
vn 0.7899 -0.6007 -0.1234
vn 0.6261 -0.7733 -0.0996
vn 0.5975 -0.7526 -0.2769
vn 0.5509 -0.7131 -0.4336
vn 0.6079 -0.6088 -0.5098
vn 0.6719 -0.4450 -0.5920
vn 0.8810 -0.2068 -0.4255
vn 0.7200 -0.2492 -0.6476
vn 0.9875 0.1576 -0.0071
vn 0.9722 0.1580 0.1726
vn -0.0602 -0.0830 0.9947
vn -0.0589 -0.0749 0.9954
vn -0.0908 -0.1856 0.9784
vn -0.0934 -0.1919 0.9770
vn 0.5528 -0.1442 0.8207
vn 0.5350 -0.3563 0.7660
vn 0.5606 -0.3370 0.7564
vn 0.5778 -0.1366 0.8046
vn 0.5155 -0.5105 0.6883
vn 0.5392 -0.4982 0.6790
vn -0.0517 0.0164 0.9985
vn -0.0518 0.0213 0.9984
vn -0.2645 0.2648 0.9273
vn -0.2774 0.2752 0.9205
vn -0.1224 0.0943 0.9880
vn -0.0819 0.0426 0.9957
vn -0.2246 -0.5440 0.8085
vn -0.4064 -0.5208 0.7507
vn -0.3979 -0.5524 0.7324
vn -0.2220 -0.5774 0.7857
vn -0.5155 -0.5105 0.6883
vn -0.5068 -0.5420 0.6704
vn -0.2698 0.2745 0.9230
vn -0.2553 0.2651 0.9298
vn 0.0581 0.1004 0.9932
vn 0.0582 0.1007 0.9932
vn 0.0768 0.1690 0.9826
vn 0.0774 0.1704 0.9823
vn -0.5401 0.4250 0.7264
vn -0.5349 0.4464 0.7174
vn -0.5694 0.4586 0.6823
vn -0.5637 0.4219 0.7101
vn -0.5615 0.1496 0.8139
vn -0.5856 0.1565 0.7954
vn -0.5842 0.0195 0.8114
vn -0.5591 0.0125 0.8290
vn 0.0517 0.0164 0.9985
vn 0.0518 0.0213 0.9984
vn -0.0581 0.1004 0.9932
vn -0.0582 0.1007 0.9932
vn 0.5615 0.1496 0.8139
vn 0.5591 0.0125 0.8290
vn 0.5842 0.0195 0.8114
vn 0.5856 0.1565 0.7954
vn 0.5401 0.4250 0.7264
vn 0.5637 0.4219 0.7101
vn 0.5694 0.4586 0.6823
vn 0.5349 0.4464 0.7174
vn 0.5594 0.1764 -0.8099
vn 0.3679 0.1674 -0.9147
vn 0.3483 0.3515 -0.8690
vn 0.5257 0.3435 -0.7782
vn 0.5734 -0.0467 -0.8180
vn 0.3759 -0.0626 -0.9246
vn 0.1734 0.1528 -0.9729
vn 0.1680 0.3510 -0.9212
vn 0.1754 -0.0720 -0.9819
vn -0.0000 -0.0746 -0.9972
vn -0.0000 0.1463 -0.9892
vn -0.0000 0.3493 -0.9370
vn 0.1582 0.5259 -0.8357
vn 0.3227 0.5106 -0.7969
vn -0.0000 0.5302 -0.8479
vn -0.0000 0.6922 -0.7217
vn 0.1433 0.6854 -0.7139
vn 0.2947 0.6615 -0.6896
vn 0.4839 0.4856 -0.7280
vn 0.4477 0.6193 -0.6450
vn 0.4779 -0.6318 -0.6103
vn 0.3327 -0.6589 -0.6746
vn 0.3469 -0.4971 -0.7953
vn 0.5157 -0.4756 -0.7126
vn 0.4559 -0.7545 -0.4721
vn 0.3242 -0.7936 -0.5149
vn 0.1764 -0.6738 -0.7175
vn 0.1741 -0.5024 -0.8469
vn 0.1770 -0.8174 -0.5482
vn -0.0000 -0.8266 -0.5628
vn -0.0000 -0.6783 -0.7348
vn -0.0000 -0.5019 -0.8649
vn 0.1739 -0.2991 -0.9382
vn 0.3644 -0.2996 -0.8818
vn -0.0000 -0.2964 -0.9551
vn 0.5534 -0.2828 -0.7835
vn -0.0774 0.1704 0.9823
vn -0.0768 0.1690 0.9826
vn 0.0503 0.1279 0.9905
vn 0.0483 0.1241 0.9911
vn -0.1529 -0.1680 0.9739
vn -0.1140 -0.1158 0.9867
vn -0.5517 0.3110 0.7739
vn -0.5754 0.3076 0.7578
vn -0.0503 0.1279 0.9905
vn -0.0483 0.1241 0.9911
vn 0.5517 0.3110 0.7739
vn 0.5754 0.3076 0.7578
vn 0.1140 -0.1158 0.9867
vn 0.1529 -0.1680 0.9739
vn 0.1632 0.2256 0.9604
vn 0.1516 0.2223 0.9631
vn -0.0000 0.2063 0.9785
vn 0.2246 -0.5440 0.8085
vn -0.0000 -0.5549 0.8319
vn -0.0000 -0.5895 0.8077
vn 0.2220 -0.5774 0.7857
vn 0.2698 0.2745 0.9230
vn 0.2553 0.2651 0.9298
vn -0.4826 -0.4439 0.7550
vn -0.4946 -0.4168 0.7627
vn -0.5114 -0.3763 0.7726
vn -0.2466 0.4306 0.8682
vn -0.0000 0.4309 0.9024
vn -0.0000 0.4678 0.8838
vn -0.2742 0.4597 0.8447
vn -0.5528 -0.1442 0.8207
vn -0.5778 -0.1366 0.8046
vn 0.1602 -0.9866 0.0322
vn 0.1641 -0.9818 -0.0960
vn 0.3121 -0.9457 -0.0908
vn 0.3078 -0.9510 0.0284
vn 0.3100 -0.9396 0.1450
vn 0.1620 -0.9748 0.1532
vn -0.0000 -0.9876 0.1572
vn -0.0000 -0.9994 0.0335
vn -0.0000 -0.9951 -0.0988
vn 0.4797 -0.8160 0.3224
vn 0.3297 -0.8927 0.3073
vn 0.4626 -0.8755 0.1397
vn 0.6311 -0.7625 0.1428
vn 0.6099 -0.7152 0.3415
vn 0.5488 -0.6019 0.5801
vn 0.5033 -0.6592 0.5587
vn 0.3734 -0.7681 0.5202
vn 0.1739 -0.9350 0.3090
vn 0.1994 -0.8411 0.5028
vn -0.0000 -0.8651 0.5017
vn -0.0000 -0.9499 0.3126
vn 0.8055 -0.5925 0.0102
vn 0.7993 -0.5807 0.1545
vn 0.6316 -0.7751 0.0168
vn 0.4591 -0.8448 -0.2750
vn 0.4623 -0.8822 -0.0897
vn 0.3189 -0.9009 -0.2945
vn 0.1719 -0.9337 -0.3142
vn -0.0000 -0.9462 -0.3237
vn 0.7427 -0.5630 0.3625
vn 0.8541 -0.3504 0.3845
vn 0.7146 -0.3581 0.6009
vn 0.6090 -0.5306 0.5896
vn 0.9074 -0.1398 0.3964
vn 0.9167 0.0225 0.3990
vn 0.7945 0.0227 0.6068
vn 0.7816 -0.1458 0.6064
vn 0.9026 0.1624 0.3987
vn 0.8570 0.3190 0.4047
vn 0.7155 0.3214 0.6203
vn 0.7759 0.1677 0.6082
vn 0.7673 0.4875 0.4166
vn 0.6278 0.4446 0.6389
vn 0.4382 0.7709 -0.4623
vn 0.2688 0.8295 -0.4895
vn 0.1236 0.8557 -0.5024
vn -0.0000 0.8620 -0.5069
vn -0.4624 0.7823 0.4174
vn -0.2577 0.8632 0.4342
vn -0.2328 0.9535 0.1912
vn -0.4383 0.8826 0.1700
vn -0.6667 0.7268 0.1651
vn -0.6364 0.6483 0.4180
vn -0.5744 0.5127 0.6381
vn -0.5027 0.6041 0.6183
vn -0.3206 0.7248 0.6099
vn -0.0941 0.8759 0.4732
vn -0.0859 0.9704 0.2258
vn -0.1270 0.7531 0.6455
vn -0.4321 0.9014 -0.0279
vn -0.2344 0.9718 -0.0251
vn -0.2468 0.9420 -0.2275
vn -0.4363 0.8736 -0.2158
vn -0.6590 0.7250 -0.2004
vn -0.6695 0.7424 -0.0237
vn -0.8541 0.5198 -0.0170
vn -0.9473 0.3203 -0.0110
vn -0.9328 0.3182 0.1694
vn -0.8418 0.5134 0.1667
vn -0.8347 0.5170 -0.1894
vn -0.9276 0.3255 -0.1835
vn -0.0933 0.9955 -0.0167
vn -0.1049 0.9670 -0.2323
vn -0.7568 0.4926 -0.4296
vn -0.8381 0.3290 -0.4353
vn -0.6174 0.6565 -0.4335
vn -0.5595 0.5738 -0.5981
vn -0.6219 0.4699 -0.6264
vn -0.6818 0.3319 -0.6520
vn -0.8813 0.1696 -0.4412
vn -0.9697 0.1625 -0.1826
vn -0.7233 0.1744 -0.6681
vn -0.7396 -0.0280 -0.6724
vn -0.8960 -0.0074 -0.4439
vn -0.9832 0.0089 -0.1822
vn -0.9889 -0.1486 -0.0008
vn -0.9312 -0.3644 0.0043
vn -0.9205 -0.3528 0.1682
vn -0.9746 -0.1401 0.1750
vn -0.9843 0.0204 0.1752
vn -0.9999 0.0164 -0.0046
vn -0.9705 -0.1684 -0.1723
vn -0.9115 -0.3825 -0.1514
vn -0.9875 0.1576 -0.0071
vn -0.9722 0.1580 0.1726
vn -0.8810 -0.2068 -0.4255
vn -0.8259 -0.4127 -0.3841
vn -0.7200 -0.2492 -0.6476
vn -0.6719 -0.4450 -0.5920
vn -0.7271 -0.6049 -0.3247
vn -0.7899 -0.6007 -0.1234
vn -0.6079 -0.6088 -0.5098
vn -0.5509 -0.7131 -0.4336
vn -0.5975 -0.7526 -0.2769
vn -0.4349 -0.4674 0.7696
vn -0.4479 -0.4732 0.7586
vn 0.4826 -0.4439 0.7550
vn 0.4946 -0.4167 0.7627
vn 0.4479 -0.4732 0.7586
vn 0.4349 -0.4674 0.7696
vn 0.2466 0.4306 0.8682
vn 0.2742 0.4597 0.8447
vn 0.5114 -0.3763 0.7726
vn 0.2645 0.2648 0.9273
vn 0.2774 0.2752 0.9205
vn 0.4064 -0.5208 0.7507
vn 0.3979 -0.5524 0.7324
vn 0.5068 -0.5420 0.6704
vn 0.0819 0.0426 0.9957
vn 0.1224 0.0943 0.9880
vn 0.0774 -0.1794 0.9807
vn 0.0744 -0.1742 0.9819
vn 0.0908 -0.1856 0.9784
vn 0.0934 -0.1919 0.9770
vn -0.5392 -0.4982 0.6790
vn -0.5419 -0.5540 0.6320
vn -0.3283 -0.3796 0.8649
vn -0.3629 -0.4107 0.8365
vn -0.4326 0.4253 0.7950
vn -0.4385 0.4469 0.7797
vn -0.5594 0.1764 -0.8099
vn -0.5257 0.3435 -0.7782
vn -0.3483 0.3515 -0.8690
vn -0.3679 0.1674 -0.9147
vn -0.3759 -0.0626 -0.9246
vn -0.5734 -0.0467 -0.8180
vn -0.4839 0.4856 -0.7280
vn -0.3227 0.5106 -0.7969
vn -0.4477 0.6193 -0.6450
vn -0.2947 0.6615 -0.6896
vn -0.1582 0.5259 -0.8357
vn -0.1680 0.3510 -0.9212
vn -0.1433 0.6854 -0.7139
vn -0.1734 0.1528 -0.9729
vn -0.1754 -0.0720 -0.9819
vn -0.4779 -0.6318 -0.6103
vn -0.5157 -0.4756 -0.7126
vn -0.3469 -0.4971 -0.7953
vn -0.3327 -0.6589 -0.6746
vn -0.3242 -0.7936 -0.5149
vn -0.4559 -0.7545 -0.4721
vn -0.5534 -0.2828 -0.7835
vn -0.3644 -0.2996 -0.8818
vn -0.1739 -0.2991 -0.9382
vn -0.1741 -0.5024 -0.8469
vn -0.1764 -0.6738 -0.7175
vn -0.1770 -0.8174 -0.5482
vn 0.3283 -0.3796 0.8649
vn 0.3629 -0.4107 0.8365
vn 0.4326 0.4253 0.7950
vn 0.4385 0.4469 0.7797
vn 0.0602 -0.0830 0.9947
vn 0.0589 -0.0749 0.9954
vn -0.5350 -0.3563 0.7660
vn -0.5606 -0.3370 0.7564
vn -0.0774 -0.1794 0.9807
vn -0.0744 -0.1742 0.9819
vn 0.5419 -0.5540 0.6320
vn -0.1632 0.2256 0.9604
vn -0.1516 0.2223 0.9631
vn -0.1602 -0.9866 0.0322
vn -0.1641 -0.9818 -0.0960
vn -0.1620 -0.9748 0.1532
vn -0.8055 -0.5925 0.0102
vn -0.7993 -0.5807 0.1545
vn -0.1739 -0.9350 0.3090
vn -0.3297 -0.8927 0.3073
vn -0.1994 -0.8411 0.5028
vn -0.3734 -0.7681 0.5202
vn -0.4797 -0.8160 0.3224
vn -0.5033 -0.6592 0.5587
vn -0.5488 -0.6019 0.5801
vn -0.6099 -0.7152 0.3415
vn -0.4591 -0.8448 -0.2750
vn -0.3189 -0.9009 -0.2945
vn -0.1719 -0.9337 -0.3142
vn -0.7427 -0.5630 0.3625
vn -0.8541 -0.3504 0.3845
vn -0.6090 -0.5306 0.5896
vn -0.7146 -0.3581 0.6009
vn -0.9074 -0.1398 0.3964
vn -0.7816 -0.1458 0.6064
vn -0.7945 0.0227 0.6068
vn -0.9167 0.0225 0.3990
vn -0.9026 0.1624 0.3987
vn -0.8570 0.3190 0.4047
vn -0.7759 0.1677 0.6082
vn -0.7155 0.3214 0.6203
vn -0.7673 0.4875 0.4166
vn -0.6278 0.4446 0.6389
vn -0.4382 0.7709 -0.4623
vn -0.2688 0.8295 -0.4895
vn -0.1236 0.8557 -0.5024
vn 0.4239 -0.3669 0.8280
vn 0.2326 -0.3817 0.8945
vn -0.0000 -0.3885 0.9215
vn 0.4375 -0.1499 0.8866
vn 0.4432 0.0004 0.8964
vn 0.2385 -0.1558 0.9586
vn 0.2417 -0.0092 0.9703
vn -0.0000 -0.0131 0.9999
vn -0.0000 -0.1585 0.9874
vn 0.2476 0.1144 0.9621
vn 0.4480 0.1316 0.8843
vn 0.4437 0.3034 0.8433
vn 0.2504 0.2925 0.9229
vn -0.0000 0.2855 0.9584
vn -0.0000 0.1066 0.9943
vn -0.2326 -0.3817 0.8945
vn -0.4239 -0.3669 0.8280
vn -0.2385 -0.1558 0.9586
vn -0.4375 -0.1499 0.8866
vn -0.2417 -0.0092 0.9703
vn -0.4432 0.0004 0.8964
vn -0.2476 0.1144 0.9621
vn -0.2504 0.2925 0.9229
vn -0.4437 0.3034 0.8433
vn -0.4480 0.1316 0.8843
vn -0.2002 -0.7715 0.6039
vn -0.3714 -0.6855 0.6262
vn -0.0000 -0.8002 0.5998
vn 0.5069 -0.4964 0.7047
vn 0.5054 -0.4846 0.7140
vn 0.6230 -0.3488 0.7001
vn -0.6997 -0.1418 0.7002
vn -0.7157 0.0241 0.6980
vn -0.6230 -0.3488 0.7001
vn 0.5104 0.5143 0.6892
vn 0.5380 0.4190 0.7314
vn 0.3095 0.6731 0.6717
vn -0.5104 0.5143 0.6892
vn -0.3095 0.6731 0.6717
vn -0.5380 0.4190 0.7314
vn -0.5069 -0.4964 0.7047
vn -0.5054 -0.4846 0.7140
vn 0.4982 -0.5482 0.6718
vn 0.3714 -0.6855 0.6262
vn 0.1122 0.6638 0.7395
vn -0.0000 0.6357 0.7719
vn -0.1122 0.6638 0.7395
vn 0.2002 -0.7715 0.6039
vn 0.5371 0.4176 0.7328
vn 0.6289 0.3139 0.7113
vn -0.5371 0.4176 0.7328
vn -0.6289 0.3139 0.7113
vn 0.6949 0.1665 0.6996
vn 0.7157 0.0241 0.6980
vn -0.6949 0.1665 0.6996
vn -0.4982 -0.5482 0.6718
vn 0.6997 -0.1418 0.7002
vn 0.4595 -0.8879 0.0230
vn -0.4619 0.0976 0.8815
vn -0.7207 0.1128 0.6840
vn -0.7340 -0.0907 0.6731
vn -0.4546 -0.1079 0.8842
vn -0.7444 -0.2533 0.6179
vn -0.4444 -0.2955 0.8457
vn -0.9282 0.0999 0.3584
vn -0.9303 -0.0765 0.3588
vn -0.8973 -0.1982 0.3944
vn -0.0906 -0.1103 0.9898
vn -0.0802 0.0666 0.9946
vn 0.2675 -0.1192 0.9561
vn 0.3224 0.0316 0.9461
vn -0.0829 -0.2736 0.9582
vn 0.1779 -0.2329 0.9561
vn -0.0695 0.2411 0.9680
vn -0.4513 0.2816 0.8467
vn -0.0490 0.3790 0.9241
vn -0.4102 0.4255 0.8066
vn 0.2833 0.1894 0.9401
vn 0.2029 0.3097 0.9289
vn -0.6883 0.2702 0.6733
vn -0.8826 0.2458 0.4008
vn -0.6446 0.4053 0.6482
vn -0.8076 0.3509 0.4740
vn -0.1226 0.9521 0.2800
vn -0.2617 0.7966 0.5448
vn 0.1986 0.6434 0.7393
vn 0.3787 0.7701 0.5134
vn 0.4700 0.3887 0.7925
vn 0.6622 0.4386 0.6076
vn -0.5560 0.8306 0.0307
vn -0.6366 0.7008 0.3218
vn -0.8263 0.5444 -0.1442
vn -0.8675 0.4837 0.1164
vn -0.2348 -0.8905 0.3896
vn -0.3457 -0.7004 0.6245
vn -0.7552 -0.5569 0.3458
vn -0.6915 -0.7149 0.1039
vn -0.9424 -0.3134 0.1172
vn -0.9116 -0.3946 -0.1153
vn 0.2746 -0.7539 0.5968
vn 0.1253 -0.5889 0.7984
vn 0.6011 -0.4557 0.6565
vn 0.4286 -0.3643 0.8268
vn 0.7900 -0.0204 0.6127
vn 0.6444 -0.0020 0.7647
vn 0.5802 -0.1775 0.7949
vn 0.7476 -0.1985 0.6338
vn 0.7723 0.1630 0.6140
vn 0.5997 0.1840 0.7788
vn -0.9587 0.0502 -0.2799
vn -0.9949 0.0693 -0.0729
vn -0.9746 0.2197 -0.0438
vn -0.9413 0.2093 -0.2649
vn -0.9624 -0.1294 -0.2387
vn -0.9930 -0.1153 -0.0236
vn 0.4619 0.0976 0.8815
vn 0.4546 -0.1079 0.8842
vn 0.7340 -0.0907 0.6731
vn 0.7207 0.1128 0.6840
vn 0.4444 -0.2955 0.8457
vn 0.7444 -0.2533 0.6179
vn 0.9303 -0.0765 0.3588
vn 0.9282 0.0999 0.3584
vn 0.8973 -0.1982 0.3944
vn 0.0802 0.0666 0.9946
vn 0.0906 -0.1103 0.9898
vn -0.3224 0.0316 0.9461
vn -0.2675 -0.1192 0.9561
vn 0.0829 -0.2736 0.9582
vn -0.1779 -0.2329 0.9561
vn 0.4513 0.2816 0.8467
vn 0.0695 0.2411 0.9680
vn 0.4102 0.4255 0.8066
vn 0.0490 0.3790 0.9241
vn -0.2833 0.1894 0.9401
vn -0.2029 0.3097 0.9289
vn 0.6883 0.2702 0.6733
vn 0.8826 0.2458 0.4008
vn 0.6446 0.4053 0.6482
vn 0.8076 0.3509 0.4740
vn 0.1226 0.9521 0.2800
vn -0.3787 0.7701 0.5134
vn -0.1986 0.6434 0.7393
vn 0.2617 0.7966 0.5448
vn -0.6622 0.4386 0.6076
vn -0.4700 0.3887 0.7925
vn 0.6366 0.7008 0.3218
vn 0.5560 0.8306 0.0307
vn 0.8675 0.4837 0.1164
vn 0.8263 0.5444 -0.1442
vn 0.2348 -0.8905 0.3896
vn 0.6915 -0.7149 0.1039
vn 0.7552 -0.5569 0.3458
vn 0.3457 -0.7004 0.6245
vn 0.9116 -0.3946 -0.1153
vn 0.9424 -0.3134 0.1172
vn -0.1253 -0.5889 0.7984
vn -0.2746 -0.7539 0.5968
vn -0.4286 -0.3643 0.8268
vn -0.6011 -0.4557 0.6565
vn -0.7900 -0.0204 0.6127
vn -0.7476 -0.1985 0.6338
vn -0.5802 -0.1775 0.7949
vn -0.6444 -0.0020 0.7647
vn -0.5997 0.1840 0.7788
vn -0.7723 0.1630 0.6140
vn 0.9587 0.0502 -0.2799
vn 0.9413 0.2093 -0.2649
vn 0.9746 0.2197 -0.0438
vn 0.9949 0.0693 -0.0729
vn 0.9930 -0.1153 -0.0236
vn 0.9624 -0.1294 -0.2387
vt 0.847416 0.608830
vt 0.862798 0.607967
vt 0.860406 0.637459
vt 0.844422 0.636542
vt 0.241429 0.808227
vt 0.255969 0.849435
vt 0.241498 0.854438
vt 0.229789 0.810835
vt 0.831741 0.636386
vt 0.834820 0.610180
vt 0.270321 0.868574
vt 0.255426 0.871777
vt 0.628733 0.543905
vt 0.631254 0.609028
vt 0.618046 0.612943
vt 0.618552 0.537150
vt 0.240795 0.872052
vt 0.229297 0.856043
vt 0.640913 0.627432
vt 0.628291 0.627014
vt 0.756104 0.738734
vt 0.733518 0.813012
vt 0.718167 0.811336
vt 0.744497 0.735215
vt 0.615489 0.629923
vt 0.606860 0.616151
vt 0.736698 0.837271
vt 0.719374 0.838809
vt 0.776928 0.743358
vt 0.759384 0.820351
vt 0.747806 0.818222
vt 0.767673 0.741629
vt 0.703647 0.835281
vt 0.705867 0.808592
vt 0.909387 0.146173
vt 0.912580 0.166345
vt 0.886562 0.165910
vt 0.884269 0.144887
vt 0.658413 0.755789
vt 0.663257 0.733652
vt 0.685425 0.733499
vt 0.681954 0.756583
vt 0.634311 0.738319
vt 0.645656 0.728335
vt 0.647898 0.768522
vt 0.625827 0.754391
vt 0.870921 0.500941
vt 0.899780 0.487824
vt 0.904496 0.496179
vt 0.900039 0.500136
vt 0.588317 0.562467
vt 0.580624 0.561412
vt 0.589782 0.545205
vt 0.596649 0.548096
vt 0.583785 0.579041
vt 0.575939 0.579687
vt 0.895297 0.858082
vt 0.914728 0.862075
vt 0.910363 0.877111
vt 0.887528 0.875964
vt 0.657900 0.702492
vt 0.679314 0.701009
vt 0.649309 0.678333
vt 0.647410 0.672971
vt 0.667042 0.670687
vt 0.667014 0.676349
vt 0.632456 0.681576
vt 0.628749 0.676660
vt 0.637491 0.705430
vt 0.734984 0.475130
vt 0.735461 0.494927
vt 0.709800 0.486963
vt 0.710376 0.467096
vt 0.583707 0.698350
vt 0.577316 0.700449
vt 0.575939 0.678870
vt 0.582834 0.678925
vt 0.589842 0.713793
vt 0.584498 0.717554
vt 0.719820 0.453310
vt 0.738322 0.455377
vt 0.119515 0.917460
vt 0.121777 0.895864
vt 0.150810 0.901500
vt 0.147300 0.923328
vt 0.603938 0.625623
vt 0.598541 0.631265
vt 0.589742 0.615997
vt 0.596366 0.611723
vt 0.604215 0.636243
vt 0.589902 0.643950
vt 0.583595 0.639999
vt 0.599296 0.631265
vt 0.136400 0.937789
vt 0.115065 0.937603
vt 0.706893 0.894791
vt 0.726603 0.896086
vt 0.273719 0.923227
vt 0.254679 0.924721
vt 0.235884 0.922554
vt 0.855284 0.704127
vt 0.835202 0.699258
vt 0.817120 0.692932
vt 0.803654 0.687099
vt 0.822633 0.631338
vt 0.282728 0.866074
vt 0.290940 0.917802
vt 0.763487 0.832066
vt 0.781707 0.877192
vt 0.768596 0.885986
vt 0.752420 0.835467
vt 0.748786 0.893138
vt 0.888036 0.704130
vt 0.874672 0.705468
vt 0.876104 0.641288
vt 0.888036 0.644536
vt 0.112562 0.953551
vt 0.142086 0.950397
vt 0.583854 0.659466
vt 0.576959 0.657291
vt 0.867540 0.238905
vt 0.866152 0.219552
vt 0.889838 0.217595
vt 0.890685 0.237864
vt 0.622451 0.714919
vt 0.619639 0.688528
vt 0.614531 0.683961
vt 0.603938 0.537415
vt 0.598168 0.533122
vt 0.616718 0.751077
vt 0.606860 0.743270
vt 0.614808 0.736111
vt 0.624828 0.737666
vt 0.942610 0.880213
vt 0.954207 0.901458
vt 0.929863 0.912834
vt 0.920054 0.892380
vt 0.859083 0.150082
vt 0.860130 0.170420
vt 0.936559 0.848730
vt 0.958033 0.864828
vt 0.260506 0.795912
vt 0.282462 0.842235
vt 0.271201 0.846800
vt 0.252576 0.803311
vt 0.292555 0.861049
vt 0.644284 0.556452
vt 0.658823 0.608585
vt 0.646845 0.608971
vt 0.637772 0.551269
vt 0.863084 0.195150
vt 0.851804 0.219184
vt 0.844050 0.202800
vt 0.888441 0.191878
vt 0.958033 0.921603
vt 0.934490 0.931121
vt 0.219500 0.916925
vt 0.228074 0.866125
vt 0.658593 0.622730
vt 0.684830 0.666923
vt 0.891314 0.896212
vt 0.588088 0.595791
vt 0.580607 0.598333
vt 0.899622 0.916392
vt 0.742705 0.437413
vt 0.716167 0.438808
vt 0.604215 0.721417
vt 0.600518 0.725808
vt 0.682643 0.672940
vt 0.697370 0.695887
vt 0.703647 0.726892
vt 0.913388 0.191242
vt 0.913237 0.215893
vt 0.932082 0.195960
vt 0.926716 0.213363
vt 0.932082 0.172911
vt 0.669424 0.621843
vt 0.886732 0.617378
vt 0.876668 0.612294
vt 0.877383 0.537172
vt 0.885595 0.534667
vt 0.770300 0.445599
vt 0.765679 0.460515
vt 0.117718 0.875559
vt 0.090285 0.897336
vt 0.087808 0.880113
vt 0.083986 0.868708
vt 0.111838 0.862322
vt 0.619890 0.720925
vt 0.611097 0.717224
vt 0.844050 0.269341
vt 0.847245 0.241358
vt 0.861376 0.238905
vt 0.861376 0.265423
vt 0.742524 0.513024
vt 0.765067 0.494314
vt 0.770300 0.509704
vt 0.083986 0.945855
vt 0.086653 0.932839
vt 0.089301 0.915810
vt 0.763743 0.477353
vt 0.896602 0.520418
vt 0.868025 0.518748
vt 0.911838 0.853490
vt 0.910540 0.844464
vt 0.918959 0.834440
vt 0.929622 0.841355
vt 0.897964 0.475520
vt 0.920041 0.473742
vt 0.916618 0.486938
vt 0.895616 0.463866
vt 0.913692 0.462665
vt 0.870026 0.480922
vt 0.918400 0.495806
vt 0.864855 0.462665
vt 0.898789 0.853568
vt 0.866974 0.541395
vt 0.734796 0.732705
vt 0.608148 0.534311
vt 0.219500 0.809253
vt 0.848592 0.552884
vt 0.856668 0.547147
vt 0.200275 0.853069
vt 0.200328 0.841352
vt 0.215860 0.840500
vt 0.215467 0.852128
vt 0.638742 0.531150
vt 0.648147 0.538614
vt 0.739551 0.718366
vt 0.749340 0.720889
vt 0.627205 0.524024
vt 0.613994 0.520418
vt 0.200105 0.829467
vt 0.215873 0.828675
vt 0.872057 0.523055
vt 0.880776 0.520417
vt 0.772522 0.727306
vt 0.781707 0.729005
vt 0.199224 0.819499
vt 0.215147 0.818748
vt 0.860797 0.527489
vt 0.849354 0.533516
vt 0.760970 0.724418
vt 0.840527 0.539436
vt 0.199224 0.861947
vt 0.214076 0.860918
vt 0.654574 0.543773
vt 0.844172 0.795073
vt 0.846753 0.823001
vt 0.830831 0.823682
vt 0.828797 0.794069
vt 0.374062 0.788542
vt 0.385532 0.789863
vt 0.373393 0.834353
vt 0.358922 0.830961
vt 0.856901 0.796361
vt 0.859509 0.822872
vt 0.360515 0.853080
vt 0.344716 0.851496
vt 0.703171 0.027044
vt 0.712770 0.019487
vt 0.719372 0.095025
vt 0.705890 0.092177
vt 0.384496 0.834597
vt 0.374618 0.851754
vt 0.710285 0.109870
vt 0.697756 0.111317
vt 0.911676 0.688079
vt 0.899665 0.686284
vt 0.901293 0.644342
vt 0.916180 0.647947
vt 0.730815 0.097364
vt 0.723280 0.111747
vt 0.749274 0.553006
vt 0.747856 0.569592
vt 0.731988 0.574593
vt 0.734138 0.556296
vt 0.722938 0.015849
vt 0.728696 0.013696
vt 0.739426 0.094166
vt 0.763086 0.554240
vt 0.764525 0.568368
vt 0.713937 0.701375
vt 0.732806 0.695631
vt 0.748752 0.713122
vt 0.728454 0.718366
vt 0.690403 0.240475
vt 0.667078 0.243230
vt 0.661678 0.220405
vt 0.683720 0.218713
vt 0.700842 0.212009
vt 0.713001 0.221104
vt 0.703647 0.673200
vt 0.721332 0.671390
vt 0.741388 0.615481
vt 0.737613 0.633031
vt 0.733044 0.635418
vt 0.724714 0.631606
vt 0.724112 0.623147
vt 0.721849 0.616048
vt 0.741248 0.607660
vt 0.760811 0.604332
vt 0.759170 0.612177
vt 0.757682 0.628627
vt 0.756468 0.650643
vt 0.740103 0.652195
vt 0.686574 0.187235
vt 0.665178 0.187539
vt 0.693310 0.162573
vt 0.675561 0.162071
vt 0.675058 0.156408
vt 0.694746 0.157049
vt 0.713634 0.159222
vt 0.710360 0.164447
vt 0.707145 0.188522
vt 0.498232 0.879346
vt 0.525153 0.878300
vt 0.530018 0.901788
vt 0.501805 0.902370
vt 0.299957 0.826641
vt 0.299834 0.846159
vt 0.292555 0.846217
vt 0.293171 0.824562
vt 0.298225 0.806365
vt 0.304119 0.810195
vt 0.499830 0.859309
vt 0.520349 0.862934
vt 0.925331 0.324844
vt 0.898093 0.331525
vt 0.894748 0.310129
vt 0.923202 0.303633
vt 0.798016 0.637981
vt 0.787723 0.628401
vt 0.792410 0.622222
vt 0.803654 0.633230
vt 0.315560 0.884290
vt 0.309650 0.888786
vt 0.297307 0.882551
vt 0.304185 0.878789
vt 0.929907 0.344903
vt 0.908992 0.345754
vt 0.363191 0.905539
vt 0.342197 0.906073
vt 0.381939 0.901353
vt 0.855466 0.885700
vt 0.835587 0.890078
vt 0.873609 0.879542
vt 0.869029 0.817460
vt 0.887528 0.873344
vt 0.322177 0.902493
vt 0.331012 0.850330
vt 0.734368 0.113312
vt 0.728464 0.165435
vt 0.742473 0.115284
vt 0.740025 0.172535
vt 0.803654 0.888768
vt 0.803654 0.829863
vt 0.815276 0.827144
vt 0.816529 0.890817
vt 0.932975 0.361337
vt 0.903826 0.358894
vt 0.300109 0.864828
vt 0.292811 0.866957
vt 0.504345 0.924240
vt 0.531409 0.924242
vt 0.722973 0.196852
vt 0.723757 0.170415
vt 0.709797 0.630325
vt 0.705782 0.624270
vt 0.731662 0.232516
vt 0.722393 0.219685
vt 0.732291 0.217366
vt 0.740847 0.223928
vt 0.753543 0.682775
vt 0.770010 0.663004
vt 0.785983 0.677238
vt 0.769750 0.698973
vt 0.354280 0.778381
vt 0.362823 0.784873
vt 0.343237 0.829987
vt 0.330314 0.826641
vt 0.721490 0.565679
vt 0.718950 0.582713
vt 0.318525 0.846349
vt 0.688747 0.040868
vt 0.694775 0.035134
vt 0.690376 0.093402
vt 0.678475 0.094045
vt 0.556775 0.921737
vt 0.547781 0.939486
vt 0.530302 0.936027
vt 0.556448 0.897424
vt 0.577961 0.891266
vt 0.577420 0.916951
vt 0.784801 0.707785
vt 0.799267 0.686413
vt 0.384385 0.844429
vt 0.395201 0.893923
vt 0.657117 0.154171
vt 0.679822 0.108112
vt 0.776068 0.636509
vt 0.774645 0.618171
vt 0.777975 0.610903
vt 0.927477 0.283744
vt 0.900290 0.289466
vt 0.512807 0.846402
vt 0.536085 0.853593
vt 0.315560 0.800641
vt 0.310899 0.795912
vt 0.659792 0.160009
vt 0.646872 0.183982
vt 0.643091 0.215384
vt 0.550092 0.872655
vt 0.554523 0.846402
vt 0.570451 0.865775
vt 0.669043 0.108184
vt 0.805082 0.802879
vt 0.807364 0.719726
vt 0.815378 0.722523
vt 0.814967 0.798168
vt 0.385295 0.906073
vt 0.390130 0.921412
vt 0.362952 0.925583
vt 0.357961 0.912817
vt 0.957240 0.287836
vt 0.954587 0.304706
vt 0.933763 0.271061
vt 0.961409 0.276916
vt 0.734515 0.198282
vt 0.726003 0.202631
vt 0.385424 0.984501
vt 0.357961 0.979003
vt 0.363419 0.961506
vt 0.392756 0.963891
vt 0.958267 0.339891
vt 0.961409 0.353314
vt 0.955484 0.322893
vt 0.393471 0.941773
vt 0.364917 0.942757
vt 0.732598 0.647583
vt 0.715942 0.663007
vt 0.711030 0.651257
vt 0.723178 0.644775
vt 0.713853 0.634509
vt 0.742473 0.201130
vt 0.476012 0.897130
vt 0.473681 0.877070
vt 0.496473 0.889251
vt 0.497945 0.901090
vt 0.473681 0.916300
vt 0.496055 0.913902
vt 0.722872 0.236573
vt 0.825690 0.726914
vt 0.714322 0.520418
vt 0.703647 0.525968
vt 0.888036 0.645780
vt 0.889245 0.686903
vt 0.395201 0.787165
vt 0.844116 0.738385
vt 0.835958 0.732741
vt 0.606307 0.759543
vt 0.590479 0.759578
vt 0.590911 0.747886
vt 0.606860 0.747756
vt 0.683414 0.023343
vt 0.692165 0.015124
vt 0.898595 0.697023
vt 0.888036 0.697848
vt 0.703085 0.007087
vt 0.715984 0.002454
vt 0.590692 0.736047
vt 0.606726 0.735853
vt 0.812361 0.705468
vt 0.820877 0.708404
vt 0.722570 0.000000
vt 0.589670 0.726175
vt 0.605759 0.725939
vt 0.832036 0.713017
vt 0.843436 0.719133
vt 0.923053 0.691820
vt 0.922003 0.702500
vt 0.910680 0.698607
vt 0.852343 0.724969
vt 0.605376 0.768522
vt 0.589670 0.768463
vt 0.677468 0.029048
vt 0.391963 0.328024
vt 0.393101 0.351206
vt 0.376227 0.344054
vt 0.378716 0.318725
vt 0.383414 0.296654
vt 0.395870 0.309819
vt 0.404708 0.322130
vt 0.402905 0.336907
vt 0.661023 0.243230
vt 0.675022 0.250492
vt 0.675640 0.268487
vt 0.661023 0.262080
vt 0.310104 0.589579
vt 0.308353 0.610262
vt 0.289582 0.602819
vt 0.293769 0.582662
vt 0.298551 0.564469
vt 0.312614 0.571850
vt 0.273452 0.054563
vt 0.275417 0.036512
vt 0.284616 0.040184
vt 0.281101 0.055053
vt 0.160677 0.693749
vt 0.169019 0.688933
vt 0.169019 0.706470
vt 0.155326 0.709022
vt 0.806913 0.486134
vt 0.803654 0.471657
vt 0.813848 0.467776
vt 0.817096 0.483135
vt 0.820743 0.502490
vt 0.810416 0.504229
vt 0.196919 0.951996
vt 0.178579 0.954614
vt 0.179702 0.944017
vt 0.197284 0.942426
vt 0.207958 0.933660
vt 0.211742 0.939195
vt 0.982502 0.048664
vt 0.981969 0.064828
vt 0.965019 0.064584
vt 0.963136 0.048187
vt 0.961142 0.035361
vt 0.981939 0.035532
vt 0.317525 0.006294
vt 0.330864 0.004571
vt 0.330845 0.021235
vt 0.318155 0.023111
vt 0.305232 0.027516
vt 0.302918 0.011811
vt 0.287156 0.665943
vt 0.282414 0.680202
vt 0.257884 0.684632
vt 0.262846 0.663712
vt 0.270914 0.642494
vt 0.292756 0.649741
vt 0.314370 0.654688
vt 0.313476 0.670870
vt 0.314740 0.688218
vt 0.388159 0.421805
vt 0.385718 0.453284
vt 0.366543 0.440908
vt 0.369420 0.412799
vt 0.372020 0.386923
vt 0.390446 0.394529
vt 0.404823 0.401695
vt 0.403901 0.431374
vt 0.403536 0.464236
vt 0.946041 0.049215
vt 0.949181 0.063022
vt 0.934902 0.066414
vt 0.930843 0.054922
vt 0.928171 0.047466
vt 0.943521 0.039185
vt 0.367765 0.551101
vt 0.341706 0.546829
vt 0.344475 0.536196
vt 0.370571 0.540300
vt 0.397360 0.545879
vt 0.394307 0.557573
vt 0.388344 0.560042
vt 0.367097 0.555775
vt 0.346707 0.551296
vt 0.277136 0.580093
vt 0.270764 0.598274
vt 0.255222 0.594958
vt 0.265626 0.577819
vt 0.272632 0.564333
vt 0.283318 0.562979
vt 0.242353 0.662501
vt 0.236438 0.689527
vt 0.219500 0.690535
vt 0.225388 0.660259
vt 0.234826 0.633382
vt 0.251042 0.637600
vt 0.239830 0.710315
vt 0.247728 0.726239
vt 0.232460 0.730480
vt 0.223000 0.713597
vt 0.260266 0.702445
vt 0.267061 0.717079
vt 0.385455 0.480981
vt 0.385472 0.499548
vt 0.359031 0.488737
vt 0.364080 0.467874
vt 0.405256 0.488637
vt 0.407389 0.505631
vt 0.282525 0.694238
vt 0.286681 0.707850
vt 0.303603 0.695557
vt 0.305399 0.707504
vt 0.313873 0.193656
vt 0.315636 0.209242
vt 0.295484 0.203540
vt 0.295496 0.188241
vt 0.270827 0.119853
vt 0.274721 0.100050
vt 0.282236 0.101485
vt 0.278834 0.118750
vt 0.330822 0.032101
vt 0.320679 0.033750
vt 0.330834 0.195688
vt 0.330867 0.211707
vt 0.266135 0.178514
vt 0.268628 0.186383
vt 0.246115 0.175262
vt 0.246943 0.163302
vt 0.342930 0.459519
vt 0.337420 0.478950
vt 0.316967 0.473773
vt 0.321989 0.453122
vt 0.328603 0.427348
vt 0.347533 0.432968
vt 0.528219 0.822219
vt 0.542687 0.823153
vt 0.541113 0.846402
vt 0.520390 0.845661
vt 0.498232 0.843530
vt 0.517600 0.819170
vt 0.525916 0.794108
vt 0.533729 0.795802
vt 0.542817 0.796255
vt 0.406637 0.302829
vt 0.413395 0.322152
vt 0.951941 0.085321
vt 0.938482 0.083990
vt 0.967026 0.088800
vt 0.966894 0.105542
vt 0.951829 0.103018
vt 0.351968 0.406439
vt 0.335248 0.402009
vt 0.341421 0.378891
vt 0.355900 0.382286
vt 0.287489 0.054881
vt 0.280234 0.078034
vt 0.272480 0.077483
vt 0.290868 0.034552
vt 0.309632 0.037697
vt 0.293702 0.061824
vt 0.287107 0.082142
vt 0.982316 0.085316
vt 0.982502 0.100837
vt 0.285480 0.021835
vt 0.529047 0.761127
vt 0.539733 0.759582
vt 0.520024 0.763047
vt 0.499504 0.739199
vt 0.520251 0.736538
vt 0.535472 0.733474
vt 0.368461 0.312781
vt 0.363317 0.339716
vt 0.352965 0.336966
vt 0.360536 0.309568
vt 0.367532 0.284598
vt 0.374481 0.288464
vt 0.194816 0.911446
vt 0.176550 0.909429
vt 0.176253 0.874626
vt 0.194152 0.879829
vt 0.205517 0.891274
vt 0.210077 0.913327
vt 0.161244 0.909144
vt 0.163251 0.940370
vt 0.154117 0.930278
vt 0.150810 0.909420
vt 0.153494 0.888120
vt 0.160584 0.877917
vt 0.285968 0.795912
vt 0.270175 0.791631
vt 0.274948 0.779942
vt 0.291041 0.785764
vt 0.219500 0.266997
vt 0.219656 0.256577
vt 0.236275 0.256517
vt 0.236140 0.267973
vt 0.195278 0.868936
vt 0.210818 0.885794
vt 0.177697 0.862322
vt 0.813394 0.520418
vt 0.824065 0.519607
vt 0.328071 0.544962
vt 0.330801 0.534583
vt 0.162260 0.949800
vt 0.150810 0.935285
vt 0.263594 0.270401
vt 0.263692 0.259798
vt 0.290006 0.260743
vt 0.290003 0.271061
vt 0.216509 0.913309
vt 0.410258 0.562979
vt 0.413395 0.551024
vt 0.254024 0.787309
vt 0.258390 0.775577
vt 0.161925 0.866605
vt 0.151223 0.882120
vt 0.831431 0.471888
vt 0.839844 0.469612
vt 0.841420 0.492239
vt 0.834834 0.492378
vt 0.356102 0.906992
vt 0.357961 0.906073
vt 0.350909 0.924754
vt 0.349190 0.925506
vt 0.276963 0.758355
vt 0.293126 0.761745
vt 0.661023 0.265614
vt 0.643091 0.262542
vt 0.643091 0.243230
vt 0.660263 0.246820
vt 0.274898 0.758162
vt 0.291488 0.754640
vt 0.265723 0.225465
vt 0.264477 0.238276
vt 0.237163 0.235305
vt 0.238974 0.216265
vt 0.290495 0.244592
vt 0.291237 0.233115
vt 0.843685 0.510496
vt 0.838168 0.509510
vt 0.334991 0.519764
vt 0.348813 0.521317
vt 0.336473 0.514596
vt 0.350827 0.518266
vt 0.307550 0.750023
vt 0.307909 0.767858
vt 0.220255 0.237795
vt 0.221830 0.219803
vt 0.348715 0.952531
vt 0.350896 0.953065
vt 0.357961 0.978544
vt 0.355352 0.977274
vt 0.375095 0.524928
vt 0.402442 0.528192
vt 0.515476 0.764468
vt 0.498232 0.746309
vt 0.521399 0.791928
vt 0.841127 0.451204
vt 0.864855 0.450165
vt 0.857551 0.470431
vt 0.381990 0.510811
vt 0.357568 0.502115
vt 0.329895 0.951903
vt 0.318812 0.951647
vt 0.318525 0.928853
vt 0.329552 0.926674
vt 0.257899 0.736530
vt 0.274904 0.728697
vt 0.268000 0.196069
vt 0.242424 0.186754
vt 0.292948 0.719856
vt 0.170755 0.829769
vt 0.170389 0.818748
vt 0.199224 0.819287
vt 0.197438 0.827933
vt 0.292412 0.209375
vt 0.861472 0.520418
vt 0.857656 0.498389
vt 0.514986 0.814859
vt 0.340793 0.498751
vt 0.338572 0.493780
vt 0.199224 0.847981
vt 0.176382 0.852399
vt 0.376141 0.524915
vt 0.242702 0.742553
vt 0.829708 0.454975
vt 0.359430 0.361338
vt 0.346967 0.358595
vt 0.374109 0.365566
vt 0.266934 0.137335
vt 0.254178 0.137495
vt 0.260615 0.120698
vt 0.316966 0.183489
vt 0.330817 0.185158
vt 0.266715 0.154240
vt 0.275415 0.134207
vt 0.275239 0.149521
vt 0.251124 0.155080
vt 0.260325 0.617136
vt 0.244130 0.613212
vt 0.279289 0.622580
vt 0.297151 0.043761
vt 0.274925 0.174092
vt 0.282445 0.167015
vt 0.300639 0.178889
vt 0.299850 0.630633
vt 0.318525 0.612753
vt 0.316759 0.634720
vt 0.392285 0.372899
vt 0.405438 0.357791
vt 0.405945 0.379197
vt 0.265468 0.100167
vt 0.259743 0.760870
vt 0.319231 0.058307
vt 0.316977 0.082471
vt 0.303038 0.081943
vt 0.307242 0.059651
vt 0.330796 0.057810
vt 0.330793 0.082924
vt 0.314816 0.132397
vt 0.315063 0.153264
vt 0.297904 0.151614
vt 0.297650 0.132863
vt 0.298799 0.115911
vt 0.315092 0.114416
vt 0.330792 0.113887
vt 0.330791 0.132352
vt 0.330792 0.154021
vt 0.315685 0.099589
vt 0.300370 0.100106
vt 0.330792 0.099569
vt 0.318525 0.713018
vt 0.324478 0.310336
vt 0.340433 0.308691
vt 0.329486 0.331803
vt 0.311554 0.329832
vt 0.330639 0.292721
vt 0.347939 0.287356
vt 0.310968 0.312809
vt 0.316936 0.299124
vt 0.298008 0.329632
vt 0.628098 0.310933
vt 0.646660 0.306378
vt 0.650159 0.327003
vt 0.629429 0.331757
vt 0.627142 0.292991
vt 0.643249 0.287654
vt 0.388462 0.054563
vt 0.380745 0.055053
vt 0.377252 0.040184
vt 0.386470 0.036512
vt 0.617051 0.332753
vt 0.621486 0.311555
vt 0.358425 0.269405
vt 0.358422 0.259113
vt 0.372003 0.260743
vt 0.372045 0.271061
vt 0.861175 0.923458
vt 0.857360 0.940242
vt 0.847052 0.938518
vt 0.851039 0.920503
vt 0.945740 0.366966
vt 0.944749 0.377904
vt 0.927561 0.373578
vt 0.927949 0.361337
vt 0.958782 0.381879
vt 0.954246 0.387704
vt 0.978105 0.024600
vt 0.958697 0.023893
vt 0.955573 0.012890
vt 0.972753 0.014395
vt 0.344224 0.006294
vt 0.343568 0.023111
vt 0.358875 0.011810
vt 0.356545 0.027516
vt 0.649768 0.390095
vt 0.676018 0.391293
vt 0.680954 0.412811
vt 0.654606 0.404954
vt 0.643892 0.373178
vt 0.667786 0.369045
vt 0.619814 0.391240
vt 0.619242 0.375013
vt 0.617237 0.408292
vt 0.279983 0.393451
vt 0.300452 0.394722
vt 0.289153 0.420624
vt 0.266554 0.422050
vt 0.291628 0.368628
vt 0.311099 0.370954
vt 0.261970 0.394172
vt 0.276099 0.367955
vt 0.245991 0.422941
vt 0.360753 0.271061
vt 0.359645 0.284575
vt 0.346950 0.274262
vt 0.371318 0.271917
vt 0.942596 0.030365
vt 0.941600 0.021535
vt 0.951658 0.671115
vt 0.962813 0.670806
vt 0.961004 0.697336
vt 0.950023 0.697710
vt 0.951268 0.643965
vt 0.963350 0.643675
vt 0.946959 0.670928
vt 0.947537 0.649371
vt 0.946788 0.692016
vt 0.662373 0.306070
vt 0.672291 0.305324
vt 0.682797 0.323829
vt 0.668679 0.325051
vt 0.657490 0.288226
vt 0.666225 0.290966
vt 0.249476 0.391835
vt 0.232458 0.417207
vt 0.695440 0.392862
vt 0.687140 0.366882
vt 0.701698 0.364845
vt 0.709800 0.392858
vt 0.700687 0.420566
vt 0.696411 0.440770
vt 0.709800 0.446216
vt 0.699676 0.461705
vt 0.687799 0.455517
vt 0.220879 0.435688
vt 0.232787 0.443431
vt 0.677565 0.430185
vt 0.669822 0.443788
vt 0.253463 0.446384
vt 0.278350 0.445403
vt 0.273286 0.466262
vt 0.244912 0.462706
vt 0.223141 0.457338
vt 0.653785 0.418890
vt 0.648834 0.431845
vt 0.628724 0.417148
vt 0.625700 0.428751
vt 0.347817 0.193656
vt 0.366224 0.188241
vt 0.366277 0.203540
vt 0.346116 0.209242
vt 0.390970 0.119853
vt 0.382902 0.118750
vt 0.379480 0.101485
vt 0.387054 0.100050
vt 0.340994 0.033750
vt 0.395669 0.178514
vt 0.415072 0.163302
vt 0.415879 0.175262
vt 0.393199 0.186383
vt 0.300676 0.448444
vt 0.296717 0.468282
vt 0.309430 0.422980
vt 0.556483 0.820205
vt 0.561498 0.842732
vt 0.566805 0.815663
vt 0.584832 0.837358
vt 0.551076 0.794566
vt 0.557758 0.791838
vt 0.325362 0.281526
vt 0.309814 0.295002
vt 0.938099 0.009569
vt 0.950800 -0.000000
vt 0.653314 0.272479
vt 0.639229 0.271061
vt 0.318583 0.397688
vt 0.327209 0.374766
vt 0.374294 0.054881
vt 0.389339 0.077483
vt 0.381523 0.078034
vt 0.370970 0.034552
vt 0.352089 0.037697
vt 0.374596 0.082142
vt 0.368025 0.061824
vt 0.623752 0.278975
vt 0.376361 0.021835
vt 0.359654 -0.000000
vt 0.380260 0.012878
vt 0.549739 0.759653
vt 0.557957 0.760343
vt 0.550018 0.734416
vt 0.568643 0.734271
vt 0.352128 0.308500
vt 0.342666 0.334303
vt 0.938339 0.408554
vt 0.920039 0.407469
vt 0.933775 0.438667
vt 0.915402 0.441117
vt 0.953732 0.408456
vt 0.946514 0.428651
vt 0.904932 0.404677
vt 0.894748 0.401743
vt 0.900637 0.381901
vt 0.910857 0.374324
vt 0.900374 0.434882
vt 0.894748 0.422746
vt 0.641568 0.519336
vt 0.637553 0.508572
vt 0.656010 0.505080
vt 0.659519 0.517329
vt 0.625165 0.520418
vt 0.621615 0.508660
vt 0.933639 0.448265
vt 0.951194 0.433537
vt 0.915441 0.451757
vt 0.853940 0.956945
vt 0.843268 0.956124
vt 0.851480 0.971422
vt 0.840528 0.970733
vt 0.911233 0.363198
vt 0.898122 0.375207
vt 0.398411 0.270401
vt 0.398268 0.259798
vt 0.425749 0.256517
vt 0.425932 0.267973
vt 0.960256 0.407800
vt 0.949570 0.627760
vt 0.961928 0.627514
vt 0.675117 0.515223
vt 0.672032 0.502988
vt 0.900466 0.444230
vt 0.944814 0.638433
vt 0.836928 0.909418
vt 0.833156 0.928593
vt 0.826584 0.928213
vt 0.828571 0.906950
vt 0.244250 0.999057
vt 0.237209 0.981561
vt 0.239229 0.981302
vt 0.246097 1.000000
vt 0.655114 0.483347
vt 0.639550 0.484525
vt 0.982050 0.627514
vt 0.981753 0.643520
vt 0.657145 0.483438
vt 0.641808 0.477699
vt 0.396061 0.225465
vt 0.422882 0.216265
vt 0.424695 0.235305
vt 0.397328 0.238276
vt 0.371385 0.244592
vt 0.370607 0.233115
vt 0.823805 0.947233
vt 0.829357 0.946251
vt 0.826723 0.959654
vt 0.488927 0.266508
vt 0.483553 0.266754
vt 0.485472 0.252398
vt 0.488927 0.251078
vt 0.624400 0.470838
vt 0.622330 0.488484
vt 0.441756 0.237795
vt 0.442531 0.256577
vt 0.440185 0.219803
vt 0.236986 0.954660
vt 0.243894 0.929974
vt 0.246097 0.930130
vt 0.239128 0.954299
vt 0.978828 0.670500
vt 0.976491 0.696921
vt 0.563114 0.761073
vt 0.573447 0.740948
vt 0.562138 0.789024
vt 0.810855 0.907286
vt 0.803654 0.890817
vt 0.827373 0.892189
vt 0.243001 0.474381
vt 0.268653 0.478809
vt 0.219500 0.467218
vt 0.676844 0.464337
vt 0.661273 0.454254
vt 0.393826 0.196069
vt 0.419542 0.186754
vt 0.642045 0.442920
vt 0.622063 0.439557
vt 0.369426 0.209375
vt 0.805764 0.956957
vt 0.810231 0.933711
vt 0.570606 0.810895
vt 0.588421 0.825132
vt 0.823039 0.961730
vt 0.803654 0.975739
vt 0.609038 0.467551
vt 0.220044 0.948801
vt 0.229496 0.924721
vt 0.688173 0.472272
vt 0.838714 0.896082
vt 0.219500 0.973788
vt 0.334838 0.354892
vt 0.320170 0.351428
vt 0.394868 0.137335
vt 0.401265 0.120698
vt 0.407722 0.137495
vt 0.344687 0.183489
vt 0.395080 0.154240
vt 0.386497 0.149521
vt 0.386326 0.134207
vt 0.410764 0.155080
vt 0.678547 0.345251
vt 0.693433 0.343517
vt 0.659824 0.348075
vt 0.364623 0.043761
vt 0.361049 0.178889
vt 0.379277 0.167015
vt 0.386842 0.174092
vt 0.637380 0.353194
vt 0.617973 0.354840
vt 0.301026 0.348979
vt 0.286550 0.347903
vt 0.396380 0.100167
vt 0.668467 0.488066
vt 0.854314 0.908746
vt 0.342388 0.058307
vt 0.354425 0.059651
vt 0.358613 0.081943
vt 0.344633 0.082471
vt 0.346789 0.132397
vt 0.364008 0.132863
vt 0.363749 0.151614
vt 0.346543 0.153264
vt 0.346515 0.114416
vt 0.362860 0.115911
vt 0.345921 0.099589
vt 0.361277 0.100106
vt 0.606860 0.432211
vt 0.795100 0.952018
vt 0.795100 0.980228
vt 0.776319 0.977314
vt 0.771820 0.955499
vt 0.768798 0.928799
vt 0.785773 0.920525
vt 0.594184 0.798456
vt 0.607299 0.771681
vt 0.622196 0.776306
vt 0.614343 0.797187
vt 0.616077 0.824312
vt 0.599704 0.830817
vt 0.647518 0.803749
vt 0.648088 0.768522
vt 0.682092 0.770495
vt 0.681392 0.813302
vt 0.670923 0.858989
vt 0.638915 0.841916
vt 0.439661 0.917463
vt 0.442594 0.878451
vt 0.473681 0.877070
vt 0.469842 0.923784
vt 0.473681 0.965510
vt 0.442813 0.952084
vt 0.749552 0.953013
vt 0.750588 0.914055
vt 0.413395 0.911663
vt 0.422895 0.886947
vt 0.878479 0.289980
vt 0.894748 0.307803
vt 0.879036 0.333626
vt 0.860011 0.314394
vt 0.835873 0.305293
vt 0.857824 0.280261
vt 0.875621 0.271061
vt 0.894563 0.272978
vt 0.768890 0.896086
vt 0.625450 0.858661
vt 0.654592 0.878357
vt 0.036995 0.744984
vt 0.060898 0.775254
vt 0.035449 0.788904
vt 0.015394 0.758354
vt 0.000000 0.734566
vt 0.008711 0.718590
vt 0.742473 0.018411
vt 0.766065 0.000000
vt 0.772727 0.035965
vt 0.751393 0.052398
vt 0.067596 0.800033
vt 0.057692 0.829197
vt 0.027210 0.837885
vt 0.038179 0.812611
vt 0.073009 0.755401
vt 0.083986 0.780220
vt 0.851483 0.334851
vt 0.875039 0.352906
vt 0.879290 0.375675
vt 0.852942 0.362225
vt 0.823786 0.359633
vt 0.823429 0.327971
vt 0.132049 0.764769
vt 0.170389 0.739231
vt 0.170118 0.770352
vt 0.134656 0.791093
vt 0.091295 0.800306
vt 0.084764 0.777265
vt 0.083986 0.758566
vt 0.128886 0.744871
vt 0.165170 0.718590
vt 0.814003 -0.000000
vt 0.856766 0.013540
vt 0.853573 0.044460
vt 0.815403 0.034443
vt 0.703647 0.821003
vt 0.691083 0.867310
vt 0.703647 0.776704
vt 0.818288 0.105315
vt 0.850225 0.108889
vt 0.838841 0.136588
vt 0.816841 0.138883
vt 0.793119 0.144887
vt 0.783717 0.107905
vt 0.817154 0.096767
vt 0.786177 0.098961
vt 0.845626 0.100535
vt 0.135195 0.840917
vt 0.168101 0.828782
vt 0.161999 0.857308
vt 0.138008 0.861645
vt 0.114502 0.862322
vt 0.101336 0.847405
vt 0.133219 0.831222
vt 0.103123 0.837264
vt 0.162642 0.819939
vt 0.867387 0.412066
vt 0.894748 0.416210
vt 0.892246 0.440145
vt 0.872732 0.438657
vt 0.845510 0.447932
vt 0.839985 0.417883
vt 0.864431 0.407393
vt 0.840235 0.411618
vt 0.888320 0.411965
vt 0.246097 0.951192
vt 0.254873 0.928706
vt 0.281782 0.924721
vt 0.276247 0.950296
vt 0.281782 0.969514
vt 0.256929 0.977544
vt 0.031788 0.872621
vt 0.006164 0.873134
vt 0.771618 0.107989
vt 0.029091 0.882293
vt 0.000000 0.881770
vt 0.051414 0.865539
vt 0.051769 0.875307
vt 0.087304 0.830254
vt 0.083986 0.839993
vt 0.703647 0.953015
vt 0.726910 0.956653
vt 0.722445 0.977587
vt 0.703647 0.980298
vt 0.713278 0.921549
vt 0.730210 0.929859
vt 0.772084 0.144887
vt 0.786201 0.156354
vt 0.765559 0.172721
vt 0.749924 0.165806
vt 0.405820 0.567604
vt 0.392702 0.579951
vt 0.376138 0.575839
vt 0.382763 0.562979
vt 0.800416 0.187752
vt 0.811405 0.224424
vt 0.769336 0.239054
vt 0.765127 0.200370
vt 0.827644 0.174000
vt 0.844050 0.207707
vt 0.806462 0.155319
vt 0.617880 0.924245
vt 0.645645 0.925534
vt 0.650349 0.971786
vt 0.621675 0.962387
vt 0.621757 0.885077
vt 0.650349 0.878357
vt 0.749552 0.953106
vt 0.748762 0.914532
vt 0.603836 0.947215
vt 0.594184 0.921792
vt 0.877538 -0.000000
vt 0.895841 0.029576
vt 0.871697 0.044030
vt 0.856766 0.013779
vt 0.742473 0.202994
vt 0.742473 0.241002
vt 0.730712 0.896086
vt 0.368633 0.607892
vt 0.346923 0.640368
vt 0.329112 0.623458
vt 0.353337 0.592183
vt 0.389486 0.620155
vt 0.371259 0.652745
vt 0.401521 0.595672
vt 0.823429 0.314523
vt 0.812245 0.347848
vt 0.791862 0.330085
vt 0.800966 0.294624
vt 0.340886 0.666324
vt 0.369199 0.677234
vt 0.379102 0.702912
vt 0.349641 0.696162
vt 0.318525 0.649957
vt 0.903038 0.052421
vt 0.898689 0.080140
vt 0.868686 0.088065
vt 0.874666 0.065053
vt 0.928171 0.047530
vt 0.924557 0.079867
vt 0.742666 0.264385
vt 0.772821 0.265525
vt 0.451165 0.779142
vt 0.449007 0.805604
vt 0.414120 0.785746
vt 0.413395 0.754547
vt 0.498232 0.790918
vt 0.492272 0.814238
vt 0.453600 0.758878
vt 0.498232 0.771836
vt 0.417809 0.733474
vt 0.753188 0.291423
vt 0.749398 0.325725
vt 0.710812 0.333138
vt 0.709800 0.302043
vt 0.757173 0.271061
vt 0.803789 0.273018
vt 0.815840 0.251714
vt 0.741769 0.396259
vt 0.740933 0.429862
vt 0.719255 0.426078
vt 0.709800 0.397667
vt 0.776127 0.401132
vt 0.764266 0.437413
vt 0.743509 0.387795
vt 0.774297 0.392036
vt 0.714970 0.389630
vt 0.448954 0.855407
vt 0.446830 0.876468
vt 0.423467 0.872817
vt 0.416658 0.844093
vt 0.483007 0.861623
vt 0.470608 0.877070
vt 0.451013 0.845811
vt 0.481268 0.851600
vt 0.422139 0.835266
vt 0.281782 0.949572
vt 0.308635 0.951519
vt 0.312864 0.971705
vt 0.289736 0.977576
vt 0.282302 0.924721
vt 0.312864 0.925363
vt 0.882354 0.124340
vt 0.903178 0.130646
vt 0.856766 0.124285
vt 0.376183 0.749532
vt 0.387553 0.777295
vt 0.359729 0.778381
vt 0.349584 0.746080
vt 0.403879 0.747036
vt 0.405820 0.771239
vt 0.372310 0.740286
vt 0.396766 0.739069
vt 0.788425 0.401957
vt 0.349106 0.736309
vt 0.402255 0.864841
vt 0.395201 0.839826
vt 0.404632 0.838338
vt 0.411984 0.867051
vt 0.403685 0.887856
vt 0.395201 0.882576
vt 0.169019 0.708995
vt 0.172031 0.690159
vt 0.175445 0.690579
vt 0.169019 0.688933
vt 0.650349 0.878357
vt 0.667482 0.892156
vt 0.665575 0.894096
vt 0.670093 0.889558
vt 0.672652 0.887055
vt 0.674421 0.885367
vt 0.958033 0.834440
vt 0.964996 0.852851
vt 0.961865 0.854142
vt 0.968133 0.851883
vt 0.217765 0.718591
vt 0.196244 0.728421
vt 0.194177 0.726307
vt 0.198895 0.731056
vt 0.201358 0.733442
vt 0.178258 0.690104
vt 0.988161 0.276266
vt 0.982612 0.288428
vt 0.976937 0.284780
vt 0.985367 0.274199
vt 0.991585 0.276591
vt 0.989082 0.289552
vt 0.672711 0.907572
vt 0.667719 0.909302
vt 0.679562 0.905340
vt 0.686286 0.903257
vt 0.967352 0.876782
vt 0.962218 0.877031
vt 0.959644 0.855370
vt 0.973766 0.875016
vt 0.979580 0.872198
vt 0.183502 0.745431
vt 0.178193 0.743354
vt 0.190437 0.747745
vt 0.196979 0.749608
vt 0.973663 0.279769
vt 0.983985 0.271061
vt 0.975684 0.304432
vt 0.967010 0.301366
vt 0.984948 0.305566
vt 0.671495 0.924768
vt 0.664269 0.925685
vt 0.681559 0.924893
vt 0.691550 0.926066
vt 0.972749 0.902109
vt 0.964745 0.899221
vt 0.982314 0.901835
vt 0.990621 0.898343
vt 0.178077 0.774090
vt 0.170389 0.772661
vt 0.188296 0.774126
vt 0.198075 0.772699
vt 0.961410 0.297336
vt 0.974563 0.325572
vt 0.963025 0.323626
vt 0.986574 0.326713
vt 0.992101 0.304523
vt 0.995566 0.326752
vt 0.676451 0.944953
vt 0.664013 0.942012
vt 0.688670 0.949875
vt 0.968359 0.926769
vt 0.958033 0.920781
vt 0.980700 0.927908
vt 0.907039 0.931391
vt 0.911217 0.957239
vt 0.899541 0.956594
vt 0.898025 0.931121
vt 0.181339 0.803124
vt 0.171658 0.802617
vt 0.194041 0.800469
vt 0.206065 0.795316
vt 0.204604 0.770281
vt 0.213964 0.789258
vt 0.971445 0.342622
vt 0.961410 0.340856
vt 0.981822 0.344174
vt 0.657927 0.960345
vt 0.650349 0.959394
vt 0.654960 0.941820
vt 0.668409 0.963799
vt 0.678760 0.968823
vt 0.697148 0.955272
vt 0.685995 0.973899
vt 0.902005 0.978196
vt 0.891553 0.979911
vt 0.887528 0.958485
vt 0.912121 0.978223
vt 0.919197 0.960129
vt 0.918991 0.979911
vt 0.200823 0.815573
vt 0.190087 0.818748
vt 0.211025 0.810371
vt 0.217765 0.804733
vt 0.944814 0.520418
vt 0.938065 0.553916
vt 0.931453 0.551747
vt 0.944017 0.554135
vt 0.887528 0.705468
vt 0.898956 0.736910
vt 0.893368 0.739036
vt 0.905644 0.733541
vt 0.911464 0.729891
vt 0.981791 0.705468
vt 0.969115 0.737286
vt 0.964721 0.733647
vt 0.975586 0.739482
vt 0.982273 0.739509
vt 0.215762 0.541829
vt 0.197675 0.566226
vt 0.191998 0.563676
vt 0.204346 0.569661
vt 0.210041 0.572985
vt 0.926117 0.548336
vt 0.931946 0.585025
vt 0.918784 0.581131
vt 0.943413 0.586281
vt 0.909030 0.768632
vt 0.897280 0.771038
vt 0.923180 0.764336
vt 0.935566 0.759363
vt 0.956256 0.773113
vt 0.947831 0.764702
vt 0.968951 0.777773
vt 0.982273 0.777113
vt 0.179563 0.594982
vt 0.167632 0.591763
vt 0.193684 0.599379
vt 0.205830 0.603680
vt 0.907801 0.575835
vt 0.927436 0.609799
vt 0.910160 0.607017
vt 0.941914 0.611999
vt 0.910807 0.796865
vt 0.895318 0.796790
vt 0.929658 0.796395
vt 0.946333 0.795497
vt 0.018215 0.883765
vt 0.023842 0.920299
vt 0.007192 0.921878
vt 0.005548 0.888240
vt 0.031452 0.882293
vt 0.040975 0.920558
vt 0.980220 0.808618
vt 0.963150 0.809833
vt 0.171462 0.633795
vt 0.155727 0.632852
vt 0.190302 0.634365
vt 0.206698 0.634375
vt 0.895194 0.604480
vt 0.927219 0.635675
vt 0.906223 0.638963
vt 0.944814 0.635563
vt 0.906169 0.821815
vt 0.887528 0.819991
vt 0.928459 0.827113
vt 0.947831 0.834439
vt 0.018928 0.965799
vt 0.000000 0.959357
vt 0.038720 0.972704
vt 0.053444 0.922658
vt 0.053444 0.978009
vt 0.174287 0.688375
vt 0.155326 0.688933
vt 0.196630 0.683296
vt 0.215762 0.675030
vt 0.888036 0.644342
vt 0.960256 0.361337
vt 0.965728 0.384190
vt 0.962600 0.384695
vt 0.968921 0.382854
vt 0.971253 0.381109
vt 0.956277 0.520418
vt 0.948097 0.539223
vt 0.944997 0.539529
vt 0.951822 0.539207
vt 0.955069 0.539476
vt 0.467667 0.251078
vt 0.461610 0.266204
vt 0.458744 0.266364
vt 0.464908 0.267217
vt 0.467667 0.269060
vt 0.964498 0.144887
vt 0.967966 0.166319
vt 0.964808 0.165751
vt 0.971702 0.166420
vt 0.974911 0.166045
vt 0.972489 0.402549
vt 0.966048 0.402606
vt 0.978797 0.400084
vt 0.983154 0.396025
vt 0.950702 0.556248
vt 0.944814 0.558401
vt 0.957771 0.554313
vt 0.444327 0.260468
vt 0.458744 0.263400
vt 0.455747 0.269475
vt 0.442531 0.263474
vt 0.444356 0.257057
vt 0.458454 0.256594
vt 0.442531 0.254253
vt 0.454820 0.251078
vt 0.955113 0.180124
vt 0.951903 0.177710
vt 0.963115 0.164900
vt 0.961085 0.182750
vt 0.968137 0.184804
vt 0.974187 0.185717
vt 0.974816 0.422995
vt 0.965558 0.421714
vt 0.983985 0.421624
vt 0.990419 0.418108
vt 0.955655 0.583510
vt 0.946885 0.584362
vt 0.965849 0.581852
vt 0.963929 0.553147
vt 0.974461 0.579902
vt 0.967865 0.552998
vt 0.979658 0.578075
vt 0.939256 0.460411
vt 0.938114 0.473588
vt 0.928546 0.473122
vt 0.932672 0.458811
vt 0.945295 0.201282
vt 0.940166 0.200469
vt 0.954215 0.202824
vt 0.964402 0.204662
vt 0.972857 0.206252
vt 0.972191 0.442437
vt 0.960256 0.441812
vt 0.984029 0.441167
vt 0.992352 0.438449
vt 0.956285 0.607131
vt 0.944814 0.605286
vt 0.969602 0.608090
vt 0.980838 0.607923
vt 0.931046 0.493553
vt 0.920042 0.496609
vt 0.920042 0.476197
vt 0.943378 0.493712
vt 0.938821 0.227890
vt 0.932082 0.228805
vt 0.950515 0.226909
vt 0.963853 0.226154
vt 0.974911 0.225834
vt 0.974444 0.453839
vt 0.965091 0.455526
vt 0.983864 0.451980
vt 0.476408 0.263237
vt 0.467667 0.264840
vt 0.467964 0.254944
vt 0.476408 0.251078
vt 0.954290 0.621190
vt 0.945506 0.617648
vt 0.964388 0.624831
vt 0.972825 0.627514
vt 0.930638 0.517587
vt 0.921839 0.517957
vt 0.940529 0.518515
vt 0.953418 0.496906
vt 0.948609 0.520418
vt 0.956016 0.247799
vt 0.947031 0.250668
vt 0.966161 0.244295
vt 0.974485 0.241195
vt 0.513542 0.511864
vt 0.481836 0.509047
vt 0.480779 0.482692
vt 0.515345 0.485140
vt 0.549498 0.486928
vt 0.544438 0.513010
vt 0.540523 0.533122
vt 0.511560 0.532667
vt 0.481579 0.529294
vt 0.546310 0.193651
vt 0.511647 0.200432
vt 0.502862 0.171513
vt 0.541038 0.163340
vt 0.580289 0.157688
vt 0.580934 0.187972
vt 0.582790 0.215693
vt 0.551430 0.221707
vt 0.519233 0.227065
vt 0.613831 0.126141
vt 0.608181 0.157024
vt 0.579991 0.125982
vt 0.577546 0.094222
vt 0.614403 0.094375
vt 0.638735 0.097031
vt 0.635605 0.128518
vt 0.625002 0.158221
vt 0.603182 0.185695
vt 0.615450 0.184922
vt 0.610821 0.208020
vt 0.601398 0.211249
vt 0.000667 0.606414
vt 0.003783 0.575960
vt 0.028646 0.574521
vt 0.025938 0.606312
vt 0.024531 0.639868
vt -0.000000 0.638708
vt 0.555706 0.246468
vt 0.523509 0.250954
vt 0.586721 0.239713
vt 0.051452 0.668690
vt 0.025141 0.664655
vt 0.051704 0.642687
vt 0.079203 0.644891
vt 0.078780 0.671281
vt 0.079536 0.693939
vt 0.052060 0.691229
vt 0.026217 0.686042
vt 0.002518 0.661781
vt 0.004836 0.680591
vt 0.501294 0.251078
vt 0.483713 0.244175
vt 0.485793 0.229531
vt 0.498112 0.229541
vt 0.536305 0.131813
vt 0.494986 0.140765
vt 0.488896 0.109407
vt 0.531701 0.100270
vt 0.106664 0.609506
vt 0.109556 0.576416
vt 0.132692 0.578974
vt 0.129979 0.609918
vt 0.128076 0.642526
vt 0.104710 0.644205
vt 0.081219 0.609040
vt 0.084054 0.574808
vt 0.147792 0.663804
vt 0.127718 0.666578
vt 0.149152 0.641748
vt 0.473012 0.275386
vt 0.494641 0.271061
vt 0.495855 0.291241
vt 0.475159 0.293664
vt 0.462588 0.297912
vt 0.456656 0.286572
vt 0.149182 0.681786
vt 0.129495 0.687248
vt 0.104458 0.669823
vt 0.105814 0.691955
vt 0.053550 0.607581
vt 0.056243 0.574157
vt 0.125775 0.278941
vt 0.125019 0.274265
vt 0.146263 0.271836
vt 0.147760 0.276426
vt 0.131178 0.245937
vt 0.153826 0.244975
vt 0.172199 0.241613
vt 0.162982 0.265444
vt 0.100495 0.277738
vt 0.100591 0.273103
vt 0.209059 0.058044
vt 0.205487 0.060841
vt 0.196279 0.042261
vt 0.199530 0.038814
vt 0.195860 0.114025
vt 0.193767 0.081308
vt 0.212032 0.085387
vt 0.215578 0.116674
vt 0.189447 0.054137
vt 0.215831 0.083449
vt 0.097972 0.005039
vt 0.098152 0.009628
vt 0.072456 0.012361
vt 0.071378 0.007868
vt 0.046687 0.042808
vt 0.023991 0.046327
vt 0.034638 0.029705
vt 0.051039 0.018718
vt 0.097156 0.038449
vt 0.124786 0.010109
vt 0.124495 0.039427
vt 0.125537 0.005536
vt 0.073301 0.273203
vt 0.074315 0.268721
vt 0.078574 0.240420
vt 0.105634 0.244438
vt 0.029756 0.226837
vt 0.029656 0.251138
vt 0.015535 0.237349
vt 0.008090 0.219164
vt 0.147771 0.519261
vt 0.139462 0.489095
vt 0.166698 0.477713
vt 0.173558 0.507467
vt 0.179514 0.529965
vt 0.154651 0.541829
vt 0.052799 0.715946
vt 0.081056 0.718590
vt 0.120466 0.528812
vt 0.111122 0.498902
vt 0.129915 0.452447
vt 0.158483 0.442750
vt 0.100415 0.461495
vt 0.089495 0.420318
vt 0.119792 0.412643
vt 0.149313 0.405345
vt 0.184923 0.434508
vt 0.191580 0.467762
vt 0.176463 0.398814
vt 0.199494 0.393449
vt 0.207421 0.428010
vt 0.212602 0.460134
vt 0.195710 0.495689
vt 0.213839 0.486839
vt 0.465416 0.227582
vt 0.475207 0.213897
vt 0.199669 0.516237
vt 0.049097 0.535170
vt 0.035229 0.509303
vt 0.056937 0.506895
vt 0.069394 0.535589
vt 0.155326 0.700099
vt 0.133999 0.709710
vt 0.441519 0.307152
vt 0.455502 0.315038
vt 0.446395 0.342204
vt 0.428541 0.335356
vt 0.021547 0.477195
vt 0.044225 0.472603
vt 0.418657 0.369412
vt 0.438232 0.375384
vt 0.433323 0.411212
vt 0.413395 0.406152
vt 0.010162 0.441489
vt 0.033016 0.435185
vt 0.071183 0.467792
vt 0.082924 0.504132
vt 0.060014 0.427980
vt 0.093762 0.533862
vt 0.108682 0.716193
vt 0.047671 0.265553
vt 0.049551 0.261329
vt 0.049214 0.014448
vt 0.032240 0.025819
vt 0.070382 0.039594
vt 0.027082 0.255005
vt 0.052461 0.234385
vt 0.012468 0.240734
vt 0.212998 0.186509
vt 0.209296 0.184961
vt 0.215031 0.151075
vt 0.218934 0.151436
vt 0.189408 0.184146
vt 0.194736 0.149301
vt 0.203490 0.217592
vt 0.200109 0.214993
vt 0.020814 0.098637
vt 0.023604 0.100060
vt 0.038535 0.135036
vt 0.035236 0.134740
vt 0.043940 0.100853
vt 0.043327 0.135487
vt 0.149887 0.042579
vt 0.149020 0.013393
vt 0.521394 0.385165
vt 0.484171 0.382490
vt 0.488830 0.348442
vt 0.523402 0.350795
vt 0.557562 0.352453
vt 0.558558 0.386852
vt 0.557862 0.422137
vt 0.519281 0.420233
vt 0.480764 0.417571
vt 0.574977 0.323225
vt 0.580332 0.352737
vt 0.555942 0.321183
vt 0.554821 0.294693
vt 0.571531 0.299080
vt 0.579838 0.303555
vt 0.585116 0.325200
vt 0.593380 0.352742
vt 0.584290 0.386891
vt 0.599506 0.386394
vt 0.600979 0.422361
vt 0.584870 0.422644
vt 0.151260 0.611213
vt 0.153403 0.582475
vt 0.525592 0.271061
vt 0.555326 0.274634
vt 0.526002 0.291832
vt 0.471445 0.317345
vt 0.493321 0.317530
vt 0.464826 0.346072
vt 0.458260 0.379486
vt 0.453945 0.414792
vt 0.154868 0.565809
vt 0.135479 0.559916
vt 0.137323 0.549945
vt 0.155326 0.557656
vt 0.573298 0.281029
vt 0.582673 0.287594
vt 0.112622 0.555624
vt 0.086932 0.553271
vt 0.089140 0.541829
vt 0.114856 0.544555
vt 0.059040 0.553198
vt 0.031937 0.555034
vt 0.035002 0.544971
vt 0.061387 0.542109
vt 0.008612 0.558406
vt 0.605391 0.232781
vt 0.614990 0.226913
vt 0.623002 0.243055
vt 0.611966 0.251078
vt 0.489282 0.206014
vt 0.478197 0.179741
vt 0.461834 0.189771
vt 0.468250 0.149971
vt 0.450296 0.160527
vt 0.442531 0.128602
vt 0.461157 0.118520
vt 0.577072 0.015291
vt 0.589571 0.035568
vt 0.561748 0.036685
vt 0.554430 0.014999
vt 0.549740 0.000000
vt 0.569338 0.002020
vt 0.008281 0.037475
vt 0.022733 0.017241
vt 0.028895 0.022162
vt 0.016869 0.040348
vt 0.011648 0.065242
vt 0.000000 0.063905
vt 0.604165 0.063057
vt 0.570459 0.063774
vt 0.606443 0.037102
vt 0.625868 0.064974
vt 0.519682 0.019867
vt 0.522525 0.042516
vt 0.484352 0.050704
vt 0.485186 0.027736
vt 0.486235 0.011713
vt 0.518059 0.003917
vt 0.493556 0.554020
vt 0.493492 0.579327
vt 0.460378 0.577698
vt 0.461845 0.552984
vt 0.461716 0.533122
vt 0.493643 0.533527
vt 0.526221 0.537940
vt 0.525989 0.557665
vt 0.527197 0.582399
vt 0.526820 0.069910
vt 0.485470 0.078657
vt 0.547796 0.563160
vt 0.550677 0.586208
vt 0.547340 0.545529
vt 0.559347 0.553702
vt 0.563804 0.567763
vt 0.569011 0.589889
vt 0.553306 0.612990
vt 0.528618 0.609885
vt 0.572732 0.616353
vt 0.572966 0.644041
vt 0.553433 0.640516
vt 0.528359 0.637529
vt 0.489643 0.660060
vt 0.486078 0.683153
vt 0.453816 0.681643
vt 0.455145 0.658436
vt 0.456648 0.632923
vt 0.492306 0.634758
vt 0.524523 0.662739
vt 0.518864 0.685604
vt 0.493332 0.607043
vt 0.458519 0.605178
vt 0.548809 0.665792
vt 0.541680 0.688350
vt 0.567712 0.669839
vt 0.559160 0.692628
vt 0.534292 0.707721
vt 0.513132 0.706217
vt 0.549496 0.711286
vt 0.541845 0.723399
vt 0.529534 0.724783
vt 0.509039 0.724984
vt 0.017095 0.066986
vt 0.020010 0.069480
vt 0.014481 0.167473
vt 0.017485 0.166567
vt 0.008386 0.195823
vt 0.005065 0.197753
vt 0.037617 0.169587
vt 0.192205 0.241230
vt 0.189203 0.237830
vt 0.408950 0.807663
vt 0.410758 0.838338
vt 0.395201 0.838338
vt 0.395968 0.811329
vt 0.181391 0.215829
vt 0.179334 0.258333
vt 0.176766 0.254354
vt 0.187593 0.024956
vt 0.184747 0.028873
vt 0.169468 0.019606
vt 0.171778 0.015365
vt 0.690951 0.243229
vt 0.708518 0.243229
vt 0.703568 0.256431
vt 0.691504 0.263631
vt 0.021219 0.043023
vt 0.043659 0.068890
vt 0.093955 0.307175
vt 0.122315 0.305519
vt 0.130262 0.334123
vt 0.100812 0.336777
vt 0.071218 0.341645
vt 0.065392 0.311768
vt 0.061809 0.289815
vt 0.089506 0.285096
vt 0.117070 0.283877
vt 0.147516 0.305757
vt 0.157031 0.331606
vt 0.141403 0.286611
vt 0.158039 0.291719
vt 0.167828 0.305513
vt 0.179349 0.329086
vt 0.166923 0.363569
vt 0.139584 0.368268
vt 0.190020 0.359437
vt 0.109758 0.373010
vt 0.079507 0.379098
vt -0.000000 0.341681
vt 0.017470 0.330962
vt 0.020012 0.361374
vt -0.000000 0.370468
vt 0.429816 0.502320
vt 0.420143 0.475396
vt 0.438272 0.477663
vt 0.444280 0.502173
vt 0.562418 0.719448
vt 0.546873 0.733474
vt 0.575939 0.699676
vt 0.039582 0.320344
vt 0.044018 0.350805
vt 0.016385 0.307924
vt 0.037078 0.297579
vt 0.050894 0.387834
vt 0.025069 0.397112
vt 0.003184 0.404825
vt 0.414279 0.442410
vt 0.433978 0.446324
vt 0.004761 0.221911
vt 0.031522 0.200815
vt 0.150616 0.008935
vt 0.171985 0.047588
vt 0.165066 0.269811
vt 0.397687 0.790847
vt 0.405692 0.778381
vt 0.219500 0.115831
vt 0.517262 0.454077
vt 0.480027 0.451586
vt 0.554407 0.456066
vt 0.482342 0.704241
vt 0.452470 0.702469
vt 0.478971 0.723526
vt 0.450109 0.721163
vt 0.580089 0.456955
vt 0.572251 0.487493
vt 0.595282 0.456846
vt 0.585335 0.486902
vt 0.563661 0.511927
vt 0.574059 0.509579
vt 0.426856 0.733474
vt 0.416868 0.729021
vt 0.424739 0.716190
vt 0.433232 0.718650
vt 0.557677 0.530098
vt 0.460185 0.505116
vt 0.456786 0.480147
vt 0.461373 0.523563
vt 0.449468 0.516695
vt 0.454080 0.449192
vt 0.434062 0.701577
vt 0.432576 0.681721
vt 0.424221 0.700814
vt 0.420465 0.682068
vt 0.432005 0.658550
vt 0.418622 0.659127
vt 0.418984 0.633249
vt 0.432759 0.632748
vt 0.435252 0.605002
vt 0.438671 0.578221
vt 0.421848 0.605690
vt 0.426359 0.579771
vt 0.442205 0.555316
vt 0.431664 0.558809
vt 0.043277 0.003597
vt 0.046982 0.010073
vt 0.442550 0.537556
vt 0.463301 0.036449
vt 0.459680 0.058893
vt 0.181523 0.302408
vt 0.195448 0.326425
vt 0.164045 0.284974
vt 0.466209 0.021328
vt 0.458633 0.087205
vt 0.207122 0.356390
vt 0.216655 0.389649
vt 0.161461 0.216667
vt 0.168376 0.183372
vt 0.173316 0.147413
vt 0.137394 0.216309
vt 0.110634 0.214455
vt 0.143197 0.181951
vt 0.115409 0.179720
vt 0.119455 0.142528
vt 0.147696 0.145103
vt 0.086554 0.176516
vt 0.082629 0.210804
vt 0.055538 0.206032
vt 0.059625 0.172937
vt 0.063560 0.137383
vt 0.090173 0.139842
vt 0.175025 0.111108
vt 0.174311 0.076990
vt 0.150000 0.108003
vt 0.150575 0.073034
vt 0.122268 0.105171
vt 0.123923 0.070015
vt 0.093310 0.103072
vt 0.066183 0.101651
vt 0.068216 0.068226
vt 0.095720 0.068507
vt 0.600961 0.455841
vt 0.590482 0.485222
vt 0.606860 0.421891
vt 0.181050 0.261920
vt 0.165913 0.274118
vt 0.147838 0.281175
vt 0.413395 0.658897
vt 0.413669 0.633440
vt 0.415593 0.681366
vt 0.008515 0.243681
vt -0.000000 0.223703
vt 0.620130 0.183750
vt 0.631037 0.158150
vt 0.172725 0.010660
vt 0.189215 0.020832
vt 0.201875 0.035559
vt 0.589264 0.327137
vt 0.598377 0.353562
vt 0.194735 0.243795
vt 0.643091 0.129344
vt 0.007548 0.167323
vt 0.015420 0.132855
vt 0.013976 0.097453
vt 0.605121 0.386472
vt 0.045605 0.270036
vt 0.024094 0.258858
vt 0.070169 0.003035
vt 0.099630 0.282675
vt 0.071918 0.278018
vt 0.097496 -0.000000
vt 0.416629 0.606417
vt 0.212018 0.055938
vt 0.219242 0.082451
vt 0.125341 0.283877
vt 0.525105 0.319047
vt 0.794145 0.476564
vt 0.800467 0.476451
vt 0.799643 0.489662
vt 0.793776 0.490753
vt 0.797819 0.500602
vt 0.792335 0.502491
vt 0.781707 0.755923
vt 0.787800 0.755148
vt 0.788335 0.767413
vt 0.782660 0.769107
vt 0.789156 0.776072
vt 0.785522 0.780241
vt 0.786896 0.489785
vt 0.786771 0.476584
vt 0.779001 0.489285
vt 0.777322 0.476443
vt 0.786021 0.500716
vt 0.781135 0.497045
vt 0.786603 0.463287
vt 0.793461 0.462282
vt 0.785484 0.452090
vt 0.791758 0.450270
vt 0.778781 0.463578
vt 0.780678 0.455701
vt 0.799197 0.462579
vt 0.783222 0.742463
vt 0.787985 0.742346
vt 0.795763 0.451521
vt 0.783701 0.732117
vt 0.787632 0.733187
vt 0.406381 0.623831
vt 0.413205 0.624744
vt 0.412754 0.632334
vt 0.406422 0.631972
vt 0.411900 0.640579
vt 0.406030 0.640806
vt 0.789442 0.437413
vt 0.782848 0.440125
vt 0.777306 0.447981
vt 0.406030 0.619109
vt 0.412499 0.620358
vt 0.794190 0.439582
vt 0.794597 0.718366
vt 0.798652 0.725391
vt 0.792877 0.727262
vt 0.788563 0.720663
vt 0.406801 0.612328
vt 0.413395 0.611806
vt 0.412191 0.618101
vt 0.406030 0.619109
vt 0.797120 0.794805
vt 0.791011 0.791932
vt 0.794029 0.783364
vt 0.799896 0.785617
vt 0.787336 0.795586
vt 0.781707 0.782942
vt 0.406821 0.604239
vt 0.412926 0.604262
vt 0.789442 0.514744
vt 0.782848 0.512213
vt 0.406030 0.596085
vt 0.411702 0.596647
vt 0.777306 0.504505
vt 0.408773 0.579510
vt 0.413395 0.579629
vt 0.412248 0.595048
vt 0.407955 0.596084
vt 0.770300 0.492681
vt 0.774301 0.491711
vt 0.773742 0.506427
vt 0.773433 0.476343
vt 0.407955 0.562979
vt 0.412248 0.564237
vt 0.774301 0.460910
vt 0.770300 0.459586
vt 0.773742 0.445725
vt 0.801608 0.754870
vt 0.794773 0.754674
vt 0.794336 0.740656
vt 0.800710 0.739778
vt 0.801375 0.771402
vt 0.794982 0.770089
vt 0.062034 0.921433
vt 0.062308 0.935624
vt 0.056493 0.934484
vt 0.055760 0.921269
vt 0.063694 0.947370
vt 0.058264 0.945437
vt 0.800433 0.826764
vt 0.799343 0.839929
vt 0.794707 0.838109
vt 0.795462 0.825855
vt 0.796146 0.850961
vt 0.793346 0.846717
vt 0.069383 0.921512
vt 0.069172 0.934711
vt 0.078850 0.921443
vt 0.077080 0.934271
vt 0.069999 0.945646
vt 0.074907 0.942013
vt 0.062835 0.907157
vt 0.069663 0.908216
vt 0.064661 0.895157
vt 0.070898 0.897026
vt 0.077491 0.908567
vt 0.075673 0.900674
vt 0.057152 0.907406
vt 0.794854 0.812992
vt 0.798615 0.813204
vt 0.060675 0.896375
vt 0.053444 0.907803
vt 0.055642 0.898193
vt 0.675781 0.249155
vt 0.677470 0.243229
vt 0.684351 0.244873
vt 0.683241 0.250385
vt 0.077139 0.882293
vt 0.082762 0.890748
vt 0.079130 0.892979
vt 0.073669 0.885079
vt 0.067125 0.882314
vt 0.682751 0.256313
vt 0.675640 0.255520
vt 0.062390 0.884445
vt 0.683241 0.266719
vt 0.676771 0.266670
vt 0.690951 0.260249
vt 0.689568 0.266719
vt 0.476408 0.259030
vt 0.476408 0.251078
vt 0.483066 0.251197
vt 0.483553 0.258597
vt 0.783755 0.865092
vt 0.782374 0.855890
vt 0.788532 0.853858
vt 0.790292 0.862457
vt 0.066553 0.959642
vt 0.060452 0.956850
vt 0.483267 0.265309
vt 0.476624 0.266241
vt 0.073137 0.957164
vt 0.076568 0.959620
vt 0.078712 0.949500
vt 0.082313 0.951447
vt 0.583737 0.876637
vt 0.584298 0.893219
vt 0.578929 0.892176
vt 0.577962 0.876749
vt 0.585976 0.907116
vt 0.580938 0.905120
vt 0.082762 0.921372
vt 0.081790 0.936732
vt 0.578929 0.861368
vt 0.584298 0.860117
vt 0.082018 0.905932
vt 0.580938 0.848584
vt 0.585976 0.846402
vt 0.781707 0.825100
vt 0.782287 0.809989
vt 0.788951 0.811110
vt 0.788851 0.825163
vt 0.783510 0.795586
vt 0.789590 0.797683
vt 0.794668 0.803790
vt 0.788381 0.840582
vt 0.781707 0.841654
s 1
usemtl Material.001
f 116/1/1 131/2/2 87/3/3 32/4/4
f 73/5/5 129/6/6 117/7/7 17/8/8
f 116/1/1 32/4/4 69/9/9 125/10/10
f 117/7/7 129/6/6 79/11/11 31/12/12
f 83/13/13 130/14/14 118/15/15 20/16/16
f 117/7/7 31/12/12 70/17/17 126/18/18
f 118/15/15 130/14/14 86/19/19 30/20/20
f 75/21/21 128/22/22 119/23/23 23/24/24
f 118/15/15 30/20/20 71/25/25 127/26/26
f 119/23/23 128/22/22 78/27/27 29/28/28
f 61/29/29 127/30/26 120/31/30 36/32/31
f 119/23/23 29/28/28 68/33/32 124/34/33
f 1/35/34 55/36/35 88/37/36 42/38/37
f 1/39/34 45/40/38 82/41/39 55/42/35
f 1/39/34 22/43/40 60/44/41 45/40/38
f 1/39/34 42/45/37 74/46/42 22/43/40
f 89/47/43 105/48/44 115/49/45 2/50/46
f 89/51/47 25/52/48 76/53/49 102/54/50
f 89/51/47 100/55/51 64/56/52 25/52/48
f 2/57/53 35/58/54 56/59/55 24/60/56
f 3/61/57 54/62/58 82/41/39 45/40/38
f 90/63/59 26/64/60 84/65/61 104/66/62
f 90/63/59 99/67/63 67/68/64 26/64/60
f 3/61/57 45/40/38 60/44/41 21/69/65
f 4/70/66 41/71/67 72/72/68 33/73/69
f 91/74/70 27/75/71 77/76/72 101/77/73
f 91/74/70 98/78/74 66/79/75 27/75/71
f 4/70/66 33/73/69 62/80/76 18/81/77
f 5/82/78 53/83/79 80/84/80 43/85/81
f 92/86/82 28/87/83 85/88/84 103/89/85
f 92/90/82 97/91/86 65/92/87 28/93/83
f 5/82/78 43/85/81 58/94/88 15/95/89
f 64/96/90 68/33/32 29/28/28 25/97/91
f 86/19/19 84/65/92 26/64/93 30/20/20
f 71/25/25 30/20/20 26/64/93 67/68/94
f 79/11/11 77/98/95 27/99/96 31/12/12
f 70/17/17 31/12/12 27/99/96 66/100/97
f 87/3/3 85/101/98 28/102/99 32/4/4
f 69/9/9 32/4/4 28/102/99 65/103/100
f 69/9/9 65/103/100 38/104/101 40/105/102
f 79/11/11 40/106/102 38/107/101 77/98/95
f 71/108/25 67/109/94 37/110/103 39/111/104
f 78/27/27 39/111/104 37/110/103 76/112/105
f 64/113/90 48/114/106 50/115/107 68/116/32
f 6/117/108 15/95/89 58/94/88 16/118/109
f 93/119/110 38/120/111 65/92/87 97/91/86
f 93/119/110 101/77/73 77/76/72 38/120/111
f 6/121/108 16/122/109 72/123/68 41/124/67
f 7/125/112 21/69/65 60/44/41 22/43/40
f 94/126/113 37/127/114 67/68/64 99/67/63
f 94/128/113 102/54/50 76/53/49 37/129/114
f 113/130/115 110/131/116 109/132/117 114/133/118
f 8/134/119 52/135/120 80/136/80 13/137/121
f 8/138/119 42/38/37 88/37/36 52/139/120
f 8/134/119 35/58/54 74/140/42 42/141/37
f 8/134/119 13/137/121 56/59/55 35/58/54
f 120/31/30 127/30/26 71/108/25 39/111/104
f 59/142/122 125/143/10 121/144/123 34/145/124
f 120/31/30 39/111/104 78/27/27 128/22/22
f 121/144/123 125/143/10 69/146/9 40/106/102
f 63/147/125 126/148/18 122/149/126 46/150/127
f 121/144/123 40/106/102 79/11/11 129/6/6
f 9/151/128 16/122/109 58/152/88 43/153/81
f 9/151/128 51/154/129 72/123/68 16/122/109
f 9/151/128 52/139/120 88/37/36 51/154/129
f 9/155/128 43/156/81 80/136/80 52/135/120
f 87/3/3 50/115/107 48/114/106 85/101/98
f 70/17/17 66/100/97 47/157/130 49/158/131
f 86/19/19 49/159/131 47/160/130 84/65/92
f 10/161/132 24/60/56 56/59/55 13/137/121
f 95/162/133 48/163/134 64/56/52 100/55/51
f 95/162/133 103/89/85 85/88/84 48/163/134
f 10/161/132 13/137/121 80/136/80 53/164/79
f 11/165/135 18/81/77 62/80/76 19/166/136
f 96/167/137 47/168/138 66/79/75 98/78/74
f 96/169/137 104/66/62 84/65/61 47/160/138
f 11/170/135 19/171/136 82/41/39 54/62/58
f 12/172/139 33/173/69 72/123/68 51/154/129
f 12/172/139 19/174/136 62/175/76 33/173/69
f 12/172/139 55/36/35 82/176/39 19/174/136
f 12/172/139 51/154/129 88/37/36 55/36/35
f 122/149/126 126/148/18 70/177/17 49/159/131
f 124/178/33 123/179/140 44/180/141 57/181/142
f 122/149/126 49/159/131 86/19/19 130/14/14
f 123/179/140 124/178/33 68/116/32 50/115/107
f 123/179/140 50/115/107 87/3/3 131/2/2
f 11/170/135 54/62/58 104/66/143 96/169/144
f 11/165/135 96/182/144 98/183/145 18/81/77
f 10/184/132 53/83/79 103/185/146 95/186/147
f 10/184/132 95/186/147 100/187/148 24/188/56
f 7/125/149 111/189/150 108/190/151 94/126/152
f 7/191/112 94/192/153 99/193/154 21/194/65
f 6/195/108 41/71/67 101/196/155 93/197/156
f 6/117/108 93/198/156 97/199/157 15/95/89
f 5/82/78 15/95/89 97/199/157 92/200/158
f 5/82/78 92/200/158 103/185/146 53/83/79
f 4/70/66 18/81/77 98/183/145 91/201/159
f 4/70/66 91/201/159 101/196/155 41/71/67
f 3/61/57 21/69/65 99/67/154 90/63/160
f 3/61/57 90/63/160 104/66/143 54/62/58
f 2/50/53 24/202/56 100/203/148 89/47/161
f 112/204/162 107/205/163 110/206/116 113/207/115
f 105/48/44 106/208/164 110/209/116 107/210/163
f 108/211/151 109/212/117 110/209/116 106/208/164
f 102/213/165 106/208/164 105/48/44 89/47/43
f 115/49/45 105/48/44 107/210/163 112/214/162
f 114/133/118 109/132/117 108/190/151 111/189/150
f 94/215/152 108/211/151 106/208/164 102/213/165
f 22/43/166 114/133/118 111/189/150 7/125/149
f 2/57/46 115/216/45 112/204/162 35/58/167
f 35/58/168 112/204/162 113/207/115 74/140/169
f 74/46/169 113/130/115 114/133/118 22/43/170
f 78/27/27 76/112/105 25/97/91 29/28/28
f 81/217/171 44/180/141 123/179/140 131/2/2
f 83/13/13 46/150/127 122/149/126 130/14/14
f 73/5/5 34/145/124 121/144/123 129/6/6
f 75/21/21 36/32/31 120/31/30 128/22/22
f 124/34/33 57/218/142 23/24/24 119/23/23
f 61/219/29 20/16/16 118/15/15 127/26/26
f 63/220/125 17/8/8 117/7/7 126/18/18
f 59/221/122 14/222/172 116/1/1 125/10/10
f 81/217/171 131/2/2 116/1/1 14/222/172
f 34/223/124 73/224/5 144/225/173 136/226/174
f 46/150/127 83/13/13 147/227/175 139/228/176
f 23/24/24 57/218/142 140/229/177 135/230/178
f 83/13/13 20/16/16 134/231/179 147/227/175
f 20/16/16 61/219/29 142/232/180 134/231/179
f 73/224/5 17/233/8 133/234/181 144/225/173
f 57/181/142 44/180/141 138/235/182 140/236/177
f 61/29/29 36/32/31 137/237/183 142/238/180
f 17/233/8 63/239/125 143/240/184 133/234/181
f 44/180/141 81/217/171 146/241/185 138/235/182
f 81/217/171 14/222/172 132/242/186 146/241/185
f 36/32/31 75/21/21 145/243/187 137/237/183
f 14/222/172 59/221/122 141/244/188 132/242/186
f 59/245/122 34/223/124 136/226/174 141/246/188
f 63/147/125 46/150/127 139/228/176 143/247/184
f 75/21/21 23/24/24 135/230/178 145/243/187
f 263/248/189 179/249/190 234/250/191 278/251/192
f 220/252/193 164/253/194 264/254/195 276/255/196
f 263/248/189 272/256/197 216/257/198 179/249/190
f 264/254/195 178/258/199 226/259/200 276/255/196
f 230/260/201 167/261/202 265/262/203 277/263/204
f 264/254/195 273/264/205 217/265/206 178/258/199
f 265/262/203 177/266/207 233/267/208 277/263/204
f 222/268/209 170/269/210 266/270/211 275/271/212
f 265/262/203 274/272/213 218/273/214 177/266/207
f 266/274/211 176/275/215 225/276/216 275/277/212
f 208/278/217 183/279/218 267/280/219 274/272/213
f 266/274/211 271/281/220 215/282/221 176/275/215
f 148/283/222 189/284/223 235/285/224 202/286/225
f 148/287/222 202/288/225 229/289/226 192/290/227
f 148/287/222 192/290/227 207/291/228 169/292/229
f 148/283/222 169/293/229 221/294/230 189/284/223
f 236/295/231 149/296/232 262/297/233 252/298/234
f 236/295/235 249/299/236 223/300/237 172/301/238
f 236/295/235 172/301/238 211/302/239 247/303/240
f 149/296/241 171/304/242 203/305/243 182/306/244
f 150/307/245 192/290/227 229/289/226 201/308/246
f 237/309/247 251/310/248 231/311/249 173/312/250
f 237/309/247 173/312/250 214/313/251 246/314/252
f 150/307/245 168/315/253 207/291/228 192/290/227
f 151/316/254 180/317/255 219/318/256 188/319/257
f 238/320/258 248/321/259 224/322/260 174/323/261
f 238/320/258 174/323/261 213/324/262 245/325/263
f 151/316/254 165/326/264 209/327/265 180/317/255
f 152/328/266 190/329/267 227/330/268 200/331/269
f 239/332/270 250/333/271 232/334/272 175/335/273
f 239/336/270 175/337/273 212/338/274 244/339/275
f 152/328/266 162/340/276 205/341/277 190/329/267
f 211/302/278 172/301/279 176/275/215 215/282/221
f 233/267/208 177/266/207 173/312/280 231/311/281
f 218/273/214 214/313/282 173/312/280 177/266/207
f 226/259/200 178/258/199 174/342/283 224/343/284
f 217/265/206 213/344/285 174/342/283 178/258/199
f 234/250/191 179/249/190 175/345/286 232/346/287
f 216/257/198 212/347/288 175/345/286 179/249/190
f 216/257/198 187/348/289 185/349/290 212/347/288
f 226/259/200 224/343/284 185/350/290 187/351/289
f 218/273/214 186/352/291 184/353/292 214/313/282
f 225/354/216 223/355/293 184/353/292 186/352/291
f 211/356/278 215/357/221 197/358/294 195/359/295
f 153/360/296 163/361/297 205/341/277 162/340/276
f 240/362/298 244/339/275 212/338/274 185/363/299
f 240/362/298 185/363/299 224/322/260 248/321/259
f 153/364/296 188/319/257 219/318/256 163/365/297
f 154/366/300 169/292/229 207/291/228 168/315/253
f 241/367/301 246/314/252 214/313/251 184/353/302
f 241/368/301 184/369/302 223/300/237 249/299/236
f 260/370/303 261/371/304 256/372/305 257/373/306
f 155/374/307 160/375/308 227/376/268 199/377/309
f 155/374/307 199/377/309 235/285/224 189/284/223
f 155/374/307 189/284/223 221/294/230 182/306/244
f 155/374/307 182/306/244 203/305/243 160/375/308
f 267/280/219 186/352/291 218/273/214 274/272/213
f 206/378/310 181/379/311 268/380/312 272/381/197
f 267/382/219 275/277/212 225/276/216 186/383/291
f 268/380/312 187/351/289 216/384/198 272/381/197
f 210/385/313 193/386/314 269/387/315 273/388/205
f 268/380/312 276/255/196 226/259/200 187/351/289
f 156/389/316 190/390/267 205/391/277 163/365/297
f 156/389/316 163/365/297 219/318/256 198/392/317
f 156/389/316 198/392/317 235/393/224 199/394/309
f 156/395/316 199/377/309 227/376/268 190/396/267
f 234/250/191 232/346/287 195/359/295 197/358/294
f 217/265/206 196/397/318 194/398/319 213/344/285
f 233/267/208 231/311/281 194/399/319 196/400/318
f 157/401/320 160/375/308 203/305/243 171/304/242
f 242/402/321 247/303/240 211/302/239 195/403/322
f 242/402/321 195/403/322 232/334/272 250/333/271
f 157/404/320 200/331/269 227/330/268 160/405/308
f 158/406/323 166/407/324 209/327/265 165/326/264
f 243/408/325 245/325/263 213/324/262 194/409/326
f 243/410/325 194/399/326 231/311/249 251/310/248
f 158/411/323 201/308/246 229/289/226 166/412/324
f 159/413/327 198/392/317 219/318/256 180/317/255
f 159/413/327 180/317/255 209/327/265 166/407/324
f 159/413/327 166/407/324 229/414/226 202/415/225
f 159/413/327 202/415/225 235/393/224 198/392/317
f 269/387/315 196/400/318 217/416/206 273/388/205
f 271/417/220 204/418/328 191/419/329 270/420/330
f 269/387/315 277/263/204 233/267/208 196/400/318
f 270/420/330 197/358/294 215/357/221 271/417/220
f 270/420/330 278/251/192 234/250/191 197/358/294
f 158/411/323 243/410/331 251/310/332 201/308/246
f 158/421/323 165/422/264 245/423/333 243/424/331
f 157/404/320 242/425/334 250/426/335 200/331/269
f 157/404/320 171/427/242 247/428/336 242/425/334
f 154/366/337 241/367/338 255/429/339 258/430/340
f 154/366/300 168/315/253 246/314/341 241/367/342
f 153/431/296 240/432/343 248/433/344 188/434/257
f 153/360/296 162/340/276 244/435/345 240/436/343
f 152/328/266 239/437/346 244/435/345 162/340/276
f 152/328/266 200/331/269 250/426/335 239/437/346
f 151/438/254 238/439/347 245/423/333 165/422/264
f 151/438/254 188/434/257 248/433/344 238/439/347
f 150/307/245 237/309/348 246/314/341 168/315/253
f 150/307/245 201/308/246 251/310/332 237/309/348
f 149/296/241 236/295/349 247/303/336 171/304/242
f 259/440/350 260/441/303 257/442/306 254/443/351
f 252/298/234 254/443/351 257/442/306 253/444/352
f 255/429/339 253/445/352 257/373/306 256/372/305
f 249/446/353 236/447/231 252/448/234 253/449/352
f 262/297/233 259/440/350 254/443/351 252/298/234
f 261/371/304 258/430/340 255/429/339 256/372/305
f 241/450/338 249/446/353 253/449/352 255/451/339
f 169/292/354 154/366/337 258/430/340 261/371/304
f 149/296/232 182/306/355 259/440/350 262/297/233
f 182/306/356 221/294/357 260/441/303 259/440/350
f 221/452/357 169/292/358 261/371/304 260/370/303
f 225/276/216 176/275/215 172/301/279 223/300/293
f 228/453/359 278/251/192 270/420/330 191/419/329
f 230/260/201 277/263/204 269/387/315 193/386/314
f 220/252/193 276/255/196 268/380/312 181/379/311
f 222/454/209 275/277/212 267/382/219 183/455/218
f 271/456/220 266/270/211 170/269/210 204/457/328
f 208/278/217 274/272/213 265/262/203 167/261/202
f 210/458/313 273/264/205 264/254/195 164/253/194
f 206/459/310 272/256/197 263/248/189 161/460/360
f 228/453/359 161/460/360 263/248/189 278/251/192
f 181/461/311 283/462/361 291/463/362 220/464/193
f 193/386/314 286/465/363 294/466/364 230/260/201
f 170/269/210 282/467/365 287/468/366 204/457/328
f 230/260/201 294/466/364 281/469/367 167/261/202
f 167/261/202 281/469/367 289/470/368 208/278/217
f 220/464/193 291/463/362 280/471/369 164/472/194
f 204/418/328 287/473/366 285/474/370 191/419/329
f 208/278/217 289/470/368 284/475/371 183/279/218
f 164/472/194 280/471/369 290/476/372 210/477/313
f 191/419/329 285/474/370 293/478/373 228/453/359
f 228/453/359 293/478/373 279/479/374 161/460/360
f 183/480/218 284/481/371 292/482/375 222/268/209
f 161/460/360 279/479/374 288/483/376 206/459/310
f 206/484/310 288/485/376 283/462/361 181/461/311
f 210/385/313 290/486/372 286/465/363 193/386/314
f 222/268/209 292/482/375 282/467/365 170/269/210
f 295/487/377 423/488/378 472/489/379 418/490/380
f 295/487/377 418/490/380 443/491/381 343/492/382
f 295/487/377 343/492/382 434/493/383 415/494/384
f 295/495/377 415/496/384 469/497/385 423/498/378
f 296/499/386 422/500/387 471/501/388 417/502/389
f 296/499/386 417/502/389 438/503/390 345/504/391
f 296/505/386 345/506/391 432/507/392 416/508/393
f 296/509/386 416/510/393 470/511/394 422/512/387
f 297/513/395 398/514/396 460/515/397 405/516/398
f 297/513/395 405/516/398 459/517/399 393/518/400
f 297/519/401 393/520/402 456/521/403 391/522/404
f 297/519/401 391/522/404 453/523/405 398/524/406
f 298/525/407 382/526/408 448/527/409 373/528/410
f 298/525/407 373/528/410 689/529/411 675/530/412
f 298/531/407 675/532/412 687/533/413 348/534/414
f 298/531/407 348/534/414 446/535/415 382/536/408
f 299/537/416 367/538/417 442/539/418 364/540/419
f 299/537/416 364/540/419 439/541/420 349/542/421
f 299/537/416 349/542/421 436/543/422 363/544/423
f 299/537/416 363/544/423 441/545/424 367/538/417
f 300/546/425 366/547/426 450/548/427 381/549/428
f 300/546/425 381/549/428 447/550/429 350/551/430
f 300/546/425 350/551/430 435/552/431 362/553/432
f 300/546/425 362/553/432 440/554/433 366/547/426
f 301/555/434 380/556/435 443/557/381 368/558/436
f 301/555/434 368/558/436 685/559/437 677/560/438
f 301/555/434 677/560/438 689/529/411 373/528/410
f 301/555/434 373/528/410 448/527/409 380/556/435
f 302/561/439 397/562/440 458/563/441 404/564/442
f 302/561/439 404/564/442 457/565/443 374/566/444
f 302/561/445 374/566/446 452/567/447 388/568/448
f 302/561/445 388/568/448 455/569/449 397/562/450
f 303/570/451 421/571/452 469/572/385 415/573/384
f 303/570/451 415/573/384 434/574/383 352/575/453
f 303/570/451 352/575/453 438/503/390 417/502/389
f 303/570/451 417/502/389 471/501/388 421/571/452
f 304/576/454 365/577/455 440/578/433 362/579/432
f 304/576/454 362/579/432 435/580/431 353/581/456
f 304/576/454 353/581/456 439/541/420 364/540/419
f 304/576/454 364/540/419 442/539/418 365/577/455
f 305/582/457 344/583/458 433/584/459 359/585/460
f 305/582/457 359/585/460 440/578/433 365/577/455
f 305/582/457 365/577/455 442/539/418 361/586/461
f 305/582/457 361/586/461 437/587/462 344/583/458
f 306/588/463 370/589/464 445/590/465 378/591/466
f 306/588/463 378/591/466 450/548/427 366/547/426
f 306/588/463 366/547/426 440/554/433 359/592/460
f 306/588/463 359/592/460 433/593/459 370/589/464
f 307/594/467 351/595/468 437/587/462 361/586/461
f 307/594/467 361/586/461 442/539/418 367/538/417
f 307/594/467 367/538/417 441/545/424 360/596/469
f 307/594/467 360/596/469 431/597/470 351/595/468
f 308/598/471 369/599/472 444/600/473 377/601/474
f 424/602/475 340/603/476 491/604/477 487/605/478
f 348/534/414 687/533/413 718/606/479 475/607/480
f 308/598/471 680/608/481 686/609/482 369/599/472
f 309/610/483 346/611/484 431/612/470 360/613/469
f 309/610/483 444/600/473 346/611/484
f 310/614/485 347/615/486 684/616/487 681/617/488
f 310/614/485 681/617/488 691/618/489 375/619/490
f 310/614/485 375/619/490 450/548/427 378/591/466
f 310/614/485 378/591/466 445/590/465 347/615/486
f 311/620/491 678/621/492 684/622/487 347/623/486
f 311/620/491 347/623/486 445/624/465 379/625/493
f 311/620/491 379/625/493 449/626/494 355/627/495
f 311/620/491 355/627/495 690/628/496 678/621/492
f 312/629/497 352/630/453 434/493/383 343/492/382
f 312/631/497 343/632/382 443/557/381 380/556/435
f 312/631/497 380/556/435 448/527/409 354/633/498
f 312/631/497 354/633/498 438/634/390 352/635/453
f 313/636/499 375/619/490 691/618/489 682/637/500
f 313/636/499 682/637/500 688/638/501 372/639/502
f 313/636/499 372/639/502 447/550/429 381/549/428
f 313/636/499 381/549/428 450/548/427 375/619/490
f 314/640/503 420/641/504 470/642/394 416/508/393
f 314/640/503 416/508/393 432/507/392 371/643/505
f 446/535/415 348/534/414 475/607/480 493/644/506
f 420/641/504 314/640/503 483/645/507 485/646/508
f 315/647/509 345/648/391 438/634/390 354/633/498
f 315/647/509 354/633/498 448/527/409 382/526/408
f 315/649/509 382/536/408 446/535/415 371/643/505
f 315/649/509 371/643/505 432/507/392 345/506/391
f 316/650/510 676/651/511 690/628/496 355/627/495
f 316/650/510 355/627/495 449/626/494 383/652/512
f 316/650/510 383/652/512 444/653/473 369/654/472
f 316/650/510 369/654/472 686/655/482 676/651/511
f 317/656/513 419/657/514 692/658/515 683/659/516
f 317/656/513 683/659/516 685/660/437 368/661/436
f 317/656/513 368/661/436 443/491/381 418/490/380
f 317/656/513 418/490/380 472/489/379 419/657/514
f 318/662/517 391/522/404 456/521/403 389/663/518
f 318/662/517 389/663/518 451/664/519 387/665/520
f 318/662/517 387/665/520 454/666/521 386/667/522
f 318/662/517 386/667/522 453/523/405 391/522/404
f 319/668/523 390/669/524 455/670/449 388/671/448
f 319/668/523 388/671/448 452/672/447 385/673/525
f 319/668/523 385/673/525 451/664/519 389/663/518
f 319/668/523 389/663/518 456/521/403 390/669/524
f 320/674/526 399/675/527 462/676/528 403/677/529
f 320/678/526 403/679/529 461/680/530 395/681/531
f 320/682/532 395/683/533 454/666/521 387/665/520
f 320/682/532 387/665/520 451/664/519 399/684/534
f 321/685/535 393/518/400 459/517/399 402/686/536
f 321/687/535 402/688/536 458/563/441 397/562/440
f 321/689/537 397/690/450 455/670/449 390/669/524
f 321/689/537 390/669/524 456/521/403 393/520/402
f 322/691/538 395/681/531 461/680/530 401/692/539
f 322/691/538 401/692/539 460/693/397 398/694/396
f 322/695/540 398/524/406 453/523/405 386/667/522
f 322/695/540 386/667/522 454/666/521 395/683/533
f 323/696/541 374/566/444 457/565/443 400/697/542
f 323/698/541 400/699/542 462/676/528 399/675/527
f 323/700/543 399/684/534 451/664/519 385/673/525
f 323/700/543 385/673/525 452/672/447 374/701/446
f 341/702/544 463/703/545 413/704/546 426/705/547
f 464/706/548 324/707/549 425/708/550 414/709/551
f 324/710/549 430/711/552 462/676/528 400/699/542
f 324/712/549 400/713/542 457/714/443 425/715/550
f 464/716/548 409/717/553 430/711/552 324/710/549
f 465/718/554 325/719/555 427/720/556 412/721/557
f 325/719/555 429/722/558 460/693/397 401/692/539
f 325/719/555 401/692/539 461/680/530 427/720/556
f 465/718/554 410/723/559 429/722/558 325/719/555
f 466/724/560 326/725/561 426/705/547 413/704/546
f 326/726/561 428/727/562 458/563/441 402/688/536
f 326/725/561 402/686/536 459/517/399 426/705/547
f 466/728/560 411/729/563 428/727/562 326/726/561
f 467/730/564 327/731/565 430/711/552 409/717/553
f 327/732/565 427/720/556 461/680/530 403/679/529
f 327/731/565 403/677/529 462/676/528 430/711/552
f 467/733/564 412/721/557 427/720/556 327/732/565
f 468/734/566 328/735/567 428/736/562 411/737/563
f 328/738/567 425/739/550 457/565/443 404/564/442
f 328/738/567 404/564/442 458/563/441 428/727/562
f 329/740/568 394/741/569 444/653/473 383/652/512
f 329/740/568 383/652/512 449/626/494 407/742/570
f 463/703/545 410/743/559 394/744/569 329/745/568
f 468/734/566 414/709/551 425/708/550 328/735/567
f 330/746/571 392/747/572 445/590/465 370/589/464
f 330/748/571 370/749/464 433/750/459 406/751/573
f 334/752/574 396/753/575 409/717/553 464/716/548
f 333/754/576 465/718/554 412/721/557 408/755/577
f 331/756/578 396/753/575 437/587/462 351/595/468
f 331/757/578 351/758/468 431/759/470 408/760/577
f 333/754/576 394/761/569 410/723/559 465/718/554
f 332/762/579 466/724/560 413/704/546 407/763/580
f 332/764/579 407/742/570 449/626/494 379/625/493
f 332/765/579 379/766/493 445/590/465 392/747/572
f 332/765/579 392/747/572 411/729/563 466/728/560
f 331/756/578 467/730/564 409/717/553 396/753/575
f 333/754/576 408/755/577 431/612/470 346/611/484
f 333/754/576 346/611/484 394/761/569
f 331/757/578 408/760/577 412/767/557 467/768/564
f 330/746/571 468/769/566 411/729/563 392/747/572
f 334/752/574 406/770/573 433/584/459 344/583/458
f 334/752/574 344/583/458 437/587/462 396/753/575
f 341/702/544 429/771/558 410/743/559 463/703/545
f 330/748/571 406/751/573 414/709/551 468/734/566
f 335/772/581 372/639/502 688/638/501 679/773/582
f 335/772/581 679/773/582 692/658/515 419/657/514
f 335/772/581 419/657/514 472/489/379 384/774/583
f 335/772/581 384/774/583 447/550/429 372/639/502
f 336/775/584 363/776/423 436/777/422 424/602/475
f 680/608/481 308/598/471 481/778/585 705/779/586
f 376/780/587 336/775/584 486/781/588 488/782/589
f 336/775/584 376/780/587 441/783/424 363/776/423
f 337/784/590 353/581/456 435/580/431 356/785/591
f 337/784/590 356/785/591 469/572/385 421/571/452
f 337/784/590 421/571/452 471/501/388 358/786/592
f 337/784/590 358/786/592 439/541/420 353/581/456
f 314/640/503 371/643/505 484/787/593 483/645/507
f 371/643/505 446/535/415 493/644/506 484/787/593
f 377/601/474 342/788/594 492/789/595 482/790/596
f 336/775/584 424/602/475 487/605/478 486/781/588
f 338/791/597 349/542/421 439/541/420 358/786/592
f 338/791/597 358/786/592 471/501/388 422/500/387
f 338/791/597 422/500/387 470/792/394 357/793/598
f 338/791/597 357/793/598 436/543/422 349/542/421
f 339/794/599 350/551/430 447/550/429 384/774/583
f 339/794/599 384/774/583 472/489/379 423/488/378
f 339/794/599 423/488/378 469/795/385 356/796/591
f 339/794/599 356/796/591 435/552/431 350/551/430
f 308/598/471 377/601/474 482/790/596 481/778/585
f 340/603/476 424/602/475 436/777/422 357/797/598
f 340/603/476 357/797/598 470/642/394 420/641/504
f 340/603/476 420/641/504 485/646/508 491/604/477
f 334/752/574 464/716/548 414/798/551 406/770/573
f 341/702/544 426/705/547 459/517/399 405/516/398
f 341/702/544 405/516/398 460/515/397 429/771/558
f 342/788/594 377/601/474 444/600/473 309/610/483
f 342/788/594 309/610/483 441/783/424 376/780/587
f 342/788/594 376/780/587 488/782/589 492/789/595
f 463/703/545 329/745/568 407/763/580 413/704/546
f 473/799/600 476/800/601 496/801/602 474/802/603
f 473/799/600 474/802/603 493/644/506 475/607/480
f 473/799/600 475/607/480 718/606/479 696/803/604
f 473/799/600 696/803/604 721/804/605 476/800/601
f 477/805/606 480/806/607 495/807/608 478/808/609
f 477/805/606 478/808/609 494/809/610 479/810/611
f 477/805/606 479/810/611 720/811/612 701/812/613
f 477/805/606 701/812/613 722/813/614 480/806/607
f 481/778/585 482/790/596 495/807/608 480/806/607
f 481/778/585 480/806/607 722/813/614 705/779/586
f 483/645/507 484/787/593 493/644/506 474/802/603
f 483/645/507 474/802/603 496/801/602 485/646/508
f 486/781/588 487/605/478 494/809/610 478/808/609
f 486/781/588 478/808/609 495/807/608 488/782/589
f 489/814/615 479/810/611 494/809/610 490/815/616
f 489/814/615 490/815/616 496/801/602 476/800/601
f 489/814/615 476/800/601 721/804/605 714/816/617
f 489/814/615 714/816/617 720/811/612 479/810/611
f 491/604/477 490/815/616 494/809/610 487/605/478
f 491/604/477 485/646/508 496/801/602 490/815/616
f 492/789/595 488/782/589 495/807/608 482/790/596
f 394/761/569 346/611/484 444/600/473
f 441/545/424 309/817/483 360/596/469
f 497/818/618 620/819/619 674/820/620 625/821/621
f 497/818/618 545/822/622 645/823/623 620/819/619
f 497/818/618 617/824/624 636/825/625 545/822/622
f 497/818/618 625/821/621 671/826/626 617/824/624
f 498/827/627 619/828/628 673/829/629 624/830/630
f 498/827/627 547/831/631 640/832/632 619/828/628
f 498/833/627 618/834/633 634/835/634 547/836/631
f 498/827/627 624/830/630 672/837/635 618/838/633
f 499/839/636 607/840/637 662/841/638 600/842/639
f 499/843/636 595/844/640 661/845/641 607/846/637
f 499/847/642 593/848/643 658/849/644 595/850/645
f 499/847/642 600/851/646 655/852/647 593/848/643
f 500/853/648 575/854/649 650/855/650 584/856/651
f 500/853/648 675/530/412 689/529/411 575/854/649
f 500/857/648 550/858/652 687/533/413 675/532/412
f 500/857/648 584/859/651 648/860/653 550/858/652
f 501/861/654 566/862/655 644/863/656 569/864/657
f 501/861/654 551/865/658 641/866/659 566/862/655
f 501/861/654 565/867/660 638/868/661 551/865/658
f 501/861/654 569/864/657 643/869/662 565/867/660
f 502/870/663 583/871/664 652/872/665 568/873/666
f 502/870/663 552/874/667 649/875/668 583/871/664
f 502/870/663 564/876/669 637/877/670 552/874/667
f 502/870/663 568/873/666 642/878/671 564/876/669
f 503/879/672 570/880/673 645/823/623 582/881/674
f 503/879/672 677/882/438 685/660/437 570/880/673
f 503/883/672 575/854/649 689/529/411 677/560/438
f 503/883/672 582/884/674 650/855/650 575/854/649
f 504/885/675 606/886/676 660/887/677 599/888/678
f 504/885/675 576/889/679 659/890/680 606/886/676
f 504/885/681 590/891/682 654/892/683 576/889/684
f 504/885/681 599/888/685 657/893/686 590/891/682
f 505/894/687 617/895/624 671/896/626 623/897/688
f 505/894/687 554/898/689 636/899/625 617/895/624
f 505/894/687 619/828/628 640/832/632 554/898/689
f 505/894/687 623/897/688 673/829/629 619/828/628
f 506/900/690 564/876/669 642/878/671 567/901/691
f 506/902/690 555/903/692 637/904/670 564/905/669
f 506/902/690 566/862/655 641/866/659 555/903/692
f 506/902/690 567/906/691 644/863/656 566/862/655
f 507/907/693 561/908/694 635/909/695 546/910/696
f 507/911/693 567/901/691 642/878/671 561/912/694
f 507/907/693 563/913/697 644/863/656 567/906/691
f 507/907/693 546/910/696 639/914/698 563/913/697
f 508/915/699 580/916/700 647/917/701 572/918/702
f 508/915/699 568/873/666 652/872/665 580/916/700
f 508/915/699 561/912/694 642/878/671 568/873/666
f 508/915/699 572/918/702 635/919/695 561/912/694
f 509/920/703 563/913/697 639/914/698 553/921/704
f 509/920/703 569/864/657 644/863/656 563/913/697
f 509/920/703 562/922/705 643/869/662 569/864/657
f 509/920/703 553/921/704 633/923/706 562/922/705
f 510/924/707 579/925/708 646/926/709 571/927/710
f 626/928/711 710/929/712 715/930/713 542/931/714
f 550/858/652 695/932/715 718/606/479 687/533/413
f 510/924/707 571/927/710 686/609/482 680/608/481
f 511/933/716 562/934/705 633/935/706 548/936/717
f 511/933/716 548/936/717 646/926/709
f 512/937/718 681/617/488 684/616/487 549/938/719
f 512/937/718 577/939/720 691/618/489 681/617/488
f 512/937/718 580/916/700 652/872/665 577/939/720
f 512/937/718 549/938/719 647/917/701 580/916/700
f 513/940/721 549/941/719 684/622/487 678/621/492
f 513/940/721 581/942/722 647/943/701 549/941/719
f 513/940/721 557/944/723 651/945/724 581/942/722
f 513/940/721 678/621/492 690/628/496 557/944/723
f 514/946/725 545/822/622 636/825/625 554/947/689
f 514/946/725 582/881/674 645/823/623 545/822/622
f 514/948/725 556/949/726 650/855/650 582/884/674
f 514/950/725 554/898/689 640/832/632 556/951/726
f 515/952/727 682/637/500 691/618/489 577/939/720
f 515/952/727 574/953/728 688/638/501 682/637/500
f 515/952/727 583/871/664 649/875/668 574/953/728
f 515/952/727 577/939/720 652/872/665 583/871/664
f 516/954/729 618/834/633 672/955/635 622/956/730
f 516/954/729 573/957/731 634/835/634 618/834/633
f 648/860/653 717/958/732 695/932/715 550/858/652
f 622/956/730 708/959/733 706/960/734 516/954/729
f 517/961/735 556/951/726 640/832/632 547/831/631
f 517/962/735 584/859/651 650/963/650 556/964/726
f 517/962/735 573/957/731 648/860/653 584/859/651
f 517/962/735 547/836/631 634/835/634 573/957/731
f 518/965/736 557/944/723 690/628/496 676/651/511
f 518/965/736 585/966/737 651/945/724 557/944/723
f 518/965/736 571/967/710 646/968/709 585/966/737
f 518/965/736 676/651/511 686/655/482 571/967/710
f 519/969/738 683/659/516 692/658/515 621/970/739
f 519/969/738 570/880/673 685/660/437 683/659/516
f 519/969/738 620/819/619 645/823/623 570/880/673
f 519/969/738 621/970/739 674/820/620 620/819/619
f 520/971/740 591/972/741 658/849/644 593/848/643
f 520/971/740 589/973/742 653/974/743 591/972/741
f 520/971/740 588/975/744 656/976/745 589/973/742
f 520/971/740 593/848/643 655/852/647 588/975/744
f 521/977/746 590/978/682 657/979/686 592/980/747
f 521/977/746 587/981/748 654/982/683 590/978/682
f 521/977/746 591/972/741 653/974/743 587/981/748
f 521/977/746 592/980/747 658/849/644 591/972/741
f 522/983/749 605/984/750 664/985/751 601/986/752
f 522/983/749 597/987/753 663/988/754 605/984/750
f 522/989/755 589/973/742 656/976/745 597/990/756
f 522/989/755 601/991/757 653/974/743 589/973/742
f 523/992/758 604/993/759 661/845/641 595/844/640
f 523/992/758 599/994/678 660/995/677 604/993/759
f 523/996/760 592/980/747 657/979/686 599/997/685
f 523/996/760 595/850/645 658/849/644 592/980/747
f 524/998/761 603/999/762 663/1000/754 597/1001/753
f 524/998/761 600/842/639 662/841/638 603/999/762
f 524/1002/763 588/975/744 655/852/647 600/851/646
f 524/1002/763 597/990/756 656/976/745 588/975/744
f 525/1003/764 602/1004/765 659/890/680 576/889/679
f 525/1005/764 601/986/752 664/985/751 602/1006/765
f 525/1007/766 587/981/748 653/974/743 601/991/757
f 525/1003/766 576/889/684 654/892/683 587/1008/748
f 543/1009/767 628/1010/768 615/1011/769 665/1012/770
f 666/1013/771 616/1014/772 627/1015/773 526/1016/774
f 526/1017/774 602/1006/765 664/985/751 632/1018/775
f 526/1019/774 627/1020/773 659/890/680 602/1004/765
f 666/1021/771 526/1017/774 632/1018/775 611/1022/776
f 667/1023/777 614/1024/778 629/1025/779 527/1026/780
f 527/1026/780 603/999/762 662/841/638 631/1027/781
f 527/1026/780 629/1025/779 663/1000/754 603/999/762
f 667/1023/777 527/1026/780 631/1027/781 612/1028/782
f 668/1029/783 615/1011/769 628/1010/768 528/1030/784
f 528/1030/784 604/993/759 660/995/677 630/1031/785
f 528/1030/784 628/1010/768 661/845/641 604/993/759
f 668/1032/783 528/1033/784 630/1034/785 613/1035/786
f 669/1036/787 611/1022/776 632/1018/775 529/1037/788
f 529/1038/788 605/1039/750 663/1000/754 629/1025/779
f 529/1037/788 632/1018/775 664/985/751 605/984/750
f 669/1040/787 529/1038/788 629/1025/779 614/1024/778
f 670/1041/789 613/1042/786 630/1043/785 530/1044/790
f 530/1045/790 606/886/676 659/890/680 627/1020/773
f 530/1045/790 630/1046/785 660/887/677 606/886/676
f 531/1047/791 585/966/737 646/968/709 596/1048/792
f 531/1047/791 609/1049/793 651/945/724 585/966/737
f 665/1012/770 531/1050/791 596/1051/792 612/1052/782
f 670/1041/789 530/1044/790 627/1015/773 616/1014/772
f 532/1053/794 572/918/702 647/917/701 594/1054/795
f 532/1053/794 608/1055/796 635/919/695 572/918/702
f 536/1056/797 666/1021/771 611/1022/776 598/1057/798
f 535/1058/799 610/1059/800 614/1024/778 667/1023/777
f 533/1060/801 553/921/704 639/914/698 598/1057/798
f 533/1060/801 610/1061/800 633/923/706 553/921/704
f 535/1058/799 667/1023/777 612/1028/782 596/1062/792
f 534/1063/802 609/1064/803 615/1011/769 668/1029/783
f 534/1065/802 581/942/722 651/945/724 609/1049/793
f 534/1065/802 594/1066/795 647/943/701 581/942/722
f 534/1063/802 668/1029/783 613/1067/786 594/1068/795
f 533/1060/801 598/1057/798 611/1022/776 669/1036/787
f 535/1058/799 548/936/717 633/935/706 610/1059/800
f 535/1058/799 596/1062/792 548/936/717
f 533/1060/801 669/1036/787 614/1069/778 610/1061/800
f 532/1070/794 594/1071/795 613/1042/786 670/1041/789
f 536/1056/797 546/910/696 635/909/695 608/1072/796
f 536/1056/797 598/1057/798 639/914/698 546/910/696
f 543/1009/767 665/1012/770 612/1052/782 631/1073/781
f 532/1070/794 670/1041/789 616/1014/772 608/1074/796
f 537/1075/804 679/773/582 688/638/501 574/953/728
f 537/1075/804 621/970/739 692/658/515 679/773/582
f 537/1075/804 586/1076/805 674/820/620 621/970/739
f 537/1075/804 574/953/728 649/875/668 586/1076/805
f 538/1077/806 626/928/711 638/1078/661 565/1079/660
f 680/608/481 705/779/586 703/1080/807 510/924/707
f 578/1081/808 711/1082/809 709/1083/810 538/1077/806
f 538/1077/806 565/1079/660 643/1084/662 578/1081/808
f 539/1085/811 558/1086/812 637/904/670 555/903/692
f 539/1085/811 623/897/688 671/896/626 558/1086/812
f 539/1085/811 560/1087/813 673/829/629 623/897/688
f 539/1085/811 555/903/692 641/866/659 560/1087/813
f 516/954/729 706/960/734 707/1088/814 573/957/731
f 573/957/731 707/1088/814 717/958/732 648/860/653
f 579/925/708 704/1089/815 716/1090/816 544/1091/817
f 538/1077/806 709/1083/810 710/929/712 626/928/711
f 540/1092/818 560/1087/813 641/866/659 551/865/658
f 540/1092/818 624/830/630 673/829/629 560/1087/813
f 540/1092/818 559/1093/819 672/837/635 624/830/630
f 540/1092/818 551/865/658 638/868/661 559/1093/819
f 541/1094/820 586/1076/805 649/875/668 552/874/667
f 541/1094/820 625/821/621 674/820/620 586/1076/805
f 541/1094/820 558/1095/812 671/826/626 625/821/621
f 541/1094/820 552/874/667 637/877/670 558/1095/812
f 510/924/707 703/1080/807 704/1089/815 579/925/708
f 542/931/714 559/1096/819 638/1078/661 626/928/711
f 542/931/714 622/956/730 672/955/635 559/1096/819
f 542/931/714 715/930/713 708/959/733 622/956/730
f 536/1056/797 608/1072/796 616/1097/772 666/1021/771
f 543/1009/767 607/846/637 661/845/641 628/1010/768
f 543/1009/767 631/1073/781 662/1098/638 607/846/637
f 544/1091/817 511/933/716 646/926/709 579/925/708
f 544/1091/817 578/1081/808 643/1084/662 511/933/716
f 544/1091/817 716/1090/816 711/1082/809 578/1081/808
f 665/1012/770 615/1011/769 609/1064/803 531/1050/791
f 693/1099/821 694/1100/822 724/1101/823 697/1102/824
f 693/1099/821 695/932/715 717/958/732 694/1100/822
f 693/1099/821 696/803/604 718/606/479 695/932/715
f 693/1099/821 697/1102/824 721/804/605 696/803/604
f 698/1103/825 699/1104/826 723/1105/827 702/1106/828
f 698/1103/825 700/1107/829 719/1108/830 699/1104/826
f 698/1103/825 701/812/613 720/811/612 700/1107/829
f 698/1103/825 702/1106/828 722/813/614 701/812/613
f 703/1080/807 702/1106/828 723/1105/827 704/1089/815
f 703/1080/807 705/779/586 722/813/614 702/1106/828
f 706/960/734 694/1100/822 717/958/732 707/1088/814
f 706/960/734 708/959/733 724/1101/823 694/1100/822
f 709/1083/810 699/1104/826 719/1108/830 710/929/712
f 709/1083/810 711/1082/809 723/1105/827 699/1104/826
f 712/1109/831 713/1110/832 719/1108/830 700/1107/829
f 712/1109/831 697/1102/824 724/1101/823 713/1110/832
f 712/1109/831 714/816/617 721/804/605 697/1102/824
f 712/1109/831 700/1107/829 720/811/612 714/816/617
f 715/930/713 710/929/712 719/1108/830 713/1110/832
f 715/930/713 713/1110/832 724/1101/823 708/959/733
f 716/1090/816 704/1089/815 723/1105/827 711/1082/809
f 596/1062/792 646/926/709 548/936/717
f 643/869/662 562/922/705 511/1111/716
f 725/1112/833 743/1113/834 771/1114/835 742/1115/836
f 725/1112/833 742/1115/836 770/1116/837 745/1117/838
f 725/1118/839 745/1119/840 773/1120/841 744/1121/842
f 725/1118/839 744/1121/842 772/1122/843 743/1123/844
f 726/1124/845 751/1125/846 775/1126/847 757/1127/848
f 726/1124/845 757/1127/848 774/1128/849 746/1129/850
f 726/1124/845 746/1129/850 772/1122/843 744/1121/842
f 726/1124/845 744/1121/842 773/1120/841 751/1125/846
f 727/1130/851 753/1131/852 777/1132/853 756/1133/854
f 727/1130/851 756/1133/854 776/1134/855 748/1135/856
f 727/1136/851 748/1137/856 770/1116/837 742/1115/836
f 727/1130/851 742/1138/836 771/1139/835 753/1131/852
f 728/1140/857 748/1141/856 776/1142/858 755/1143/859
f 728/1140/860 755/1143/861 775/1144/862 751/1145/846
f 728/1140/860 751/1145/846 773/1146/841 745/1147/840
f 728/1148/857 745/1117/838 770/1116/837 748/1137/856
f 729/1149/863 746/1129/850 774/1128/864 754/1150/865
f 729/1151/866 754/1152/867 777/1153/868 753/1154/852
f 729/1151/866 753/1154/852 771/1155/835 743/1156/834
f 729/1149/863 743/1123/844 772/1122/843 746/1129/850
f 730/1157/869 750/1158/870 780/1159/871 765/1160/872
f 730/1161/873 765/1162/874 779/1163/875 759/1164/876
f 730/1161/873 759/1164/876 777/1153/868 754/1152/867
f 730/1161/869 754/1152/865 774/1165/864 750/1166/870
f 731/1167/877 752/1168/878 781/1169/879 764/1170/880
f 731/1167/881 764/1170/882 778/1171/883 758/1172/884
f 731/1167/881 758/1172/884 775/1144/862 755/1143/861
f 731/1167/877 755/1143/859 776/1142/858 752/1168/878
f 732/1173/885 759/1174/886 779/1175/887 763/1176/888
f 732/1173/885 763/1176/888 781/1177/889 752/1178/890
f 732/1173/885 752/1178/890 776/1179/855 756/1180/854
f 732/1173/885 756/1180/854 777/1181/853 759/1174/886
f 733/1182/891 758/1183/884 778/1184/883 762/1185/892
f 733/1182/891 762/1185/892 780/1159/871 750/1158/870
f 733/1186/891 750/1187/870 774/1128/849 757/1127/848
f 733/1186/891 757/1127/848 775/1126/847 758/1188/884
f 782/1189/893 786/1190/894 769/1191/894 740/1192/895
f 782/1189/893 740/1192/895 767/1193/896 788/1194/896
f 734/1195/897 760/1196/898 780/1159/871 762/1185/892
f 734/1195/897 762/1185/892 778/1184/883 747/1197/899
f 783/1198/900 787/1199/901 766/1200/901 738/1201/902
f 783/1198/900 738/1201/902 768/1202/903 789/1203/903
f 735/1204/904 761/1205/905 781/1177/889 763/1176/888
f 735/1204/904 763/1176/888 779/1175/887 749/1206/906
f 784/1207/907 789/1208/908 768/1209/908 741/1210/909
f 784/1207/907 741/1210/909 769/1211/910 786/1212/910
f 736/1213/911 747/1214/899 778/1171/883 764/1170/882
f 736/1213/912 764/1170/880 781/1169/879 761/1215/912
f 785/1216/913 788/1217/914 767/1218/914 739/1219/915
f 785/1216/913 739/1219/915 766/1220/916 787/1221/916
f 737/1222/917 749/1223/917 779/1163/875 765/1162/874
f 737/1224/918 765/1160/872 780/1159/871 760/1196/898
f 737/1222/919 785/1225/920 787/1226/921 749/1223/922
f 737/1222/919 760/1227/923 788/1228/923 785/1225/920
f 736/1213/924 784/1207/925 786/1212/926 747/1214/926
f 736/1229/924 761/1205/927 789/1203/928 784/1230/925
f 735/1204/929 783/1198/930 789/1203/928 761/1205/927
f 735/1204/929 749/1206/922 787/1199/921 783/1198/930
f 734/1195/931 782/1189/932 788/1194/933 760/1196/933
f 734/1195/931 747/1197/934 786/1190/934 782/1189/932
f 790/1231/935 807/1232/936 836/1233/937 808/1234/938
f 790/1231/935 810/1235/939 835/1236/940 807/1232/936
f 790/1237/941 809/1238/942 838/1239/943 810/1240/944
f 790/1241/941 808/1242/945 837/1243/946 809/1244/942
f 791/1245/947 822/1246/948 840/1247/949 816/1248/950
f 791/1245/947 811/1249/951 839/1250/952 822/1246/948
f 791/1245/947 809/1238/942 837/1251/946 811/1249/951
f 791/1245/947 816/1248/950 838/1239/943 809/1238/942
f 792/1252/953 821/1253/954 842/1254/955 818/1255/956
f 792/1252/953 813/1256/957 841/1257/958 821/1253/954
f 792/1258/953 807/1232/936 835/1236/940 813/1259/957
f 792/1252/953 818/1255/956 836/1260/937 807/1261/936
f 793/1262/959 820/1263/960 841/1264/961 813/1265/957
f 793/1266/962 816/1248/950 840/1247/963 820/1267/964
f 793/1266/962 810/1240/944 838/1239/943 816/1248/950
f 793/1268/959 813/1259/957 835/1236/940 810/1235/939
f 794/1269/965 819/1270/966 839/1271/967 811/1272/951
f 794/1269/968 818/1273/956 842/1274/969 819/1270/970
f 794/1269/968 808/1242/938 836/1275/937 818/1273/956
f 794/1269/965 811/1272/951 837/1243/946 808/1242/945
f 795/1276/971 830/1277/972 845/1278/973 815/1279/974
f 795/1280/975 824/1281/976 844/1282/977 830/1283/978
f 795/1280/975 819/1270/970 842/1274/969 824/1281/976
f 795/1280/971 815/1284/974 839/1271/967 819/1270/966
f 796/1285/979 829/1286/980 846/1287/981 817/1288/982
f 796/1285/983 823/1289/984 843/1290/985 829/1286/986
f 796/1291/983 820/1267/964 840/1247/963 823/1292/984
f 796/1285/979 817/1288/982 841/1264/961 820/1263/960
f 797/1293/987 828/1294/988 844/1295/989 824/1296/990
f 797/1293/987 817/1297/991 846/1298/992 828/1294/988
f 797/1293/987 821/1299/954 841/1300/958 817/1297/991
f 797/1293/987 824/1296/990 842/1301/955 821/1299/954
f 798/1302/993 827/1303/994 843/1304/985 823/1305/984
f 798/1302/993 815/1279/974 845/1278/973 827/1303/994
f 798/1302/993 822/1306/948 839/1307/952 815/1279/974
f 798/1308/993 823/1292/984 840/1247/949 822/1246/948
f 847/1309/995 805/1310/996 834/1311/997 851/1312/997
f 847/1309/995 853/1313/998 832/1314/998 805/1310/996
f 799/1315/999 827/1303/994 845/1278/973 825/1316/1000
f 799/1315/999 812/1317/1001 843/1304/985 827/1303/994
f 848/1318/1002 803/1319/1003 831/1320/1004 852/1321/1004
f 848/1318/1002 854/1322/1005 833/1323/1005 803/1319/1003
f 800/1324/1006 828/1294/988 846/1298/992 826/1325/1007
f 800/1324/1006 814/1326/1008 844/1295/989 828/1294/988
f 849/1327/1009 806/1328/1010 833/1329/1011 854/1330/1011
f 849/1327/1009 851/1331/1012 834/1332/1012 806/1328/1010
f 801/1333/1013 829/1286/986 843/1290/985 812/1334/1001
f 801/1333/1014 826/1335/1014 846/1287/981 829/1286/980
f 850/1336/1015 804/1337/1016 832/1338/1017 853/1339/1017
f 850/1336/1015 852/1340/1018 831/1341/1018 804/1337/1016
f 802/1342/1019 830/1283/978 844/1282/977 814/1343/1019
f 802/1344/1020 825/1316/1000 845/1278/973 830/1277/972
f 802/1342/1021 814/1343/1022 852/1340/1023 850/1336/1024
f 802/1342/1021 850/1336/1024 853/1339/1025 825/1345/1025
f 801/1346/1026 812/1347/1027 851/1348/1027 849/1349/1028
f 801/1346/1026 849/1349/1028 854/1350/1029 826/1351/1030
f 800/1324/1031 826/1325/1030 854/1322/1029 848/1318/1032
f 800/1324/1031 848/1318/1032 852/1321/1023 814/1326/1022
f 799/1315/1033 825/1316/1034 853/1313/1034 847/1309/1035
f 799/1315/1033 847/1309/1035 851/1312/1036 812/1317/1036
f 855/1352/1037 856/1353/1038 867/1354/1039
f 855/1352/1037 857/1355/1040 856/1353/1038
f 855/1356/1037 858/1357/1041 857/1358/1040
f 855/1356/1037 859/1359/1042 858/1357/1041
f 855/1356/1037 860/1360/1043 859/1359/1042
f 855/1356/1037 861/1361/1044 860/1360/1043
f 855/1362/1037 862/1363/1045 861/1364/1044
f 855/1362/1037 863/1365/1046 862/1363/1045
f 855/1366/1037 864/1367/1047 863/1368/1046
f 855/1366/1037 865/1369/1048 864/1367/1047
f 855/1366/1037 866/1370/1049 865/1369/1048
f 855/1352/1037 867/1354/1039 866/1371/1049
f 856/1372/1038 868/1373/1050 879/1374/1051 867/1375/1039
f 857/1376/1040 869/1377/1052 868/1373/1050 856/1372/1038
f 858/1357/1041 870/1378/1053 869/1379/1052 857/1358/1040
f 859/1359/1042 871/1380/1054 870/1378/1053 858/1357/1041
f 860/1360/1043 872/1381/1055 871/1380/1054 859/1359/1042
f 861/1364/1044 873/1382/1056 872/1383/1055 860/1384/1043
f 862/1363/1045 874/1385/1057 873/1382/1056 861/1364/1044
f 863/1365/1046 875/1386/1058 874/1385/1057 862/1363/1045
f 864/1367/1047 876/1387/1059 875/1388/1058 863/1368/1046
f 865/1369/1048 877/1389/1060 876/1387/1059 864/1367/1047
f 866/1370/1049 878/1390/1061 877/1389/1060 865/1369/1048
f 867/1375/1039 879/1374/1051 878/1391/1061 866/1392/1049
f 868/1373/1050 880/1393/1062 891/1394/1063 879/1374/1051
f 869/1377/1052 881/1395/1064 880/1393/1062 868/1373/1050
f 870/1378/1053 882/1396/1065 881/1397/1064 869/1379/1052
f 871/1380/1054 883/1398/1066 882/1396/1065 870/1378/1053
f 872/1381/1055 884/1399/1067 883/1398/1066 871/1380/1054
f 873/1382/1056 885/1400/1068 884/1401/1067 872/1383/1055
f 874/1385/1057 886/1402/1069 885/1400/1068 873/1382/1056
f 875/1386/1058 887/1403/1070 886/1402/1069 874/1385/1057
f 876/1387/1059 888/1404/1071 887/1405/1070 875/1388/1058
f 877/1389/1060 889/1406/1072 888/1404/1071 876/1387/1059
f 878/1390/1061 890/1407/1073 889/1406/1072 877/1389/1060
f 879/1374/1051 891/1394/1063 890/1408/1073 878/1391/1061
f 880/1393/1062 892/1409/1074 903/1410/1075 891/1394/1063
f 881/1395/1064 893/1411/1076 892/1409/1074 880/1393/1062
f 882/1412/1065 894/1413/1077 893/1411/1076 881/1395/1064
f 883/1398/1066 895/1414/1078 894/1415/1077 882/1396/1065
f 884/1399/1067 896/1416/1079 895/1414/1078 883/1398/1066
f 885/1400/1068 897/1417/1080 896/1418/1079 884/1401/1067
f 886/1402/1069 898/1419/1081 897/1417/1080 885/1400/1068
f 887/1420/1070 899/1421/1082 898/1422/1081 886/1423/1069
f 888/1404/1071 900/1424/1083 899/1425/1082 887/1405/1070
f 889/1406/1072 901/1426/1084 900/1424/1083 888/1404/1071
f 890/1407/1073 902/1427/1085 901/1426/1084 889/1406/1072
f 891/1428/1063 903/1429/1075 902/1427/1085 890/1407/1073
f 892/1409/1074 904/1430/1086 915/1431/1087 903/1410/1075
f 893/1411/1076 905/1432/1088 904/1430/1086 892/1409/1074
f 894/1415/1077 906/1433/1089 905/1434/1088 893/1435/1076
f 895/1414/1078 907/1436/1090 906/1433/1089 894/1415/1077
f 896/1416/1079 908/1437/1091 907/1436/1090 895/1414/1078
f 897/1438/1080 909/1439/1092 908/1437/1091 896/1416/1079
f 898/1422/1081 910/1440/1093 909/1441/1092 897/1442/1080
f 899/1421/1082 911/1443/1094 910/1440/1093 898/1422/1081
f 900/1444/1083 912/1445/1095 911/1443/1094 899/1421/1082
f 901/1426/1084 913/1446/1096 912/1447/1095 900/1424/1083
f 902/1427/1085 914/1448/1097 913/1446/1096 901/1426/1084
f 903/1429/1075 915/1449/1087 914/1448/1097 902/1427/1085
f 916/1450/1098 917/1451/1099 928/1452/1100
f 916/1450/1098 918/1453/1101 917/1451/1099
f 916/1454/1098 919/1455/1102 918/1456/1101
f 916/1454/1098 920/1457/1103 919/1455/1102
f 916/1454/1098 921/1458/1104 920/1457/1103
f 916/1459/1098 922/1460/1105 921/1461/1104
f 916/1459/1098 923/1462/1106 922/1460/1105
f 916/1459/1098 924/1463/1107 923/1462/1106
f 916/1464/1098 925/1465/1108 924/1466/1107
f 916/1464/1098 926/1467/1109 925/1465/1108
f 916/1464/1098 927/1468/1110 926/1467/1109
f 916/1450/1098 928/1452/1100 927/1469/1110
f 917/1451/1099 929/1470/1111 940/1471/1112 928/1452/1100
f 918/1453/1101 930/1472/1113 929/1470/1111 917/1451/1099
f 919/1455/1102 931/1473/1114 930/1474/1113 918/1456/1101
f 920/1457/1103 932/1475/1115 931/1473/1114 919/1455/1102
f 921/1458/1104 933/1476/1116 932/1475/1115 920/1457/1103
f 922/1460/1105 934/1477/1117 933/1478/1116 921/1461/1104
f 923/1462/1106 935/1479/1118 934/1477/1117 922/1460/1105
f 924/1463/1107 936/1480/1119 935/1479/1118 923/1462/1106
f 925/1465/1108 937/1481/1120 936/1482/1119 924/1466/1107
f 926/1467/1109 938/1483/1121 937/1481/1120 925/1465/1108
f 927/1468/1110 939/1484/1122 938/1483/1121 926/1467/1109
f 928/1452/1100 940/1471/1112 939/1485/1122 927/1469/1110
f 929/1470/1111 941/1486/1123 952/1487/1124 940/1471/1112
f 930/1472/1113 942/1488/1125 941/1486/1123 929/1470/1111
f 931/1473/1114 943/1489/1126 942/1490/1125 930/1474/1113
f 932/1475/1115 944/1491/1127 943/1489/1126 931/1473/1114
f 933/1476/1116 945/1492/1128 944/1491/1127 932/1475/1115
f 934/1493/1117 946/1494/1129 945/1495/1128 933/1496/1116
f 935/1497/1118 947/1498/1130 946/1494/1129 934/1493/1117
f 936/1480/1119 948/1499/1131 947/1500/1130 935/1479/1118
f 937/1481/1120 949/1501/1132 948/1502/1131 936/1482/1119
f 938/1483/1121 950/1503/1133 949/1501/1132 937/1481/1120
f 939/1484/1122 951/1504/1134 950/1503/1133 938/1483/1121
f 940/1471/1112 952/1487/1124 951/1505/1134 939/1485/1122
f 941/1486/1123 953/1506/1135 964/1507/1136 952/1487/1124
f 942/1488/1125 954/1508/1137 953/1506/1135 941/1486/1123
f 943/1489/1126 955/1509/1138 954/1510/1137 942/1490/1125
f 944/1491/1127 956/1511/1139 955/1509/1138 943/1489/1126
f 945/1492/1128 957/1512/1140 956/1511/1139 944/1491/1127
f 946/1494/1129 958/1513/1141 957/1514/1140 945/1495/1128
f 947/1498/1130 959/1515/1142 958/1513/1141 946/1494/1129
f 948/1516/1131 960/1517/1143 959/1515/1142 947/1498/1130
f 949/1501/1132 961/1518/1144 960/1519/1143 948/1502/1131
f 950/1503/1133 962/1520/1145 961/1518/1144 949/1501/1132
f 951/1504/1134 963/1521/1146 962/1520/1145 950/1503/1133
f 952/1487/1124 964/1507/1136 963/1522/1146 951/1505/1134
f 965/1523/1147 966/1524/1148 977/1525/1149
f 965/1523/1147 967/1526/1150 966/1524/1148
f 965/1523/1147 968/1527/1151 967/1526/1150
f 965/1528/1147 969/1529/1152 968/1530/1151
f 965/1528/1147 970/1531/1153 969/1529/1152
f 965/1528/1147 971/1532/1154 970/1531/1153
f 965/1533/1147 972/1534/1155 971/1535/1154
f 965/1533/1147 973/1536/1156 972/1534/1155
f 965/1533/1147 974/1537/1157 973/1536/1156
f 965/1538/1147 975/1539/1158 974/1540/1157
f 965/1538/1147 976/1541/1159 975/1539/1158
f 965/1538/1147 977/1542/1149 976/1541/1159
f 966/1524/1148 978/1543/1160 989/1544/1161 977/1525/1149
f 967/1526/1150 979/1545/1162 978/1543/1160 966/1524/1148
f 968/1527/1151 980/1546/1163 979/1545/1162 967/1526/1150
f 969/1529/1152 981/1547/1164 980/1548/1163 968/1530/1151
f 970/1531/1153 982/1549/1165 981/1547/1164 969/1529/1152
f 971/1550/1154 983/1551/1166 982/1552/1165 970/1553/1153
f 972/1554/1155 984/1555/1167 983/1551/1166 971/1550/1154
f 973/1556/1156 985/1557/1168 984/1555/1167 972/1554/1155
f 974/1540/1157 986/1558/1169 985/1559/1168 973/1560/1156
f 975/1539/1158 987/1561/1170 986/1558/1169 974/1540/1157
f 976/1541/1159 988/1562/1171 987/1561/1170 975/1539/1158
f 977/1542/1149 989/1563/1161 988/1562/1171 976/1541/1159
f 978/1543/1160 990/1564/1172 1001/1565/1173 989/1544/1161
f 979/1545/1162 991/1566/1174 990/1564/1172 978/1543/1160
f 980/1546/1163 992/1567/1175 991/1566/1174 979/1545/1162
f 981/1547/1164 993/1568/1176 992/1569/1175 980/1548/1163
f 982/1549/1165 994/1570/1177 993/1568/1176 981/1547/1164
f 983/1571/1166 995/1572/1178 994/1570/1177 982/1549/1165
f 984/1573/1167 996/1574/1179 995/1572/1178 983/1571/1166
f 985/1575/1168 997/1576/1180 996/1577/1179 984/1578/1167
f 986/1558/1169 998/1579/1181 997/1580/1180 985/1559/1168
f 987/1561/1170 999/1581/1182 998/1579/1181 986/1558/1169
f 988/1562/1171 1000/1582/1183 999/1581/1182 987/1561/1170
f 989/1563/1161 1001/1583/1173 1000/1582/1183 988/1562/1171
f 990/1564/1172 1002/1584/1184 1013/1585/1185 1001/1565/1173
f 991/1566/1174 1003/1586/1186 1002/1584/1184 990/1564/1172
f 992/1567/1175 1004/1587/1187 1003/1586/1186 991/1566/1174
f 993/1568/1176 1005/1588/1188 1004/1589/1187 992/1569/1175
f 994/1570/1177 1006/1590/1189 1005/1588/1188 993/1568/1176
f 995/1572/1178 1007/1591/1190 1006/1590/1189 994/1570/1177
f 996/1577/1179 1008/1592/1191 1007/1593/1190 995/1594/1178
f 997/1576/1180 1009/1595/1192 1008/1592/1191 996/1577/1179
f 998/1579/1181 1010/1596/1193 1009/1597/1192 997/1580/1180
f 999/1581/1182 1011/1598/1194 1010/1596/1193 998/1579/1181
f 1000/1582/1183 1012/1599/1195 1011/1598/1194 999/1581/1182
f 1001/1583/1173 1013/1600/1185 1012/1599/1195 1000/1582/1183
f 1002/1584/1184 1014/1601/1196 1025/1602/1197 1013/1585/1185
f 1003/1586/1186 1015/1603/1198 1014/1601/1196 1002/1584/1184
f 1004/1604/1187 1016/1605/1199 1015/1606/1198 1003/1607/1186
f 1005/1588/1188 1017/1608/1200 1016/1609/1199 1004/1589/1187
f 1006/1590/1189 1018/1610/1201 1017/1608/1200 1005/1588/1188
f 1007/1591/1190 1019/1611/1202 1018/1610/1201 1006/1590/1189
f 1008/1592/1191 1020/1612/1203 1019/1613/1202 1007/1593/1190
f 1009/1595/1192 1021/1614/1204 1020/1612/1203 1008/1592/1191
f 1010/1615/1193 1022/1616/1205 1021/1614/1204 1009/1595/1192
f 1011/1598/1194 1023/1617/1206 1022/1618/1205 1010/1596/1193
f 1012/1599/1195 1024/1619/1207 1023/1617/1206 1011/1598/1194
f 1013/1600/1185 1025/1620/1197 1024/1619/1207 1012/1599/1195
f 1026/1621/1208 1205/1622/1209 1346/1623/1210 1204/1624/1211
f 1026/1621/1208 1204/1624/1211 1345/1625/1212 1201/1626/1213
f 1026/1621/1208 1201/1626/1213 1375/1627/1214 1287/1628/1215
f 1026/1621/1208 1287/1628/1215 1384/1629/1216 1205/1622/1209
f 1027/1630/1217 1173/1631/1218 1339/1632/1219 1172/1633/1220
f 1027/1630/1217 1172/1633/1220 1330/1634/1221 1140/1635/1222
f 1027/1630/1217 1140/1635/1222 1362/1636/1223 1260/1637/1224
f 1027/1630/1217 1260/1637/1224 1370/1638/1225 1173/1631/1218
f 1028/1639/1226 1139/1640/1227 1330/1634/1221 1138/1641/1228
f 1028/1639/1226 1138/1641/1228 1358/1642/1229 1233/1643/1230
f 1028/1639/1226 1233/1643/1230 1398/1644/1231 1230/1645/1232
f 1028/1639/1226 1230/1645/1232 1356/1646/1233 1139/1640/1227
f 1029/1647/1234 1140/1635/1222 1330/1634/1221 1139/1640/1227
f 1029/1647/1234 1139/1640/1227 1356/1646/1233 1229/1648/1235
f 1029/1647/1234 1229/1648/1235 1389/1649/1236 1240/1650/1237
f 1029/1647/1234 1240/1650/1237 1362/1636/1223 1140/1635/1222
f 1030/1651/1238 1168/1652/1239 1338/1653/1240 1167/1654/1241
f 1030/1651/1238 1167/1654/1241 1331/1655/1242 1143/1656/1243
f 1030/1657/1238 1143/1658/1243 1370/1638/1225 1260/1637/1224
f 1030/1657/1238 1260/1637/1224 1362/1636/1223 1168/1659/1239
f 1031/1660/1244 1142/1661/1245 1331/1655/1242 1141/1662/1246
f 1031/1660/1244 1141/1662/1246 1367/1663/1247 1253/1664/1248
f 1031/1660/1244 1253/1664/1248 1391/1665/1249 1241/1666/1250
f 1031/1660/1244 1241/1666/1250 1363/1667/1251 1142/1661/1245
f 1032/1668/1252 1143/1656/1243 1331/1655/1242 1142/1661/1245
f 1032/1668/1252 1142/1661/1245 1363/1667/1251 1242/1669/1253
f 1032/1670/1252 1242/1671/1253 1390/1672/1254 1259/1673/1255
f 1032/1670/1252 1259/1673/1255 1370/1638/1225 1143/1658/1243
f 1033/1674/1256 1172/1633/1220 1339/1632/1219 1171/1675/1257
f 1033/1674/1256 1171/1675/1257 1369/1676/1258 1258/1677/1259
f 1033/1674/1256 1258/1677/1259 1358/1642/1229 1138/1641/1228
f 1033/1674/1256 1138/1641/1228 1330/1634/1221 1172/1633/1220
f 1034/1678/1260 1164/1679/1261 1337/1680/1262 1163/1681/1263
f 1034/1678/1260 1163/1681/1263 1332/1682/1264 1146/1683/1265
f 1034/1678/1260 1146/1683/1265 1367/1663/1247 1254/1684/1266
f 1034/1678/1260 1254/1684/1266 1353/1685/1267 1164/1679/1261
f 1035/1686/1268 1145/1687/1269 1332/1682/1264 1144/1688/1270
f 1035/1689/1268 1144/1690/1270 1368/1691/1271 1255/1692/1272
f 1035/1689/1268 1255/1692/1272 1386/1693/1273 1238/1694/1274
f 1035/1686/1268 1238/1695/1274 1361/1696/1275 1145/1687/1269
f 1036/1697/1276 1146/1683/1265 1332/1682/1264 1145/1687/1269
f 1036/1697/1276 1145/1687/1269 1361/1696/1275 1239/1698/1277
f 1036/1697/1276 1239/1698/1277 1391/1665/1249 1253/1664/1248
f 1036/1697/1276 1253/1664/1248 1367/1663/1247 1146/1683/1265
f 1037/1699/1278 1167/1654/1241 1338/1653/1240 1166/1700/1279
f 1037/1699/1278 1166/1700/1279 1353/1685/1267 1254/1684/1266
f 1037/1699/1278 1254/1684/1266 1367/1663/1247 1141/1662/1246
f 1037/1699/1278 1141/1662/1246 1331/1655/1242 1167/1654/1241
f 1136/1701/1280 1038/1702/1281 1250/1703/1282 1327/1704/1283
f 1107/1705/1284 1291/1706/1285 1250/1703/1286 1038/1702/1287
f 1106/1707/1288 1091/1708/1289 1250/1703/1286 1291/1706/1285
f 1136/1701/1280 1183/1709/1290 1314/1710/1291 1038/1702/1281
f 1135/1711/1292 1039/1712/1293 1196/1713/1294 1319/1714/1295
f 1113/1715/1296 1301/1716/1297 1328/1717/1298 1092/1718/1299
f 1116/1719/1300 1039/1712/1301 1328/1717/1298 1301/1716/1297
f 1135/1711/1292 1280/1720/1302 1328/1717/1303 1039/1712/1293
f 1134/1721/1304 1040/1722/1305 1184/1723/1306 1315/1724/1307
f 1119/1725/1308 1080/1726/1309 1198/1727/1310 1050/1728/1311
f 1120/1729/1312 1040/1722/1313 1324/1730/1314 1312/1731/1315
f 1134/1721/1304 1243/1732/1316 1324/1730/1317 1040/1722/1305
f 1133/1733/1318 1041/1734/1319 1314/1710/1291 1183/1709/1290
f 1110/1735/1320 1308/1736/1321 1314/1710/1322 1041/1734/1323
f 1111/1737/1324 1051/1738/1325 1322/1739/1326 1089/1740/1327
f 1042/1741/1328 1147/1742/1329 1333/1743/1330 1150/1744/1331
f 1042/1741/1328 1150/1744/1331 1363/1745/1251 1241/1746/1250
f 1042/1747/1328 1241/1666/1250 1391/1665/1249 1237/1748/1332
f 1042/1741/1328 1237/1749/1332 1360/1750/1333 1147/1742/1329
f 1043/1751/1334 1148/1752/1335 1333/1743/1330 1147/1742/1329
f 1043/1751/1334 1147/1742/1329 1360/1750/1333 1236/1753/1336
f 1043/1751/1334 1236/1753/1336 1399/1754/1337 1245/1755/1338
f 1043/1751/1334 1245/1755/1338 1364/1756/1339 1148/1752/1335
f 1044/1757/1340 1149/1758/1341 1333/1743/1330 1148/1752/1335
f 1044/1757/1340 1148/1752/1335 1364/1756/1339 1246/1759/1342
f 1044/1757/1340 1246/1759/1342 1400/1760/1343 1234/1761/1344
f 1044/1757/1340 1234/1761/1344 1359/1762/1345 1149/1758/1341
f 1045/1763/1346 1150/1744/1331 1333/1743/1330 1149/1758/1341
f 1045/1763/1346 1149/1758/1341 1359/1762/1345 1235/1764/1347
f 1045/1765/1346 1235/1766/1347 1390/1672/1254 1242/1671/1253
f 1045/1763/1346 1242/1767/1253 1363/1745/1251 1150/1744/1331
f 1046/1768/1348 1151/1769/1349 1334/1770/1350 1154/1771/1351
f 1046/1772/1348 1154/1773/1351 1361/1696/1275 1238/1695/1274
f 1046/1774/1348 1238/1694/1274 1386/1693/1273 1224/1775/1352
f 1046/1774/1348 1224/1775/1352 1352/1776/1353 1151/1777/1349
f 1047/1778/1354 1152/1779/1355 1334/1770/1350 1151/1769/1349
f 1047/1780/1354 1151/1777/1349 1352/1776/1353 1223/1781/1356
f 1047/1780/1354 1223/1781/1356 1392/1782/1357 1231/1783/1358
f 1047/1778/1354 1231/1784/1358 1357/1785/1359 1152/1779/1355
f 1048/1786/1360 1153/1787/1361 1334/1770/1350 1152/1779/1355
f 1048/1786/1360 1152/1779/1355 1357/1785/1359 1232/1788/1362
f 1048/1786/1360 1232/1788/1362 1399/1754/1337 1236/1753/1336
f 1048/1786/1360 1236/1753/1336 1360/1750/1333 1153/1787/1361
f 1049/1789/1363 1154/1771/1351 1334/1770/1350 1153/1787/1361
f 1049/1789/1363 1153/1787/1361 1360/1750/1333 1237/1749/1332
f 1049/1790/1363 1237/1748/1332 1391/1665/1249 1239/1698/1277
f 1049/1790/1363 1239/1698/1277 1361/1696/1275 1154/1773/1351
f 1133/1733/1318 1185/1791/1364 1316/1792/1365 1041/1734/1319
f 1132/1793/1366 1050/1728/1367 1198/1727/1368 1321/1794/1369
f 1120/1729/1312 1304/1795/1370 1184/1723/1371 1040/1722/1313
f 1119/1725/1308 1050/1728/1311 1184/1723/1371 1304/1795/1370
f 1132/1793/1366 1315/1724/1307 1184/1723/1306 1050/1728/1367
f 1131/1796/1372 1051/1738/1373 1316/1792/1365 1185/1791/1364
f 1111/1737/1324 1295/1797/1374 1316/1792/1375 1051/1738/1325
f 1110/1735/1320 1041/1734/1323 1316/1792/1375 1295/1797/1374
f 1131/1796/1372 1220/1798/1376 1322/1739/1377 1051/1738/1373
f 1130/1799/1378 1052/1800/1379 1281/1801/1380 1329/1802/1380
f 1105/1803/1381 1311/1804/1382 1281/1801/1383 1052/1800/1384
f 1130/1799/1378 1195/1805/1385 1318/1806/1386 1052/1800/1379
f 1129/1807/1387 1053/1808/1388 1186/1809/1389 1317/1810/1389
f 1118/1811/1390 1306/1812/1391 1186/1809/1392 1053/1808/1393
f 1115/1813/1394 1312/1731/1315 1324/1730/1314 1090/1814/1395
f 1054/1815/1396 1160/1816/1397 1336/1817/1398 1159/1818/1399
f 1054/1815/1396 1159/1818/1399 1335/1819/1400 1157/1820/1401
f 1054/1815/1396 1157/1820/1401 1351/1821/1402 1252/1822/1403
f 1054/1815/1396 1252/1822/1403 1366/1823/1404 1160/1816/1397
f 1055/1824/1405 1156/1825/1406 1335/1819/1400 1155/1826/1407
f 1055/1824/1405 1155/1826/1407 1355/1827/1408 1228/1828/1409
f 1055/1824/1405 1228/1828/1409 1387/1829/1410 1218/1830/1411
f 1055/1824/1405 1218/1830/1411 1350/1831/1412 1156/1825/1406
f 1056/1832/1413 1157/1820/1401 1335/1819/1400 1156/1825/1406
f 1056/1832/1413 1156/1825/1406 1350/1831/1412 1219/1833/1414
f 1056/1832/1413 1219/1833/1414 1393/1834/1415 1222/1835/1416
f 1056/1832/1413 1222/1835/1416 1351/1821/1402 1157/1820/1401
f 1057/1836/1417 1163/1681/1263 1337/1680/1262 1162/1837/1418
f 1057/1838/1417 1162/1839/1418 1355/1827/1408 1256/1840/1419
f 1057/1838/1417 1256/1840/1419 1368/1691/1271 1144/1690/1270
f 1057/1836/1417 1144/1688/1270 1332/1682/1264 1163/1681/1263
f 1058/1841/1420 1158/1842/1421 1336/1817/1398 1161/1843/1422
f 1058/1841/1420 1161/1843/1422 1352/1776/1353 1224/1775/1352
f 1058/1841/1420 1224/1775/1352 1386/1693/1273 1255/1692/1272
f 1058/1841/1420 1255/1692/1272 1368/1691/1271 1158/1842/1421
f 1059/1844/1423 1161/1843/1422 1336/1817/1398 1160/1816/1397
f 1059/1844/1423 1160/1816/1397 1366/1823/1404 1251/1845/1424
f 1059/1844/1423 1251/1845/1424 1392/1782/1357 1223/1781/1356
f 1059/1844/1423 1223/1781/1356 1352/1776/1353 1161/1843/1422
f 1060/1846/1425 1162/1837/1418 1337/1680/1262 1165/1847/1426
f 1060/1846/1425 1165/1847/1426 1365/1848/1427 1248/1849/1428
f 1060/1850/1425 1248/1851/1428 1387/1829/1410 1228/1828/1409
f 1060/1850/1425 1228/1828/1409 1355/1827/1408 1162/1839/1418
f 1061/1852/1429 1165/1847/1426 1337/1680/1262 1164/1679/1261
f 1061/1852/1429 1164/1679/1261 1353/1685/1267 1225/1853/1430
f 1061/1852/1429 1225/1853/1430 1388/1854/1431 1247/1855/1432
f 1061/1852/1429 1247/1855/1432 1365/1848/1427 1165/1847/1426
f 1062/1856/1433 1166/1700/1279 1338/1653/1240 1169/1857/1434
f 1062/1856/1433 1169/1857/1434 1354/1858/1435 1227/1859/1436
f 1062/1856/1433 1227/1859/1436 1388/1854/1431 1225/1853/1430
f 1062/1856/1433 1225/1853/1430 1353/1685/1267 1166/1700/1279
f 1063/1860/1437 1169/1857/1434 1338/1653/1240 1168/1652/1239
f 1063/1861/1437 1168/1659/1239 1362/1636/1223 1240/1650/1237
f 1063/1861/1437 1240/1650/1237 1389/1649/1236 1226/1862/1438
f 1063/1861/1437 1226/1862/1438 1354/1863/1435 1169/1864/1434
f 1064/1865/1439 1170/1866/1440 1339/1632/1219 1173/1631/1218
f 1064/1865/1439 1173/1631/1218 1370/1638/1225 1259/1673/1255
f 1064/1865/1439 1259/1673/1255 1390/1672/1254 1235/1766/1347
f 1064/1865/1439 1235/1766/1347 1359/1867/1345 1170/1866/1440
f 1065/1868/1441 1171/1675/1257 1339/1632/1219 1170/1866/1440
f 1065/1868/1441 1170/1866/1440 1359/1867/1345 1234/1869/1344
f 1065/1868/1441 1234/1869/1344 1400/1870/1343 1257/1871/1442
f 1065/1868/1441 1257/1871/1442 1369/1676/1258 1171/1675/1257
f 1066/1872/1443 1175/1873/1444 1340/1874/1445 1174/1875/1446
f 1066/1872/1443 1174/1875/1446 1380/1876/1447 1277/1877/1448
f 1066/1878/1443 1277/1879/1448 1397/1880/1449 1269/1881/1450
f 1066/1878/1443 1269/1881/1450 1376/1882/1451 1175/1883/1444
f 1067/1884/1452 1176/1885/1453 1340/1874/1445 1175/1873/1444
f 1067/1884/1452 1175/1873/1444 1376/1886/1451 1270/1887/1454
f 1067/1884/1452 1270/1887/1454 1398/1644/1231 1233/1643/1230
f 1067/1884/1452 1233/1643/1230 1358/1642/1229 1176/1885/1453
f 1068/1888/1455 1215/1889/1456 1349/1890/1457 1214/1891/1458
f 1068/1888/1455 1214/1891/1458 1385/1892/1459 1289/1893/1460
f 1068/1888/1455 1289/1893/1460 1380/1876/1447 1174/1875/1446
f 1068/1888/1455 1174/1875/1446 1340/1874/1445 1215/1889/1456
f 1069/1894/1461 1212/1895/1462 1348/1896/1463 1211/1897/1464
f 1069/1894/1461 1211/1897/1464 1380/1898/1447 1289/1899/1460
f 1069/1894/1461 1289/1899/1460 1385/1900/1459 1177/1901/1465
f 1069/1894/1461 1177/1901/1465 1341/1902/1466 1212/1895/1462
f 1070/1903/1467 1216/1904/1468 1349/1890/1457 1215/1889/1456
f 1070/1903/1467 1215/1889/1456 1340/1874/1445 1176/1885/1453
f 1070/1903/1467 1176/1885/1453 1358/1642/1229 1258/1677/1259
f 1070/1903/1467 1258/1677/1259 1369/1676/1258 1216/1904/1468
f 1071/1905/1469 1178/1906/1470 1341/1902/1466 1177/1901/1465
f 1071/1905/1469 1177/1901/1465 1385/1900/1459 1288/1907/1471
f 1071/1905/1469 1288/1907/1471 1401/1908/1472 1279/1909/1473
f 1071/1905/1469 1279/1909/1473 1381/1910/1474 1178/1906/1470
f 1072/1911/1475 1179/1912/1476 1341/1902/1466 1178/1906/1470
f 1072/1911/1475 1178/1906/1470 1381/1910/1474 1278/1913/1477
f 1072/1911/1475 1278/1913/1477 1402/1914/1478 1284/1915/1479
f 1072/1911/1475 1284/1915/1479 1383/1916/1480 1179/1912/1476
f 1073/1917/1481 1208/1918/1482 1347/1919/1483 1207/1920/1484
f 1073/1917/1481 1207/1920/1484 1373/1921/1485 1285/1922/1486
f 1073/1917/1481 1285/1922/1486 1383/1916/1480 1180/1923/1487
f 1073/1917/1481 1180/1923/1487 1342/1924/1488 1208/1918/1482
f 1074/1925/1489 1213/1926/1490 1348/1896/1463 1212/1895/1462
f 1074/1925/1489 1212/1895/1462 1341/1902/1466 1179/1912/1476
f 1074/1925/1489 1179/1912/1476 1383/1916/1480 1285/1922/1486
f 1074/1925/1489 1285/1922/1486 1373/1921/1485 1213/1926/1490
f 1075/1927/1491 1181/1928/1492 1342/1924/1488 1180/1923/1487
f 1075/1927/1491 1180/1923/1487 1383/1916/1480 1284/1915/1479
f 1075/1927/1491 1284/1915/1479 1402/1914/1478 1276/1929/1493
f 1075/1927/1491 1276/1929/1493 1379/1930/1494 1181/1928/1492
f 1076/1931/1495 1182/1932/1496 1342/1924/1488 1181/1928/1492
f 1076/1931/1495 1181/1928/1492 1379/1930/1494 1275/1933/1497
f 1076/1931/1495 1275/1933/1497 1394/1934/1498 1286/1935/1499
f 1076/1931/1495 1286/1935/1499 1384/1936/1216 1182/1932/1496
f 1129/1807/1387 1197/1937/1500 1320/1938/1501 1053/1808/1388
f 1128/1939/1502 1077/1940/1503 1221/1941/1504 1323/1942/1505
f 1107/1705/1284 1038/1702/1287 1314/1710/1322 1308/1736/1321
f 1112/1943/1506 1077/1940/1507 1186/1809/1392 1306/1812/1391
f 1128/1939/1502 1317/1810/1508 1186/1809/1508 1077/1940/1503
f 1127/1944/1509 1078/1945/1510 1318/1806/1386 1195/1805/1385
f 1106/1946/1288 1290/1947/1511 1318/1948/1512 1078/1949/1513
f 1105/1803/1381 1052/1800/1384 1318/1806/1512 1290/1950/1511
f 1127/1944/1509 1249/1951/1514 1326/1952/1515 1078/1945/1510
f 1126/1953/1516 1079/1954/1517 1244/1955/1518 1325/1956/1519
f 1116/1957/1300 1079/1958/1520 1196/1959/1521 1039/1960/1301
f 1126/1953/1516 1319/1714/1295 1196/1713/1294 1079/1954/1517
f 1125/1961/1522 1080/1726/1523 1320/1938/1501 1197/1937/1500
f 1119/1725/1308 1303/1962/1524 1320/1938/1525 1080/1726/1309
f 1118/1811/1390 1053/1808/1393 1320/1938/1525 1303/1962/1524
f 1081/1963/1526 1187/1964/1527 1343/1965/1528 1190/1966/1529
f 1081/1963/1526 1190/1966/1529 1378/1967/1530 1274/1968/1531
f 1081/1963/1526 1274/1968/1531 1402/1969/1478 1278/1970/1477
f 1081/1963/1526 1278/1970/1477 1381/1971/1474 1187/1964/1527
f 1082/1972/1532 1188/1973/1533 1343/1965/1528 1187/1964/1527
f 1082/1972/1532 1187/1964/1527 1381/1971/1474 1279/1974/1473
f 1082/1972/1532 1279/1974/1473 1401/1975/1472 1272/1976/1534
f 1082/1972/1532 1272/1976/1534 1377/1977/1535 1188/1973/1533
f 1083/1978/1536 1189/1979/1537 1343/1965/1528 1188/1973/1533
f 1083/1978/1536 1188/1973/1533 1377/1977/1535 1271/1980/1538
f 1083/1978/1536 1271/1980/1538 1400/1760/1343 1246/1759/1342
f 1083/1978/1536 1246/1759/1342 1364/1756/1339 1189/1979/1537
f 1084/1981/1539 1190/1966/1529 1343/1965/1528 1189/1979/1537
f 1084/1981/1539 1189/1979/1537 1364/1756/1339 1245/1755/1338
f 1084/1981/1539 1245/1755/1338 1399/1754/1337 1273/1982/1540
f 1084/1981/1539 1273/1982/1540 1378/1967/1530 1190/1966/1529
f 1085/1983/1541 1191/1984/1542 1344/1985/1543 1194/1986/1544
f 1085/1987/1541 1194/1988/1544 1372/1989/1545 1264/1990/1546
f 1085/1991/1541 1264/1992/1546 1394/1934/1498 1275/1933/1497
f 1085/1991/1541 1275/1933/1497 1379/1930/1494 1191/1993/1542
f 1086/1994/1547 1192/1995/1548 1344/1985/1543 1191/1984/1542
f 1086/1994/1547 1191/1984/1542 1379/1996/1494 1276/1997/1493
f 1086/1994/1547 1276/1997/1493 1402/1969/1478 1274/1968/1531
f 1086/1994/1547 1274/1968/1531 1378/1967/1530 1192/1995/1548
f 1087/1998/1549 1193/1999/1550 1344/1985/1543 1192/1995/1548
f 1087/1998/1549 1192/1995/1548 1378/1967/1530 1273/1982/1540
f 1087/1998/1549 1273/1982/1540 1399/1754/1337 1232/1788/1362
f 1087/1998/1549 1232/1788/1362 1357/1785/1359 1193/1999/1550
f 1088/2000/1551 1194/1986/1544 1344/1985/1543 1193/1999/1550
f 1088/2000/1551 1193/1999/1550 1357/1785/1359 1231/1784/1358
f 1088/2001/1551 1231/1783/1358 1392/1782/1357 1263/2002/1552
f 1088/2001/1551 1263/2002/1552 1372/1989/1545 1194/1988/1544
f 1125/1961/1522 1321/1794/1369 1198/1727/1368 1080/1726/1523
f 1124/2003/1553 1089/1740/1554 1322/1739/1377 1220/1798/1376
f 1112/1943/1506 1296/2004/1555 1221/1941/1556 1077/1940/1507
f 1111/1737/1324 1089/1740/1327 1221/1941/1556 1296/2004/1555
f 1124/2003/1553 1323/1942/1505 1221/1941/1504 1089/1740/1554
f 1123/2005/1557 1090/1814/1558 1324/1730/1317 1243/1732/1316
f 1116/1719/1300 1300/2006/1559 1244/1955/1560 1079/1954/1520
f 1115/1813/1394 1090/1814/1395 1244/1955/1560 1300/2006/1559
f 1123/2005/1557 1325/1956/1519 1244/1955/1518 1090/1814/1558
f 1122/2007/1561 1091/1708/1562 1326/1952/1515 1249/1951/1514
f 1106/1946/1288 1078/1949/1513 1326/2008/1563 1091/2009/1289
f 1122/2007/1561 1327/1704/1283 1250/1703/1282 1091/1708/1562
f 1121/2010/1564 1092/1718/1565 1328/1717/1303 1280/1720/1302
f 1113/1715/1296 1092/1718/1299 1281/1801/1383 1311/1804/1382
f 1093/2011/1566 1204/1624/1211 1346/1623/1210 1203/2012/1567
f 1093/2011/1566 1203/2012/1567 1366/1823/1404 1252/1822/1403
f 1093/2011/1566 1252/1822/1403 1351/1821/1402 1199/2013/1568
f 1093/2011/1566 1199/2013/1568 1345/1625/1212 1204/1624/1211
f 1094/2014/1569 1209/2015/1570 1347/1919/1483 1208/1918/1482
f 1094/2014/1569 1208/1918/1482 1342/1924/1488 1182/1932/1496
f 1094/2014/1569 1182/1932/1496 1384/1936/1216 1287/2016/1215
f 1094/2014/1569 1287/2016/1215 1375/2017/1214 1209/2015/1570
f 1095/2018/1571 1200/2019/1572 1345/1625/1212 1199/2013/1568
f 1095/2018/1571 1199/2013/1568 1351/1821/1402 1222/1835/1416
f 1095/2018/1571 1222/1835/1416 1393/1834/1415 1262/2020/1573
f 1095/2018/1571 1262/2020/1573 1371/2021/1574 1200/2019/1572
f 1096/2022/1575 1201/1626/1213 1345/1625/1212 1200/2019/1572
f 1096/2022/1575 1200/2019/1572 1371/2021/1574 1261/2023/1576
f 1096/2024/1575 1261/2025/1576 1395/2026/1577 1268/2027/1578
f 1096/2022/1575 1268/2028/1578 1375/1627/1214 1201/1626/1213
f 1097/2029/1579 1202/2030/1580 1346/1623/1210 1205/1622/1209
f 1097/2029/1579 1205/1622/1209 1384/1629/1216 1286/2031/1499
f 1097/2029/1579 1286/2031/1499 1394/2032/1498 1264/1990/1546
f 1097/2029/1579 1264/1990/1546 1372/1989/1545 1202/2030/1580
f 1098/2033/1581 1203/2012/1567 1346/1623/1210 1202/2030/1580
f 1098/2033/1581 1202/2030/1580 1372/1989/1545 1263/2002/1552
f 1098/2033/1581 1263/2002/1552 1392/1782/1357 1251/1845/1424
f 1098/2033/1581 1251/1845/1424 1366/1823/1404 1203/2012/1567
f 1099/2034/1582 1206/2035/1583 1347/1919/1483 1209/2015/1570
f 1099/2034/1582 1209/2015/1570 1375/2017/1214 1268/2027/1578
f 1099/2034/1582 1268/2027/1578 1395/2026/1577 1283/2036/1584
f 1099/2034/1582 1283/2036/1584 1382/2037/1585 1206/2035/1583
f 1100/2038/1586 1207/1920/1484 1347/1919/1483 1206/2035/1583
f 1100/2038/1586 1206/2035/1583 1382/2037/1585 1282/2039/1587
f 1100/2038/1586 1282/2039/1587 1396/2040/1588 1265/2041/1589
f 1100/2038/1586 1265/2041/1589 1373/1921/1485 1207/1920/1484
f 1101/2042/1590 1210/2043/1591 1348/1896/1463 1213/1926/1490
f 1101/2042/1590 1213/1926/1490 1373/1921/1485 1265/2041/1589
f 1101/2042/1590 1265/2041/1589 1396/2040/1588 1267/2044/1592
f 1101/2042/1590 1267/2044/1592 1374/2045/1593 1210/2043/1591
f 1102/2046/1594 1211/1897/1464 1348/1896/1463 1210/2043/1591
f 1102/2046/1594 1210/2043/1591 1374/2045/1593 1266/2047/1595
f 1102/2048/1594 1266/2049/1595 1397/1880/1449 1277/1879/1448
f 1102/2046/1594 1277/2050/1448 1380/1898/1447 1211/1897/1464
f 1103/2051/1596 1214/1891/1458 1349/1890/1457 1217/2052/1597
f 1103/2053/1596 1217/2054/1597 1377/1977/1535 1272/1976/1534
f 1103/2053/1596 1272/1976/1534 1401/1975/1472 1288/2055/1471
f 1103/2051/1596 1288/2056/1471 1385/1892/1459 1214/1891/1458
f 1104/2057/1598 1217/2052/1597 1349/1890/1457 1216/1904/1468
f 1104/2057/1598 1216/1904/1468 1369/1676/1258 1257/1871/1442
f 1104/2058/1598 1257/2059/1442 1400/1760/1343 1271/1980/1538
f 1104/2058/1598 1271/1980/1538 1377/1977/1535 1217/2054/1597
f 1105/1803/1381 1290/1950/1511 1403/2060/1599 1293/2061/1600
f 1105/1803/1381 1293/2061/1600 1405/2062/1601 1311/1804/1382
f 1106/1707/1288 1291/1706/1285 1403/2060/1599 1290/1950/1511
f 1107/1705/1284 1292/2063/1602 1403/2060/1599 1291/1706/1285
f 1107/1705/1284 1308/1736/1321 1404/2064/1603 1292/2063/1602
f 1108/2065/1604 1293/2061/1600 1403/2060/1599 1292/2063/1602
f 1108/2065/1604 1292/2063/1602 1404/2064/1603 1309/2066/1605
f 1108/2065/1604 1309/2066/1605 1411/2067/1606 1310/2068/1607
f 1108/2065/1604 1310/2068/1607 1405/2062/1601 1293/2061/1600
f 1109/2069/1608 1294/2070/1609 1406/2071/1610 1297/2072/1611
f 1109/2069/1608 1297/2072/1611 1407/2073/1612 1307/2074/1613
f 1109/2069/1608 1307/2074/1613 1411/2067/1606 1309/2066/1605
f 1109/2069/1608 1309/2066/1605 1404/2064/1603 1294/2070/1609
f 1110/1735/1320 1295/1797/1374 1406/2071/1610 1294/2070/1609
f 1110/1735/1320 1294/2070/1609 1404/2064/1603 1308/1736/1321
f 1111/1737/1324 1296/2004/1555 1406/2071/1610 1295/1797/1374
f 1112/1943/1506 1297/2072/1611 1406/2071/1610 1296/2004/1555
f 1112/1943/1506 1306/1812/1391 1407/2073/1612 1297/2072/1611
f 1113/1715/1296 1298/2075/1614 1408/2076/1615 1301/1716/1297
f 1113/1715/1296 1311/1804/1382 1405/2062/1601 1298/2075/1614
f 1114/2077/1616 1299/2078/1617 1408/2076/1615 1298/2075/1614
f 1114/2077/1616 1298/2075/1614 1405/2062/1601 1310/2068/1607
f 1114/2077/1616 1310/2068/1607 1411/2067/1606 1313/2079/1618
f 1114/2077/1616 1313/2079/1618 1409/2080/1619 1299/2078/1617
f 1115/1813/1394 1300/2006/1559 1408/2076/1615 1299/2078/1617
f 1115/1813/1394 1299/2078/1617 1409/2080/1619 1312/1731/1315
f 1116/1719/1300 1301/1716/1297 1408/2076/1615 1300/2006/1559
f 1117/2081/1620 1302/2082/1621 1410/2083/1622 1305/2084/1623
f 1117/2081/1620 1305/2084/1623 1409/2080/1619 1313/2079/1618
f 1117/2081/1620 1313/2079/1618 1411/2067/1606 1307/2074/1613
f 1117/2081/1620 1307/2074/1613 1407/2073/1612 1302/2082/1621
f 1118/1811/1390 1303/1962/1524 1410/2083/1622 1302/2082/1621
f 1118/1811/1390 1302/2082/1621 1407/2073/1612 1306/1812/1391
f 1119/1725/1308 1304/1795/1370 1410/2083/1622 1303/1962/1524
f 1120/1729/1312 1305/2084/1623 1410/2083/1622 1304/1795/1370
f 1120/1729/1312 1312/1731/1315 1409/2080/1619 1305/2084/1623
f 1121/2085/1624 1280/2086/1625 1371/2021/1574 1262/2020/1573
f 1121/2085/1624 1262/2020/1573 1393/1834/1415 1329/2087/1626
f 1122/2007/1627 1249/1951/1628 1387/2088/1410 1248/2089/1428
f 1122/2007/1627 1248/2089/1428 1365/2090/1427 1327/1704/1629
f 1123/2091/1630 1243/2092/1631 1396/2040/1588 1282/2039/1587
f 1123/2091/1630 1282/2039/1587 1382/2037/1585 1325/2093/1632
f 1124/2003/1633 1220/1798/1634 1389/2094/1236 1229/2095/1235
f 1124/2096/1633 1229/1648/1235 1356/1646/1233 1323/2097/1635
f 1125/1961/1636 1197/1937/1637 1376/1882/1451 1269/1881/1450
f 1125/1961/1636 1269/1881/1450 1397/1880/1449 1321/1794/1638
f 1126/1953/1639 1325/1956/1632 1382/2098/1585 1283/2099/1584
f 1126/1953/1639 1283/2099/1584 1395/2100/1577 1319/1714/1640
f 1127/2101/1641 1195/2102/1642 1350/1831/1412 1218/1830/1411
f 1127/1944/1641 1218/2103/1411 1387/2088/1410 1249/1951/1628
f 1128/2104/1643 1323/2097/1635 1356/1646/1233 1230/1645/1232
f 1128/1939/1643 1230/2105/1232 1398/2106/1231 1317/1810/1644
f 1129/1807/1645 1317/1810/1644 1398/2106/1231 1270/2107/1454
f 1129/1807/1645 1270/2107/1454 1376/1882/1451 1197/1937/1637
f 1130/2108/1646 1329/2087/1626 1393/1834/1415 1219/1833/1414
f 1130/2108/1646 1219/1833/1414 1350/1831/1412 1195/2102/1642
f 1131/1796/1647 1185/1791/1648 1354/2109/1435 1226/2110/1438
f 1131/1796/1647 1226/2110/1438 1389/2094/1236 1220/1798/1634
f 1132/1793/1649 1321/1794/1638 1397/1880/1449 1266/2049/1595
f 1132/1793/1649 1266/2049/1595 1374/2111/1593 1315/1724/1650
f 1133/1733/1651 1183/1709/1652 1388/2112/1431 1227/2113/1436
f 1133/1733/1651 1227/2113/1436 1354/2109/1435 1185/1791/1648
f 1134/1721/1653 1315/1724/1650 1374/2111/1593 1267/2114/1592
f 1134/2115/1653 1267/2044/1592 1396/2040/1588 1243/2092/1631
f 1135/1711/1654 1319/1714/1640 1395/2100/1577 1261/2116/1576
f 1135/1711/1654 1261/2116/1576 1371/2117/1574 1280/1720/1625
f 1136/1701/1655 1327/1704/1629 1365/2090/1427 1247/2118/1432
f 1136/1701/1655 1247/2118/1432 1388/2112/1431 1183/1709/1652
f 1137/2119/1656 1159/1818/1399 1336/1817/1398 1158/1842/1421
f 1137/2119/1656 1158/1842/1421 1368/1691/1271 1256/1840/1419
f 1137/2119/1656 1256/1840/1419 1355/1827/1408 1155/1826/1407
f 1137/2119/1656 1155/1826/1407 1335/1819/1400 1159/1818/1399
f 1121/2010/1564 1329/1802/1380 1281/1801/1380 1092/1718/1565
f 1412/2120/1657 1416/2121/1658 1417/2122/1659 1413/2123/1660
f 1413/2123/1660 1417/2122/1659 1450/2124/1661 1449/2125/1662
f 1416/2126/1658 1446/2127/1663 1445/2128/1664 1417/2129/1659
f 1417/2129/1659 1445/2128/1664 1466/2130/1665 1450/2131/1661
f 1412/2120/1657 1413/2123/1660 1418/2132/1666 1414/2133/1667
f 1414/2133/1667 1418/2132/1666 1453/2134/1668 1452/2135/1669
f 1413/2123/1660 1449/2125/1662 1448/2136/1670 1418/2132/1666
f 1418/2132/1666 1448/2136/1670 1468/2137/1671 1453/2134/1668
f 1412/2120/1657 1414/2133/1667 1419/2138/1672 1415/2139/1673
f 1415/2139/1673 1419/2138/1672 1456/2140/1674 1455/2141/1675
f 1414/2133/1667 1452/2135/1669 1451/2142/1676 1419/2138/1672
f 1419/2138/1672 1451/2142/1676 1467/2143/1677 1456/2140/1674
f 1412/2120/1657 1415/2139/1673 1420/2144/1678 1416/2121/1658
f 1416/2126/1658 1420/2145/1678 1447/2146/1679 1446/2127/1663
f 1415/2139/1673 1455/2141/1675 1454/2147/1680 1420/2144/1678
f 1420/2145/1678 1454/2148/1680 1465/2149/1681 1447/2146/1679
f 1421/2150/1682 1424/2151/1683 1425/2152/1684 1422/2153/1685
f 1422/2153/1685 1425/2152/1684 1460/2154/1686 1459/2155/1687
f 1424/2156/1683 1455/2141/1675 1456/2140/1674 1425/2157/1684
f 1425/2157/1684 1456/2140/1674 1467/2143/1677 1460/2158/1686
f 1421/2150/1682 1423/2159/1688 1426/2160/1689 1424/2151/1683
f 1424/2156/1683 1426/2161/1689 1454/2147/1680 1455/2141/1675
f 1423/2162/1688 1458/2163/1690 1457/2164/1691 1426/2165/1689
f 1426/2165/1689 1457/2164/1691 1465/2149/1681 1454/2148/1680
f 1427/2166/1692 1430/2167/1693 1431/2168/1694 1428/2169/1695
f 1428/2170/1695 1431/2171/1694 1464/2172/1696 1463/2173/1697
f 1430/2174/1693 1449/2175/1662 1450/2131/1661 1431/2171/1694
f 1431/2171/1694 1450/2131/1661 1466/2130/1665 1464/2172/1696
f 1427/2166/1692 1429/2176/1698 1432/2177/1699 1430/2167/1693
f 1430/2178/1693 1432/2179/1699 1448/2136/1670 1449/2125/1662
f 1429/2176/1698 1462/2180/1700 1461/2181/1701 1432/2177/1699
f 1432/2179/1699 1461/2182/1701 1468/2137/1671 1448/2136/1670
f 1433/2183/1702 1436/2184/1703 1437/2185/1704 1434/2186/1705
f 1434/2187/1705 1437/2188/1704 1461/2182/1701 1462/2189/1700
f 1436/2190/1703 1452/2135/1669 1453/2134/1668 1437/2188/1704
f 1437/2188/1704 1453/2134/1668 1468/2137/1671 1461/2182/1701
f 1433/2183/1702 1435/2191/1706 1438/2192/1707 1436/2184/1703
f 1436/2190/1703 1438/2193/1707 1451/2142/1676 1452/2135/1669
f 1435/2194/1706 1459/2195/1687 1460/2158/1686 1438/2193/1707
f 1438/2193/1707 1460/2158/1686 1467/2143/1677 1451/2142/1676
f 1439/2196/1708 1442/2197/1709 1443/2198/1710 1440/2199/1711
f 1440/2199/1711 1443/2198/1710 1457/2164/1691 1458/2163/1690
f 1442/2197/1709 1446/2127/1663 1447/2146/1679 1443/2198/1710
f 1443/2198/1710 1447/2146/1679 1465/2149/1681 1457/2164/1691
f 1439/2196/1708 1441/2200/1712 1444/2201/1713 1442/2197/1709
f 1442/2197/1709 1444/2201/1713 1445/2128/1664 1446/2127/1663
f 1441/2200/1712 1463/2173/1697 1464/2172/1696 1444/2201/1713
f 1444/2201/1713 1464/2172/1696 1466/2130/1665 1445/2128/1664
f 1469/2202/1714 1470/2203/1715 1474/2204/1716 1473/2205/1717
f 1470/2203/1715 1506/2206/1718 1507/2207/1719 1474/2204/1716
f 1473/2208/1717 1474/2209/1716 1502/2210/1720 1503/2211/1721
f 1474/2209/1716 1507/2212/1719 1523/2213/1722 1502/2210/1720
f 1469/2202/1714 1471/2214/1723 1475/2215/1724 1470/2203/1715
f 1471/2214/1723 1509/2216/1725 1510/2217/1726 1475/2215/1724
f 1470/2203/1715 1475/2215/1724 1505/2218/1727 1506/2206/1718
f 1475/2215/1724 1510/2217/1726 1525/2219/1728 1505/2218/1727
f 1469/2202/1714 1472/2220/1729 1476/2221/1730 1471/2214/1723
f 1472/2220/1729 1512/2222/1731 1513/2223/1732 1476/2221/1730
f 1471/2214/1723 1476/2221/1730 1508/2224/1733 1509/2216/1725
f 1476/2221/1730 1513/2223/1732 1524/2225/1734 1508/2224/1733
f 1469/2202/1714 1473/2205/1717 1477/2226/1735 1472/2220/1729
f 1473/2208/1717 1503/2211/1721 1504/2227/1736 1477/2228/1735
f 1472/2220/1729 1477/2226/1735 1511/2229/1737 1512/2222/1731
f 1477/2226/1735 1504/2230/1736 1522/2231/1738 1511/2229/1737
f 1478/2232/1739 1479/2233/1740 1482/2234/1741 1481/2235/1742
f 1479/2236/1740 1516/2237/1743 1517/2238/1744 1482/2239/1741
f 1481/2240/1742 1482/2239/1741 1513/2223/1732 1512/2222/1731
f 1482/2239/1741 1517/2238/1744 1524/2225/1734 1513/2223/1732
f 1478/2232/1739 1481/2235/1742 1483/2241/1745 1480/2242/1746
f 1481/2240/1742 1512/2222/1731 1511/2229/1737 1483/2243/1745
f 1480/2242/1746 1483/2241/1745 1514/2244/1747 1515/2245/1748
f 1483/2241/1745 1511/2246/1737 1522/2247/1738 1514/2244/1747
f 1484/2248/1749 1485/2249/1750 1488/2250/1751 1487/2251/1752
f 1485/2252/1750 1520/2253/1753 1521/2254/1754 1488/2255/1751
f 1487/2256/1752 1488/2257/1751 1507/2207/1719 1506/2206/1718
f 1488/2255/1751 1521/2254/1754 1523/2213/1722 1507/2212/1719
f 1484/2248/1749 1487/2251/1752 1489/2258/1755 1486/2259/1756
f 1487/2256/1752 1506/2206/1718 1505/2218/1727 1489/2260/1755
f 1486/2261/1756 1489/2260/1755 1518/2262/1757 1519/2263/1758
f 1489/2260/1755 1505/2218/1727 1525/2219/1728 1518/2262/1757
f 1490/2264/1759 1491/2265/1760 1494/2266/1761 1493/2267/1762
f 1491/2265/1760 1519/2268/1758 1518/2269/1757 1494/2266/1761
f 1493/2270/1762 1494/2271/1761 1510/2217/1726 1509/2216/1725
f 1494/2271/1761 1518/2262/1757 1525/2219/1728 1510/2217/1726
f 1490/2264/1759 1493/2267/1762 1495/2272/1763 1492/2273/1764
f 1493/2270/1762 1509/2216/1725 1508/2224/1733 1495/2274/1763
f 1492/2273/1764 1495/2272/1763 1517/2275/1744 1516/2276/1743
f 1495/2274/1763 1508/2224/1733 1524/2225/1734 1517/2238/1744
f 1496/2277/1765 1497/2278/1766 1500/2279/1767 1499/2280/1768
f 1497/2278/1766 1515/2281/1748 1514/2282/1747 1500/2279/1767
f 1499/2280/1768 1500/2279/1767 1504/2227/1736 1503/2211/1721
f 1500/2279/1767 1514/2282/1747 1522/2283/1738 1504/2227/1736
f 1496/2277/1765 1499/2280/1768 1501/2284/1769 1498/2285/1770
f 1499/2280/1768 1503/2211/1721 1502/2210/1720 1501/2284/1769
f 1498/2285/1770 1501/2284/1769 1521/2254/1754 1520/2253/1753
f 1501/2284/1769 1502/2210/1720 1523/2213/1722 1521/2254/1754
